instituicao,edicao,candidatura_id,cenario_teste,membro_id,relacao,idade,ocupacao,categoria_documental,tipo_documento,regra_aplicabilidade,obrigatoriedade,arquivo_id,status_documento,competencia,valor_declarado,valor_extraido,confianca_extracao,pendencia_esperada,revisao_humana_esperada,nivel_confirmacao_fonte
bom_aluno_bh,selecao_2026,BOM-SYN-0001,inscricao_inicial_completa,BOM-SYN-0001-M1,candidato,12,estudante,inscricao,ficha_inscricao,todo_candidato,obrigatorio,BOM-DOC-000001,ok,2026,nao_se_aplica,nao_se_aplica,0.97,nenhuma,nao,confirmado
bom_aluno_bh,selecao_2026,BOM-SYN-0001,inscricao_inicial_completa,BOM-SYN-0001-M1,candidato,12,estudante,escolar,boletim_ano_anterior,todo_candidato,obrigatorio,BOM-DOC-000002,ok,2025,nao_se_aplica,nao_se_aplica,0.97,nenhuma,nao,confirmado
bom_aluno_bh,selecao_2026,BOM-SYN-0001,inscricao_inicial_completa,BOM-SYN-0001-M1,candidato,12,estudante,escolar,boletim_ano_atual,todo_candidato,obrigatorio,BOM-DOC-000003,ok,2026_bimestres_disponiveis,nao_se_aplica,nao_se_aplica,0.97,nenhuma,nao,confirmado
bom_aluno_bh,selecao_2026,BOM-SYN-0001,inscricao_inicial_completa,BOM-SYN-0001-M2,responsavel,31,responsavel_familiar,cadastro_social,folha_resumo_cadunico,familia_inscrita_no_cadunico,preferencial,BOM-DOC-000004,ok,atual,nao_se_aplica,nao_se_aplica,0.97,nenhuma,sim,parcial
bom_aluno_bh,selecao_2026,BOM-SYN-0001,inscricao_inicial_completa,BOM-SYN-0001-M1,candidato,12,estudante,identificacao,certidao_ou_rg_candidato,lista_detalhada_nao_publicada,a_validar,BOM-DOC-000005,ok,periodo_a_validar,nao_se_aplica,nao_se_aplica,0.97,nenhuma,sim,hipotese
bom_aluno_bh,selecao_2026,BOM-SYN-0002,boletim_atual_faltante,BOM-SYN-0002-M1,candidato,11,estudante,inscricao,ficha_inscricao,todo_candidato,obrigatorio,BOM-DOC-000006,ok,2026,nao_se_aplica,nao_se_aplica,0.97,nenhuma,nao,confirmado
bom_aluno_bh,selecao_2026,BOM-SYN-0002,boletim_atual_faltante,BOM-SYN-0002-M1,candidato,11,estudante,escolar,boletim_ano_anterior,todo_candidato,obrigatorio,BOM-DOC-000007,ok,2025,nao_se_aplica,nao_se_aplica,0.97,nenhuma,nao,confirmado
bom_aluno_bh,selecao_2026,BOM-SYN-0002,boletim_atual_faltante,BOM-SYN-0002-M1,candidato,11,estudante,escolar,boletim_ano_atual,todo_candidato,obrigatorio,ausente,faltante,2026_bimestres_disponiveis,nao_se_aplica,nao_se_aplica,0.00,solicitar_documento_faltante,sim,confirmado
bom_aluno_bh,selecao_2026,BOM-SYN-0002,boletim_atual_faltante,BOM-SYN-0002-M2,responsavel,32,responsavel_familiar,cadastro_social,folha_resumo_cadunico,familia_inscrita_no_cadunico,preferencial,BOM-DOC-000009,ok,atual,nao_se_aplica,nao_se_aplica,0.97,nenhuma,sim,parcial
bom_aluno_bh,selecao_2026,BOM-SYN-0002,boletim_atual_faltante,BOM-SYN-0002-M2,responsavel,32,responsavel_familiar,identificacao,rg_cpf_responsavel,lista_detalhada_nao_publicada,a_validar,BOM-DOC-000010,ok,periodo_a_validar,nao_se_aplica,nao_se_aplica,0.97,nenhuma,sim,hipotese
bom_aluno_bh,selecao_2026,BOM-SYN-0003,boletim_anterior_ilegivel,BOM-SYN-0003-M1,candidato,12,estudante,inscricao,ficha_inscricao,todo_candidato,obrigatorio,BOM-DOC-000011,ok,2026,nao_se_aplica,nao_se_aplica,0.97,nenhuma,nao,confirmado
bom_aluno_bh,selecao_2026,BOM-SYN-0003,boletim_anterior_ilegivel,BOM-SYN-0003-M1,candidato,12,estudante,escolar,boletim_ano_anterior,todo_candidato,obrigatorio,BOM-DOC-000012,ilegivel,2025,nao_se_aplica,nao_se_aplica,0.28,solicitar_arquivo_legivel,sim,confirmado
bom_aluno_bh,selecao_2026,BOM-SYN-0003,boletim_anterior_ilegivel,BOM-SYN-0003-M1,candidato,12,estudante,escolar,boletim_ano_atual,todo_candidato,obrigatorio,BOM-DOC-000013,ok,2026_bimestres_disponiveis,nao_se_aplica,nao_se_aplica,0.97,nenhuma,nao,confirmado
bom_aluno_bh,selecao_2026,BOM-SYN-0003,boletim_anterior_ilegivel,BOM-SYN-0003-M2,responsavel,33,responsavel_familiar,cadastro_social,folha_resumo_cadunico,familia_inscrita_no_cadunico,preferencial,BOM-DOC-000014,ok,atual,nao_se_aplica,nao_se_aplica,0.97,nenhuma,sim,parcial
bom_aluno_bh,selecao_2026,BOM-SYN-0003,boletim_anterior_ilegivel,BOM-SYN-0003-M2,responsavel,33,responsavel_familiar,residencia,comprovante_endereco,lista_detalhada_nao_publicada,a_validar,BOM-DOC-000015,ok,periodo_a_validar,nao_se_aplica,nao_se_aplica,0.97,nenhuma,sim,hipotese
bom_aluno_bh,selecao_2026,BOM-SYN-0004,boletim_atual_incompleto,BOM-SYN-0004-M1,candidato,11,estudante,inscricao,ficha_inscricao,todo_candidato,obrigatorio,BOM-DOC-000016,ok,2026,nao_se_aplica,nao_se_aplica,0.97,nenhuma,nao,confirmado
bom_aluno_bh,selecao_2026,BOM-SYN-0004,boletim_atual_incompleto,BOM-SYN-0004-M1,candidato,11,estudante,escolar,boletim_ano_anterior,todo_candidato,obrigatorio,BOM-DOC-000017,ok,2025,nao_se_aplica,nao_se_aplica,0.97,nenhuma,nao,confirmado
bom_aluno_bh,selecao_2026,BOM-SYN-0004,boletim_atual_incompleto,BOM-SYN-0004-M1,candidato,11,estudante,escolar,boletim_ano_atual,todo_candidato,obrigatorio,BOM-DOC-000018,periodo_incompleto,2026_bimestres_disponiveis,nao_se_aplica,nao_se_aplica,0.89,solicitar_competencias_ausentes,sim,confirmado
bom_aluno_bh,selecao_2026,BOM-SYN-0004,boletim_atual_incompleto,BOM-SYN-0004-M2,responsavel,34,responsavel_familiar,cadastro_social,folha_resumo_cadunico,familia_inscrita_no_cadunico,preferencial,BOM-DOC-000019,ok,atual,nao_se_aplica,nao_se_aplica,0.97,nenhuma,sim,parcial
bom_aluno_bh,selecao_2026,BOM-SYN-0004,boletim_atual_incompleto,BOM-SYN-0004-M2,responsavel,34,responsavel_familiar,renda,comprovante_renda_familiar,criterio_de_renda_publicado_documento_nao_enumerado,a_validar,BOM-DOC-000020,ok,periodo_a_validar,1998.00,1998.00,0.97,nenhuma,sim,hipotese
bom_aluno_bh,selecao_2026,BOM-SYN-0005,renda_declarada_divergente,BOM-SYN-0005-M1,candidato,12,estudante,inscricao,ficha_inscricao,todo_candidato,obrigatorio,BOM-DOC-000021,ok,2026,nao_se_aplica,nao_se_aplica,0.97,nenhuma,nao,confirmado
bom_aluno_bh,selecao_2026,BOM-SYN-0005,renda_declarada_divergente,BOM-SYN-0005-M1,candidato,12,estudante,escolar,boletim_ano_anterior,todo_candidato,obrigatorio,BOM-DOC-000022,ok,2025,nao_se_aplica,nao_se_aplica,0.97,nenhuma,nao,confirmado
bom_aluno_bh,selecao_2026,BOM-SYN-0005,renda_declarada_divergente,BOM-SYN-0005-M1,candidato,12,estudante,escolar,boletim_ano_atual,todo_candidato,obrigatorio,BOM-DOC-000023,ok,2026_bimestres_disponiveis,nao_se_aplica,nao_se_aplica,0.97,nenhuma,nao,confirmado
bom_aluno_bh,selecao_2026,BOM-SYN-0005,renda_declarada_divergente,BOM-SYN-0005-M2,responsavel,35,responsavel_familiar,cadastro_social,folha_resumo_cadunico,familia_inscrita_no_cadunico,preferencial,BOM-DOC-000024,ok,atual,nao_se_aplica,nao_se_aplica,0.97,nenhuma,sim,parcial
bom_aluno_bh,selecao_2026,BOM-SYN-0005,renda_declarada_divergente,BOM-SYN-0005-M2,responsavel,35,responsavel_familiar,renda,comprovante_renda_familiar,criterio_de_renda_publicado_documento_nao_enumerado,a_validar,BOM-DOC-000025,divergente,periodo_a_validar,2135.00,2785.00,0.93,comparar_declaracao_e_documento,sim,hipotese
bom_aluno_bh,selecao_2026,BOM-SYN-0006,cadunico_desatualizado,BOM-SYN-0006-M1,candidato,11,estudante,inscricao,ficha_inscricao,todo_candidato,obrigatorio,BOM-DOC-000026,ok,2026,nao_se_aplica,nao_se_aplica,0.97,nenhuma,nao,confirmado
bom_aluno_bh,selecao_2026,BOM-SYN-0006,cadunico_desatualizado,BOM-SYN-0006-M1,candidato,11,estudante,escolar,boletim_ano_anterior,todo_candidato,obrigatorio,BOM-DOC-000027,ok,2025,nao_se_aplica,nao_se_aplica,0.97,nenhuma,nao,confirmado
bom_aluno_bh,selecao_2026,BOM-SYN-0006,cadunico_desatualizado,BOM-SYN-0006-M1,candidato,11,estudante,escolar,boletim_ano_atual,todo_candidato,obrigatorio,BOM-DOC-000028,ok,2026_bimestres_disponiveis,nao_se_aplica,nao_se_aplica,0.97,nenhuma,nao,confirmado
bom_aluno_bh,selecao_2026,BOM-SYN-0006,cadunico_desatualizado,BOM-SYN-0006-M2,responsavel,36,responsavel_familiar,cadastro_social,folha_resumo_cadunico,familia_inscrita_no_cadunico,preferencial,BOM-DOC-000029,desatualizado,atual,nao_se_aplica,nao_se_aplica,0.95,solicitar_documento_atualizado,sim,parcial
bom_aluno_bh,selecao_2026,BOM-SYN-0006,cadunico_desatualizado,BOM-SYN-0006-M2,responsavel,36,responsavel_familiar,identificacao,rg_cpf_responsavel,lista_detalhada_nao_publicada,a_validar,BOM-DOC-000030,ok,periodo_a_validar,nao_se_aplica,nao_se_aplica,0.97,nenhuma,sim,hipotese
bom_aluno_bh,selecao_2026,BOM-SYN-0007,inscricao_inicial_completa,BOM-SYN-0007-M1,candidato,12,estudante,inscricao,ficha_inscricao,todo_candidato,obrigatorio,BOM-DOC-000031,ok,2026,nao_se_aplica,nao_se_aplica,0.97,nenhuma,nao,confirmado
bom_aluno_bh,selecao_2026,BOM-SYN-0007,inscricao_inicial_completa,BOM-SYN-0007-M1,candidato,12,estudante,escolar,boletim_ano_anterior,todo_candidato,obrigatorio,BOM-DOC-000032,ok,2025,nao_se_aplica,nao_se_aplica,0.97,nenhuma,nao,confirmado
bom_aluno_bh,selecao_2026,BOM-SYN-0007,inscricao_inicial_completa,BOM-SYN-0007-M1,candidato,12,estudante,escolar,boletim_ano_atual,todo_candidato,obrigatorio,BOM-DOC-000033,ok,2026_bimestres_disponiveis,nao_se_aplica,nao_se_aplica,0.97,nenhuma,nao,confirmado
bom_aluno_bh,selecao_2026,BOM-SYN-0007,inscricao_inicial_completa,BOM-SYN-0007-M2,responsavel,37,responsavel_familiar,cadastro_social,folha_resumo_cadunico,familia_inscrita_no_cadunico,preferencial,BOM-DOC-000034,ok,atual,nao_se_aplica,nao_se_aplica,0.97,nenhuma,sim,parcial
bom_aluno_bh,selecao_2026,BOM-SYN-0007,inscricao_inicial_completa,BOM-SYN-0007-M2,responsavel,37,responsavel_familiar,residencia,comprovante_endereco,lista_detalhada_nao_publicada,a_validar,BOM-DOC-000035,ok,periodo_a_validar,nao_se_aplica,nao_se_aplica,0.97,nenhuma,sim,hipotese
bom_aluno_bh,selecao_2026,BOM-SYN-0008,boletim_atual_faltante,BOM-SYN-0008-M1,candidato,11,estudante,inscricao,ficha_inscricao,todo_candidato,obrigatorio,BOM-DOC-000036,ok,2026,nao_se_aplica,nao_se_aplica,0.97,nenhuma,nao,confirmado
bom_aluno_bh,selecao_2026,BOM-SYN-0008,boletim_atual_faltante,BOM-SYN-0008-M1,candidato,11,estudante,escolar,boletim_ano_anterior,todo_candidato,obrigatorio,BOM-DOC-000037,ok,2025,nao_se_aplica,nao_se_aplica,0.97,nenhuma,nao,confirmado
bom_aluno_bh,selecao_2026,BOM-SYN-0008,boletim_atual_faltante,BOM-SYN-0008-M1,candidato,11,estudante,escolar,boletim_ano_atual,todo_candidato,obrigatorio,ausente,faltante,2026_bimestres_disponiveis,nao_se_aplica,nao_se_aplica,0.00,solicitar_documento_faltante,sim,confirmado
bom_aluno_bh,selecao_2026,BOM-SYN-0008,boletim_atual_faltante,BOM-SYN-0008-M2,responsavel,38,responsavel_familiar,cadastro_social,folha_resumo_cadunico,familia_inscrita_no_cadunico,preferencial,BOM-DOC-000039,ok,atual,nao_se_aplica,nao_se_aplica,0.97,nenhuma,sim,parcial
bom_aluno_bh,selecao_2026,BOM-SYN-0008,boletim_atual_faltante,BOM-SYN-0008-M2,responsavel,38,responsavel_familiar,renda,comprovante_renda_familiar,criterio_de_renda_publicado_documento_nao_enumerado,a_validar,BOM-DOC-000040,ok,periodo_a_validar,2546.00,2546.00,0.97,nenhuma,sim,hipotese
bom_aluno_bh,selecao_2026,BOM-SYN-0009,boletim_anterior_ilegivel,BOM-SYN-0009-M1,candidato,12,estudante,inscricao,ficha_inscricao,todo_candidato,obrigatorio,BOM-DOC-000041,ok,2026,nao_se_aplica,nao_se_aplica,0.97,nenhuma,nao,confirmado
bom_aluno_bh,selecao_2026,BOM-SYN-0009,boletim_anterior_ilegivel,BOM-SYN-0009-M1,candidato,12,estudante,escolar,boletim_ano_anterior,todo_candidato,obrigatorio,BOM-DOC-000042,ilegivel,2025,nao_se_aplica,nao_se_aplica,0.28,solicitar_arquivo_legivel,sim,confirmado
bom_aluno_bh,selecao_2026,BOM-SYN-0009,boletim_anterior_ilegivel,BOM-SYN-0009-M1,candidato,12,estudante,escolar,boletim_ano_atual,todo_candidato,obrigatorio,BOM-DOC-000043,ok,2026_bimestres_disponiveis,nao_se_aplica,nao_se_aplica,0.97,nenhuma,nao,confirmado
bom_aluno_bh,selecao_2026,BOM-SYN-0009,boletim_anterior_ilegivel,BOM-SYN-0009-M2,responsavel,39,responsavel_familiar,cadastro_social,folha_resumo_cadunico,familia_inscrita_no_cadunico,preferencial,BOM-DOC-000044,ok,atual,nao_se_aplica,nao_se_aplica,0.97,nenhuma,sim,parcial
bom_aluno_bh,selecao_2026,BOM-SYN-0009,boletim_anterior_ilegivel,BOM-SYN-0009-M1,candidato,12,estudante,identificacao,certidao_ou_rg_candidato,lista_detalhada_nao_publicada,a_validar,BOM-DOC-000045,ok,periodo_a_validar,nao_se_aplica,nao_se_aplica,0.97,nenhuma,sim,hipotese
bom_aluno_bh,selecao_2026,BOM-SYN-0010,boletim_atual_incompleto,BOM-SYN-0010-M1,candidato,11,estudante,inscricao,ficha_inscricao,todo_candidato,obrigatorio,BOM-DOC-000046,ok,2026,nao_se_aplica,nao_se_aplica,0.97,nenhuma,nao,confirmado
bom_aluno_bh,selecao_2026,BOM-SYN-0010,boletim_atual_incompleto,BOM-SYN-0010-M1,candidato,11,estudante,escolar,boletim_ano_anterior,todo_candidato,obrigatorio,BOM-DOC-000047,ok,2025,nao_se_aplica,nao_se_aplica,0.97,nenhuma,nao,confirmado
bom_aluno_bh,selecao_2026,BOM-SYN-0010,boletim_atual_incompleto,BOM-SYN-0010-M1,candidato,11,estudante,escolar,boletim_ano_atual,todo_candidato,obrigatorio,BOM-DOC-000048,periodo_incompleto,2026_bimestres_disponiveis,nao_se_aplica,nao_se_aplica,0.89,solicitar_competencias_ausentes,sim,confirmado
bom_aluno_bh,selecao_2026,BOM-SYN-0010,boletim_atual_incompleto,BOM-SYN-0010-M2,responsavel,40,responsavel_familiar,cadastro_social,folha_resumo_cadunico,familia_inscrita_no_cadunico,preferencial,BOM-DOC-000049,ok,atual,nao_se_aplica,nao_se_aplica,0.97,nenhuma,sim,parcial
bom_aluno_bh,selecao_2026,BOM-SYN-0010,boletim_atual_incompleto,BOM-SYN-0010-M2,responsavel,40,responsavel_familiar,identificacao,rg_cpf_responsavel,lista_detalhada_nao_publicada,a_validar,BOM-DOC-000050,ok,periodo_a_validar,nao_se_aplica,nao_se_aplica,0.97,nenhuma,sim,hipotese
bom_aluno_bh,selecao_2026,BOM-SYN-0011,renda_declarada_divergente,BOM-SYN-0011-M1,candidato,12,estudante,inscricao,ficha_inscricao,todo_candidato,obrigatorio,BOM-DOC-000051,ok,2026,nao_se_aplica,nao_se_aplica,0.97,nenhuma,nao,confirmado
bom_aluno_bh,selecao_2026,BOM-SYN-0011,renda_declarada_divergente,BOM-SYN-0011-M1,candidato,12,estudante,escolar,boletim_ano_anterior,todo_candidato,obrigatorio,BOM-DOC-000052,ok,2025,nao_se_aplica,nao_se_aplica,0.97,nenhuma,nao,confirmado
bom_aluno_bh,selecao_2026,BOM-SYN-0011,renda_declarada_divergente,BOM-SYN-0011-M1,candidato,12,estudante,escolar,boletim_ano_atual,todo_candidato,obrigatorio,BOM-DOC-000053,ok,2026_bimestres_disponiveis,nao_se_aplica,nao_se_aplica,0.97,nenhuma,nao,confirmado
bom_aluno_bh,selecao_2026,BOM-SYN-0011,renda_declarada_divergente,BOM-SYN-0011-M2,responsavel,41,responsavel_familiar,cadastro_social,folha_resumo_cadunico,familia_inscrita_no_cadunico,preferencial,BOM-DOC-000054,ok,atual,nao_se_aplica,nao_se_aplica,0.97,nenhuma,sim,parcial
bom_aluno_bh,selecao_2026,BOM-SYN-0011,renda_declarada_divergente,BOM-SYN-0011-M2,responsavel,41,responsavel_familiar,renda,comprovante_renda_familiar,criterio_de_renda_publicado_documento_nao_enumerado,a_validar,BOM-DOC-000055,divergente,periodo_a_validar,2957.00,3607.00,0.93,comparar_declaracao_e_documento,sim,hipotese
bom_aluno_bh,selecao_2026,BOM-SYN-0012,cadunico_desatualizado,BOM-SYN-0012-M1,candidato,11,estudante,inscricao,ficha_inscricao,todo_candidato,obrigatorio,BOM-DOC-000056,ok,2026,nao_se_aplica,nao_se_aplica,0.97,nenhuma,nao,confirmado
bom_aluno_bh,selecao_2026,BOM-SYN-0012,cadunico_desatualizado,BOM-SYN-0012-M1,candidato,11,estudante,escolar,boletim_ano_anterior,todo_candidato,obrigatorio,BOM-DOC-000057,ok,2025,nao_se_aplica,nao_se_aplica,0.97,nenhuma,nao,confirmado
bom_aluno_bh,selecao_2026,BOM-SYN-0012,cadunico_desatualizado,BOM-SYN-0012-M1,candidato,11,estudante,escolar,boletim_ano_atual,todo_candidato,obrigatorio,BOM-DOC-000058,ok,2026_bimestres_disponiveis,nao_se_aplica,nao_se_aplica,0.97,nenhuma,nao,confirmado
bom_aluno_bh,selecao_2026,BOM-SYN-0012,cadunico_desatualizado,BOM-SYN-0012-M2,responsavel,42,responsavel_familiar,cadastro_social,folha_resumo_cadunico,familia_inscrita_no_cadunico,preferencial,BOM-DOC-000059,desatualizado,atual,nao_se_aplica,nao_se_aplica,0.95,solicitar_documento_atualizado,sim,parcial
bom_aluno_bh,selecao_2026,BOM-SYN-0012,cadunico_desatualizado,BOM-SYN-0012-M2,responsavel,42,responsavel_familiar,renda,comprovante_renda_familiar,criterio_de_renda_publicado_documento_nao_enumerado,a_validar,BOM-DOC-000060,ok,periodo_a_validar,3094.00,3094.00,0.97,nenhuma,sim,hipotese
bom_aluno_bh,selecao_2026,BOM-SYN-0013,inscricao_inicial_completa,BOM-SYN-0013-M1,candidato,12,estudante,inscricao,ficha_inscricao,todo_candidato,obrigatorio,BOM-DOC-000061,ok,2026,nao_se_aplica,nao_se_aplica,0.97,nenhuma,nao,confirmado
bom_aluno_bh,selecao_2026,BOM-SYN-0013,inscricao_inicial_completa,BOM-SYN-0013-M1,candidato,12,estudante,escolar,boletim_ano_anterior,todo_candidato,obrigatorio,BOM-DOC-000062,ok,2025,nao_se_aplica,nao_se_aplica,0.97,nenhuma,nao,confirmado
bom_aluno_bh,selecao_2026,BOM-SYN-0013,inscricao_inicial_completa,BOM-SYN-0013-M1,candidato,12,estudante,escolar,boletim_ano_atual,todo_candidato,obrigatorio,BOM-DOC-000063,ok,2026_bimestres_disponiveis,nao_se_aplica,nao_se_aplica,0.97,nenhuma,nao,confirmado
bom_aluno_bh,selecao_2026,BOM-SYN-0013,inscricao_inicial_completa,BOM-SYN-0013-M2,responsavel,43,responsavel_familiar,cadastro_social,folha_resumo_cadunico,familia_inscrita_no_cadunico,preferencial,BOM-DOC-000064,ok,atual,nao_se_aplica,nao_se_aplica,0.97,nenhuma,sim,parcial
bom_aluno_bh,selecao_2026,BOM-SYN-0013,inscricao_inicial_completa,BOM-SYN-0013-M1,candidato,12,estudante,identificacao,certidao_ou_rg_candidato,lista_detalhada_nao_publicada,a_validar,BOM-DOC-000065,ok,periodo_a_validar,nao_se_aplica,nao_se_aplica,0.97,nenhuma,sim,hipotese
bom_aluno_bh,selecao_2026,BOM-SYN-0014,boletim_atual_faltante,BOM-SYN-0014-M1,candidato,11,estudante,inscricao,ficha_inscricao,todo_candidato,obrigatorio,BOM-DOC-000066,ok,2026,nao_se_aplica,nao_se_aplica,0.97,nenhuma,nao,confirmado
bom_aluno_bh,selecao_2026,BOM-SYN-0014,boletim_atual_faltante,BOM-SYN-0014-M1,candidato,11,estudante,escolar,boletim_ano_anterior,todo_candidato,obrigatorio,BOM-DOC-000067,ok,2025,nao_se_aplica,nao_se_aplica,0.97,nenhuma,nao,confirmado
bom_aluno_bh,selecao_2026,BOM-SYN-0014,boletim_atual_faltante,BOM-SYN-0014-M1,candidato,11,estudante,escolar,boletim_ano_atual,todo_candidato,obrigatorio,ausente,faltante,2026_bimestres_disponiveis,nao_se_aplica,nao_se_aplica,0.00,solicitar_documento_faltante,sim,confirmado
bom_aluno_bh,selecao_2026,BOM-SYN-0014,boletim_atual_faltante,BOM-SYN-0014-M2,responsavel,44,responsavel_familiar,cadastro_social,folha_resumo_cadunico,familia_inscrita_no_cadunico,preferencial,BOM-DOC-000069,ok,atual,nao_se_aplica,nao_se_aplica,0.97,nenhuma,sim,parcial
bom_aluno_bh,selecao_2026,BOM-SYN-0014,boletim_atual_faltante,BOM-SYN-0014-M2,responsavel,44,responsavel_familiar,identificacao,rg_cpf_responsavel,lista_detalhada_nao_publicada,a_validar,BOM-DOC-000070,ok,periodo_a_validar,nao_se_aplica,nao_se_aplica,0.97,nenhuma,sim,hipotese
bom_aluno_bh,selecao_2026,BOM-SYN-0015,boletim_anterior_ilegivel,BOM-SYN-0015-M1,candidato,12,estudante,inscricao,ficha_inscricao,todo_candidato,obrigatorio,BOM-DOC-000071,ok,2026,nao_se_aplica,nao_se_aplica,0.97,nenhuma,nao,confirmado
bom_aluno_bh,selecao_2026,BOM-SYN-0015,boletim_anterior_ilegivel,BOM-SYN-0015-M1,candidato,12,estudante,escolar,boletim_ano_anterior,todo_candidato,obrigatorio,BOM-DOC-000072,ilegivel,2025,nao_se_aplica,nao_se_aplica,0.28,solicitar_arquivo_legivel,sim,confirmado
bom_aluno_bh,selecao_2026,BOM-SYN-0015,boletim_anterior_ilegivel,BOM-SYN-0015-M1,candidato,12,estudante,escolar,boletim_ano_atual,todo_candidato,obrigatorio,BOM-DOC-000073,ok,2026_bimestres_disponiveis,nao_se_aplica,nao_se_aplica,0.97,nenhuma,nao,confirmado
bom_aluno_bh,selecao_2026,BOM-SYN-0015,boletim_anterior_ilegivel,BOM-SYN-0015-M2,responsavel,45,responsavel_familiar,cadastro_social,folha_resumo_cadunico,familia_inscrita_no_cadunico,preferencial,BOM-DOC-000074,ok,atual,nao_se_aplica,nao_se_aplica,0.97,nenhuma,sim,parcial
bom_aluno_bh,selecao_2026,BOM-SYN-0015,boletim_anterior_ilegivel,BOM-SYN-0015-M2,responsavel,45,responsavel_familiar,residencia,comprovante_endereco,lista_detalhada_nao_publicada,a_validar,BOM-DOC-000075,ok,periodo_a_validar,nao_se_aplica,nao_se_aplica,0.97,nenhuma,sim,hipotese
bom_aluno_bh,selecao_2026,BOM-SYN-0016,boletim_atual_incompleto,BOM-SYN-0016-M1,candidato,11,estudante,inscricao,ficha_inscricao,todo_candidato,obrigatorio,BOM-DOC-000076,ok,2026,nao_se_aplica,nao_se_aplica,0.97,nenhuma,nao,confirmado
bom_aluno_bh,selecao_2026,BOM-SYN-0016,boletim_atual_incompleto,BOM-SYN-0016-M1,candidato,11,estudante,escolar,boletim_ano_anterior,todo_candidato,obrigatorio,BOM-DOC-000077,ok,2025,nao_se_aplica,nao_se_aplica,0.97,nenhuma,nao,confirmado
bom_aluno_bh,selecao_2026,BOM-SYN-0016,boletim_atual_incompleto,BOM-SYN-0016-M1,candidato,11,estudante,escolar,boletim_ano_atual,todo_candidato,obrigatorio,BOM-DOC-000078,periodo_incompleto,2026_bimestres_disponiveis,nao_se_aplica,nao_se_aplica,0.89,solicitar_competencias_ausentes,sim,confirmado
bom_aluno_bh,selecao_2026,BOM-SYN-0016,boletim_atual_incompleto,BOM-SYN-0016-M2,responsavel,46,responsavel_familiar,cadastro_social,folha_resumo_cadunico,familia_inscrita_no_cadunico,preferencial,BOM-DOC-000079,ok,atual,nao_se_aplica,nao_se_aplica,0.97,nenhuma,sim,parcial
bom_aluno_bh,selecao_2026,BOM-SYN-0016,boletim_atual_incompleto,BOM-SYN-0016-M2,responsavel,46,responsavel_familiar,renda,comprovante_renda_familiar,criterio_de_renda_publicado_documento_nao_enumerado,a_validar,BOM-DOC-000080,ok,periodo_a_validar,3642.00,3642.00,0.97,nenhuma,sim,hipotese
bom_aluno_bh,selecao_2026,BOM-SYN-0017,renda_declarada_divergente,BOM-SYN-0017-M1,candidato,12,estudante,inscricao,ficha_inscricao,todo_candidato,obrigatorio,BOM-DOC-000081,ok,2026,nao_se_aplica,nao_se_aplica,0.97,nenhuma,nao,confirmado
bom_aluno_bh,selecao_2026,BOM-SYN-0017,renda_declarada_divergente,BOM-SYN-0017-M1,candidato,12,estudante,escolar,boletim_ano_anterior,todo_candidato,obrigatorio,BOM-DOC-000082,ok,2025,nao_se_aplica,nao_se_aplica,0.97,nenhuma,nao,confirmado
bom_aluno_bh,selecao_2026,BOM-SYN-0017,renda_declarada_divergente,BOM-SYN-0017-M1,candidato,12,estudante,escolar,boletim_ano_atual,todo_candidato,obrigatorio,BOM-DOC-000083,ok,2026_bimestres_disponiveis,nao_se_aplica,nao_se_aplica,0.97,nenhuma,nao,confirmado
bom_aluno_bh,selecao_2026,BOM-SYN-0017,renda_declarada_divergente,BOM-SYN-0017-M2,responsavel,47,responsavel_familiar,cadastro_social,folha_resumo_cadunico,familia_inscrita_no_cadunico,preferencial,BOM-DOC-000084,ok,atual,nao_se_aplica,nao_se_aplica,0.97,nenhuma,sim,parcial
bom_aluno_bh,selecao_2026,BOM-SYN-0017,renda_declarada_divergente,BOM-SYN-0017-M2,responsavel,47,responsavel_familiar,renda,comprovante_renda_familiar,criterio_de_renda_publicado_documento_nao_enumerado,a_validar,BOM-DOC-000085,divergente,periodo_a_validar,3779.00,4429.00,0.93,comparar_declaracao_e_documento,sim,hipotese
bom_aluno_bh,selecao_2026,BOM-SYN-0018,cadunico_desatualizado,BOM-SYN-0018-M1,candidato,11,estudante,inscricao,ficha_inscricao,todo_candidato,obrigatorio,BOM-DOC-000086,ok,2026,nao_se_aplica,nao_se_aplica,0.97,nenhuma,nao,confirmado
bom_aluno_bh,selecao_2026,BOM-SYN-0018,cadunico_desatualizado,BOM-SYN-0018-M1,candidato,11,estudante,escolar,boletim_ano_anterior,todo_candidato,obrigatorio,BOM-DOC-000087,ok,2025,nao_se_aplica,nao_se_aplica,0.97,nenhuma,nao,confirmado
bom_aluno_bh,selecao_2026,BOM-SYN-0018,cadunico_desatualizado,BOM-SYN-0018-M1,candidato,11,estudante,escolar,boletim_ano_atual,todo_candidato,obrigatorio,BOM-DOC-000088,ok,2026_bimestres_disponiveis,nao_se_aplica,nao_se_aplica,0.97,nenhuma,nao,confirmado
bom_aluno_bh,selecao_2026,BOM-SYN-0018,cadunico_desatualizado,BOM-SYN-0018-M2,responsavel,48,responsavel_familiar,cadastro_social,folha_resumo_cadunico,familia_inscrita_no_cadunico,preferencial,BOM-DOC-000089,desatualizado,atual,nao_se_aplica,nao_se_aplica,0.95,solicitar_documento_atualizado,sim,parcial
bom_aluno_bh,selecao_2026,BOM-SYN-0018,cadunico_desatualizado,BOM-SYN-0018-M2,responsavel,48,responsavel_familiar,identificacao,rg_cpf_responsavel,lista_detalhada_nao_publicada,a_validar,BOM-DOC-000090,ok,periodo_a_validar,nao_se_aplica,nao_se_aplica,0.97,nenhuma,sim,hipotese
bom_aluno_bh,selecao_2026,BOM-SYN-0019,inscricao_inicial_completa,BOM-SYN-0019-M1,candidato,12,estudante,inscricao,ficha_inscricao,todo_candidato,obrigatorio,BOM-DOC-000091,ok,2026,nao_se_aplica,nao_se_aplica,0.97,nenhuma,nao,confirmado
bom_aluno_bh,selecao_2026,BOM-SYN-0019,inscricao_inicial_completa,BOM-SYN-0019-M1,candidato,12,estudante,escolar,boletim_ano_anterior,todo_candidato,obrigatorio,BOM-DOC-000092,ok,2025,nao_se_aplica,nao_se_aplica,0.97,nenhuma,nao,confirmado
bom_aluno_bh,selecao_2026,BOM-SYN-0019,inscricao_inicial_completa,BOM-SYN-0019-M1,candidato,12,estudante,escolar,boletim_ano_atual,todo_candidato,obrigatorio,BOM-DOC-000093,ok,2026_bimestres_disponiveis,nao_se_aplica,nao_se_aplica,0.97,nenhuma,nao,confirmado
bom_aluno_bh,selecao_2026,BOM-SYN-0019,inscricao_inicial_completa,BOM-SYN-0019-M2,responsavel,49,responsavel_familiar,cadastro_social,folha_resumo_cadunico,familia_inscrita_no_cadunico,preferencial,BOM-DOC-000094,ok,atual,nao_se_aplica,nao_se_aplica,0.97,nenhuma,sim,parcial
bom_aluno_bh,selecao_2026,BOM-SYN-0019,inscricao_inicial_completa,BOM-SYN-0019-M2,responsavel,49,responsavel_familiar,residencia,comprovante_endereco,lista_detalhada_nao_publicada,a_validar,BOM-DOC-000095,ok,periodo_a_validar,nao_se_aplica,nao_se_aplica,0.97,nenhuma,sim,hipotese
bom_aluno_bh,selecao_2026,BOM-SYN-0020,boletim_atual_faltante,BOM-SYN-0020-M1,candidato,11,estudante,inscricao,ficha_inscricao,todo_candidato,obrigatorio,BOM-DOC-000096,ok,2026,nao_se_aplica,nao_se_aplica,0.97,nenhuma,nao,confirmado
bom_aluno_bh,selecao_2026,BOM-SYN-0020,boletim_atual_faltante,BOM-SYN-0020-M1,candidato,11,estudante,escolar,boletim_ano_anterior,todo_candidato,obrigatorio,BOM-DOC-000097,ok,2025,nao_se_aplica,nao_se_aplica,0.97,nenhuma,nao,confirmado
bom_aluno_bh,selecao_2026,BOM-SYN-0020,boletim_atual_faltante,BOM-SYN-0020-M1,candidato,11,estudante,escolar,boletim_ano_atual,todo_candidato,obrigatorio,ausente,faltante,2026_bimestres_disponiveis,nao_se_aplica,nao_se_aplica,0.00,solicitar_documento_faltante,sim,confirmado
bom_aluno_bh,selecao_2026,BOM-SYN-0020,boletim_atual_faltante,BOM-SYN-0020-M2,responsavel,50,responsavel_familiar,cadastro_social,folha_resumo_cadunico,familia_inscrita_no_cadunico,preferencial,BOM-DOC-000099,ok,atual,nao_se_aplica,nao_se_aplica,0.97,nenhuma,sim,parcial
bom_aluno_bh,selecao_2026,BOM-SYN-0020,boletim_atual_faltante,BOM-SYN-0020-M2,responsavel,50,responsavel_familiar,renda,comprovante_renda_familiar,criterio_de_renda_publicado_documento_nao_enumerado,a_validar,BOM-DOC-000100,ok,periodo_a_validar,4190.00,4190.00,0.97,nenhuma,sim,hipotese
bom_aluno_bh,selecao_2026,BOM-SYN-0021,boletim_anterior_ilegivel,BOM-SYN-0021-M1,candidato,12,estudante,inscricao,ficha_inscricao,todo_candidato,obrigatorio,BOM-DOC-000101,ok,2026,nao_se_aplica,nao_se_aplica,0.97,nenhuma,nao,confirmado
bom_aluno_bh,selecao_2026,BOM-SYN-0021,boletim_anterior_ilegivel,BOM-SYN-0021-M1,candidato,12,estudante,escolar,boletim_ano_anterior,todo_candidato,obrigatorio,BOM-DOC-000102,ilegivel,2025,nao_se_aplica,nao_se_aplica,0.28,solicitar_arquivo_legivel,sim,confirmado
bom_aluno_bh,selecao_2026,BOM-SYN-0021,boletim_anterior_ilegivel,BOM-SYN-0021-M1,candidato,12,estudante,escolar,boletim_ano_atual,todo_candidato,obrigatorio,BOM-DOC-000103,ok,2026_bimestres_disponiveis,nao_se_aplica,nao_se_aplica,0.97,nenhuma,nao,confirmado
bom_aluno_bh,selecao_2026,BOM-SYN-0021,boletim_anterior_ilegivel,BOM-SYN-0021-M2,responsavel,51,responsavel_familiar,cadastro_social,folha_resumo_cadunico,familia_inscrita_no_cadunico,preferencial,BOM-DOC-000104,ok,atual,nao_se_aplica,nao_se_aplica,0.97,nenhuma,sim,parcial
bom_aluno_bh,selecao_2026,BOM-SYN-0021,boletim_anterior_ilegivel,BOM-SYN-0021-M1,candidato,12,estudante,identificacao,certidao_ou_rg_candidato,lista_detalhada_nao_publicada,a_validar,BOM-DOC-000105,ok,periodo_a_validar,nao_se_aplica,nao_se_aplica,0.97,nenhuma,sim,hipotese
bom_aluno_bh,selecao_2026,BOM-SYN-0022,boletim_atual_incompleto,BOM-SYN-0022-M1,candidato,11,estudante,inscricao,ficha_inscricao,todo_candidato,obrigatorio,BOM-DOC-000106,ok,2026,nao_se_aplica,nao_se_aplica,0.97,nenhuma,nao,confirmado
bom_aluno_bh,selecao_2026,BOM-SYN-0022,boletim_atual_incompleto,BOM-SYN-0022-M1,candidato,11,estudante,escolar,boletim_ano_anterior,todo_candidato,obrigatorio,BOM-DOC-000107,ok,2025,nao_se_aplica,nao_se_aplica,0.97,nenhuma,nao,confirmado
bom_aluno_bh,selecao_2026,BOM-SYN-0022,boletim_atual_incompleto,BOM-SYN-0022-M1,candidato,11,estudante,escolar,boletim_ano_atual,todo_candidato,obrigatorio,BOM-DOC-000108,periodo_incompleto,2026_bimestres_disponiveis,nao_se_aplica,nao_se_aplica,0.89,solicitar_competencias_ausentes,sim,confirmado
bom_aluno_bh,selecao_2026,BOM-SYN-0022,boletim_atual_incompleto,BOM-SYN-0022-M2,responsavel,52,responsavel_familiar,cadastro_social,folha_resumo_cadunico,familia_inscrita_no_cadunico,preferencial,BOM-DOC-000109,ok,atual,nao_se_aplica,nao_se_aplica,0.97,nenhuma,sim,parcial
bom_aluno_bh,selecao_2026,BOM-SYN-0022,boletim_atual_incompleto,BOM-SYN-0022-M2,responsavel,52,responsavel_familiar,identificacao,rg_cpf_responsavel,lista_detalhada_nao_publicada,a_validar,BOM-DOC-000110,ok,periodo_a_validar,nao_se_aplica,nao_se_aplica,0.97,nenhuma,sim,hipotese
bom_aluno_bh,selecao_2026,BOM-SYN-0023,renda_declarada_divergente,BOM-SYN-0023-M1,candidato,12,estudante,inscricao,ficha_inscricao,todo_candidato,obrigatorio,BOM-DOC-000111,ok,2026,nao_se_aplica,nao_se_aplica,0.97,nenhuma,nao,confirmado
bom_aluno_bh,selecao_2026,BOM-SYN-0023,renda_declarada_divergente,BOM-SYN-0023-M1,candidato,12,estudante,escolar,boletim_ano_anterior,todo_candidato,obrigatorio,BOM-DOC-000112,ok,2025,nao_se_aplica,nao_se_aplica,0.97,nenhuma,nao,confirmado
bom_aluno_bh,selecao_2026,BOM-SYN-0023,renda_declarada_divergente,BOM-SYN-0023-M1,candidato,12,estudante,escolar,boletim_ano_atual,todo_candidato,obrigatorio,BOM-DOC-000113,ok,2026_bimestres_disponiveis,nao_se_aplica,nao_se_aplica,0.97,nenhuma,nao,confirmado
bom_aluno_bh,selecao_2026,BOM-SYN-0023,renda_declarada_divergente,BOM-SYN-0023-M2,responsavel,53,responsavel_familiar,cadastro_social,folha_resumo_cadunico,familia_inscrita_no_cadunico,preferencial,BOM-DOC-000114,ok,atual,nao_se_aplica,nao_se_aplica,0.97,nenhuma,sim,parcial
bom_aluno_bh,selecao_2026,BOM-SYN-0023,renda_declarada_divergente,BOM-SYN-0023-M2,responsavel,53,responsavel_familiar,renda,comprovante_renda_familiar,criterio_de_renda_publicado_documento_nao_enumerado,a_validar,BOM-DOC-000115,divergente,periodo_a_validar,4601.00,5251.00,0.93,comparar_declaracao_e_documento,sim,hipotese
bom_aluno_bh,selecao_2026,BOM-SYN-0024,cadunico_desatualizado,BOM-SYN-0024-M1,candidato,11,estudante,inscricao,ficha_inscricao,todo_candidato,obrigatorio,BOM-DOC-000116,ok,2026,nao_se_aplica,nao_se_aplica,0.97,nenhuma,nao,confirmado
bom_aluno_bh,selecao_2026,BOM-SYN-0024,cadunico_desatualizado,BOM-SYN-0024-M1,candidato,11,estudante,escolar,boletim_ano_anterior,todo_candidato,obrigatorio,BOM-DOC-000117,ok,2025,nao_se_aplica,nao_se_aplica,0.97,nenhuma,nao,confirmado
bom_aluno_bh,selecao_2026,BOM-SYN-0024,cadunico_desatualizado,BOM-SYN-0024-M1,candidato,11,estudante,escolar,boletim_ano_atual,todo_candidato,obrigatorio,BOM-DOC-000118,ok,2026_bimestres_disponiveis,nao_se_aplica,nao_se_aplica,0.97,nenhuma,nao,confirmado
bom_aluno_bh,selecao_2026,BOM-SYN-0024,cadunico_desatualizado,BOM-SYN-0024-M2,responsavel,54,responsavel_familiar,cadastro_social,folha_resumo_cadunico,familia_inscrita_no_cadunico,preferencial,BOM-DOC-000119,desatualizado,atual,nao_se_aplica,nao_se_aplica,0.95,solicitar_documento_atualizado,sim,parcial
bom_aluno_bh,selecao_2026,BOM-SYN-0024,cadunico_desatualizado,BOM-SYN-0024-M2,responsavel,54,responsavel_familiar,renda,comprovante_renda_familiar,criterio_de_renda_publicado_documento_nao_enumerado,a_validar,BOM-DOC-000120,ok,periodo_a_validar,4738.00,4738.00,0.97,nenhuma,sim,hipotese
bom_aluno_bh,selecao_2026,BOM-SYN-0025,inscricao_inicial_completa,BOM-SYN-0025-M1,candidato,12,estudante,inscricao,ficha_inscricao,todo_candidato,obrigatorio,BOM-DOC-000121,ok,2026,nao_se_aplica,nao_se_aplica,0.97,nenhuma,nao,confirmado
bom_aluno_bh,selecao_2026,BOM-SYN-0025,inscricao_inicial_completa,BOM-SYN-0025-M1,candidato,12,estudante,escolar,boletim_ano_anterior,todo_candidato,obrigatorio,BOM-DOC-000122,ok,2025,nao_se_aplica,nao_se_aplica,0.97,nenhuma,nao,confirmado
bom_aluno_bh,selecao_2026,BOM-SYN-0025,inscricao_inicial_completa,BOM-SYN-0025-M1,candidato,12,estudante,escolar,boletim_ano_atual,todo_candidato,obrigatorio,BOM-DOC-000123,ok,2026_bimestres_disponiveis,nao_se_aplica,nao_se_aplica,0.97,nenhuma,nao,confirmado
bom_aluno_bh,selecao_2026,BOM-SYN-0025,inscricao_inicial_completa,BOM-SYN-0025-M2,responsavel,55,responsavel_familiar,cadastro_social,folha_resumo_cadunico,familia_inscrita_no_cadunico,preferencial,BOM-DOC-000124,ok,atual,nao_se_aplica,nao_se_aplica,0.97,nenhuma,sim,parcial
bom_aluno_bh,selecao_2026,BOM-SYN-0025,inscricao_inicial_completa,BOM-SYN-0025-M1,candidato,12,estudante,identificacao,certidao_ou_rg_candidato,lista_detalhada_nao_publicada,a_validar,BOM-DOC-000125,ok,periodo_a_validar,nao_se_aplica,nao_se_aplica,0.97,nenhuma,sim,hipotese
bom_aluno_bh,selecao_2026,BOM-SYN-0026,boletim_atual_faltante,BOM-SYN-0026-M1,candidato,11,estudante,inscricao,ficha_inscricao,todo_candidato,obrigatorio,BOM-DOC-000126,ok,2026,nao_se_aplica,nao_se_aplica,0.97,nenhuma,nao,confirmado
bom_aluno_bh,selecao_2026,BOM-SYN-0026,boletim_atual_faltante,BOM-SYN-0026-M1,candidato,11,estudante,escolar,boletim_ano_anterior,todo_candidato,obrigatorio,BOM-DOC-000127,ok,2025,nao_se_aplica,nao_se_aplica,0.97,nenhuma,nao,confirmado
bom_aluno_bh,selecao_2026,BOM-SYN-0026,boletim_atual_faltante,BOM-SYN-0026-M1,candidato,11,estudante,escolar,boletim_ano_atual,todo_candidato,obrigatorio,ausente,faltante,2026_bimestres_disponiveis,nao_se_aplica,nao_se_aplica,0.00,solicitar_documento_faltante,sim,confirmado
bom_aluno_bh,selecao_2026,BOM-SYN-0026,boletim_atual_faltante,BOM-SYN-0026-M2,responsavel,56,responsavel_familiar,cadastro_social,folha_resumo_cadunico,familia_inscrita_no_cadunico,preferencial,BOM-DOC-000129,ok,atual,nao_se_aplica,nao_se_aplica,0.97,nenhuma,sim,parcial
bom_aluno_bh,selecao_2026,BOM-SYN-0026,boletim_atual_faltante,BOM-SYN-0026-M2,responsavel,56,responsavel_familiar,identificacao,rg_cpf_responsavel,lista_detalhada_nao_publicada,a_validar,BOM-DOC-000130,ok,periodo_a_validar,nao_se_aplica,nao_se_aplica,0.97,nenhuma,sim,hipotese
bom_aluno_bh,selecao_2026,BOM-SYN-0027,boletim_anterior_ilegivel,BOM-SYN-0027-M1,candidato,12,estudante,inscricao,ficha_inscricao,todo_candidato,obrigatorio,BOM-DOC-000131,ok,2026,nao_se_aplica,nao_se_aplica,0.97,nenhuma,nao,confirmado
bom_aluno_bh,selecao_2026,BOM-SYN-0027,boletim_anterior_ilegivel,BOM-SYN-0027-M1,candidato,12,estudante,escolar,boletim_ano_anterior,todo_candidato,obrigatorio,BOM-DOC-000132,ilegivel,2025,nao_se_aplica,nao_se_aplica,0.28,solicitar_arquivo_legivel,sim,confirmado
bom_aluno_bh,selecao_2026,BOM-SYN-0027,boletim_anterior_ilegivel,BOM-SYN-0027-M1,candidato,12,estudante,escolar,boletim_ano_atual,todo_candidato,obrigatorio,BOM-DOC-000133,ok,2026_bimestres_disponiveis,nao_se_aplica,nao_se_aplica,0.97,nenhuma,nao,confirmado
bom_aluno_bh,selecao_2026,BOM-SYN-0027,boletim_anterior_ilegivel,BOM-SYN-0027-M2,responsavel,57,responsavel_familiar,cadastro_social,folha_resumo_cadunico,familia_inscrita_no_cadunico,preferencial,BOM-DOC-000134,ok,atual,nao_se_aplica,nao_se_aplica,0.97,nenhuma,sim,parcial
bom_aluno_bh,selecao_2026,BOM-SYN-0027,boletim_anterior_ilegivel,BOM-SYN-0027-M2,responsavel,57,responsavel_familiar,residencia,comprovante_endereco,lista_detalhada_nao_publicada,a_validar,BOM-DOC-000135,ok,periodo_a_validar,nao_se_aplica,nao_se_aplica,0.97,nenhuma,sim,hipotese
bom_aluno_bh,selecao_2026,BOM-SYN-0028,boletim_atual_incompleto,BOM-SYN-0028-M1,candidato,11,estudante,inscricao,ficha_inscricao,todo_candidato,obrigatorio,BOM-DOC-000136,ok,2026,nao_se_aplica,nao_se_aplica,0.97,nenhuma,nao,confirmado
bom_aluno_bh,selecao_2026,BOM-SYN-0028,boletim_atual_incompleto,BOM-SYN-0028-M1,candidato,11,estudante,escolar,boletim_ano_anterior,todo_candidato,obrigatorio,BOM-DOC-000137,ok,2025,nao_se_aplica,nao_se_aplica,0.97,nenhuma,nao,confirmado
bom_aluno_bh,selecao_2026,BOM-SYN-0028,boletim_atual_incompleto,BOM-SYN-0028-M1,candidato,11,estudante,escolar,boletim_ano_atual,todo_candidato,obrigatorio,BOM-DOC-000138,periodo_incompleto,2026_bimestres_disponiveis,nao_se_aplica,nao_se_aplica,0.89,solicitar_competencias_ausentes,sim,confirmado
bom_aluno_bh,selecao_2026,BOM-SYN-0028,boletim_atual_incompleto,BOM-SYN-0028-M2,responsavel,58,responsavel_familiar,cadastro_social,folha_resumo_cadunico,familia_inscrita_no_cadunico,preferencial,BOM-DOC-000139,ok,atual,nao_se_aplica,nao_se_aplica,0.97,nenhuma,sim,parcial
bom_aluno_bh,selecao_2026,BOM-SYN-0028,boletim_atual_incompleto,BOM-SYN-0028-M2,responsavel,58,responsavel_familiar,renda,comprovante_renda_familiar,criterio_de_renda_publicado_documento_nao_enumerado,a_validar,BOM-DOC-000140,ok,periodo_a_validar,5286.00,5286.00,0.97,nenhuma,sim,hipotese
bom_aluno_bh,selecao_2026,BOM-SYN-0029,renda_declarada_divergente,BOM-SYN-0029-M1,candidato,12,estudante,inscricao,ficha_inscricao,todo_candidato,obrigatorio,BOM-DOC-000141,ok,2026,nao_se_aplica,nao_se_aplica,0.97,nenhuma,nao,confirmado
bom_aluno_bh,selecao_2026,BOM-SYN-0029,renda_declarada_divergente,BOM-SYN-0029-M1,candidato,12,estudante,escolar,boletim_ano_anterior,todo_candidato,obrigatorio,BOM-DOC-000142,ok,2025,nao_se_aplica,nao_se_aplica,0.97,nenhuma,nao,confirmado
bom_aluno_bh,selecao_2026,BOM-SYN-0029,renda_declarada_divergente,BOM-SYN-0029-M1,candidato,12,estudante,escolar,boletim_ano_atual,todo_candidato,obrigatorio,BOM-DOC-000143,ok,2026_bimestres_disponiveis,nao_se_aplica,nao_se_aplica,0.97,nenhuma,nao,confirmado
bom_aluno_bh,selecao_2026,BOM-SYN-0029,renda_declarada_divergente,BOM-SYN-0029-M2,responsavel,59,responsavel_familiar,cadastro_social,folha_resumo_cadunico,familia_inscrita_no_cadunico,preferencial,BOM-DOC-000144,ok,atual,nao_se_aplica,nao_se_aplica,0.97,nenhuma,sim,parcial
bom_aluno_bh,selecao_2026,BOM-SYN-0029,renda_declarada_divergente,BOM-SYN-0029-M2,responsavel,59,responsavel_familiar,renda,comprovante_renda_familiar,criterio_de_renda_publicado_documento_nao_enumerado,a_validar,BOM-DOC-000145,divergente,periodo_a_validar,5423.00,6073.00,0.93,comparar_declaracao_e_documento,sim,hipotese
bom_aluno_bh,selecao_2026,BOM-SYN-0030,cadunico_desatualizado,BOM-SYN-0030-M1,candidato,11,estudante,inscricao,ficha_inscricao,todo_candidato,obrigatorio,BOM-DOC-000146,ok,2026,nao_se_aplica,nao_se_aplica,0.97,nenhuma,nao,confirmado
bom_aluno_bh,selecao_2026,BOM-SYN-0030,cadunico_desatualizado,BOM-SYN-0030-M1,candidato,11,estudante,escolar,boletim_ano_anterior,todo_candidato,obrigatorio,BOM-DOC-000147,ok,2025,nao_se_aplica,nao_se_aplica,0.97,nenhuma,nao,confirmado
bom_aluno_bh,selecao_2026,BOM-SYN-0030,cadunico_desatualizado,BOM-SYN-0030-M1,candidato,11,estudante,escolar,boletim_ano_atual,todo_candidato,obrigatorio,BOM-DOC-000148,ok,2026_bimestres_disponiveis,nao_se_aplica,nao_se_aplica,0.97,nenhuma,nao,confirmado
bom_aluno_bh,selecao_2026,BOM-SYN-0030,cadunico_desatualizado,BOM-SYN-0030-M2,responsavel,30,responsavel_familiar,cadastro_social,folha_resumo_cadunico,familia_inscrita_no_cadunico,preferencial,BOM-DOC-000149,desatualizado,atual,nao_se_aplica,nao_se_aplica,0.95,solicitar_documento_atualizado,sim,parcial
bom_aluno_bh,selecao_2026,BOM-SYN-0030,cadunico_desatualizado,BOM-SYN-0030-M2,responsavel,30,responsavel_familiar,identificacao,rg_cpf_responsavel,lista_detalhada_nao_publicada,a_validar,BOM-DOC-000150,ok,periodo_a_validar,nao_se_aplica,nao_se_aplica,0.97,nenhuma,sim,hipotese
bom_aluno_bh,selecao_2026,BOM-SYN-0031,inscricao_inicial_completa,BOM-SYN-0031-M1,candidato,12,estudante,inscricao,ficha_inscricao,todo_candidato,obrigatorio,BOM-DOC-000151,ok,2026,nao_se_aplica,nao_se_aplica,0.97,nenhuma,nao,confirmado
bom_aluno_bh,selecao_2026,BOM-SYN-0031,inscricao_inicial_completa,BOM-SYN-0031-M1,candidato,12,estudante,escolar,boletim_ano_anterior,todo_candidato,obrigatorio,BOM-DOC-000152,ok,2025,nao_se_aplica,nao_se_aplica,0.97,nenhuma,nao,confirmado
bom_aluno_bh,selecao_2026,BOM-SYN-0031,inscricao_inicial_completa,BOM-SYN-0031-M1,candidato,12,estudante,escolar,boletim_ano_atual,todo_candidato,obrigatorio,BOM-DOC-000153,ok,2026_bimestres_disponiveis,nao_se_aplica,nao_se_aplica,0.97,nenhuma,nao,confirmado
bom_aluno_bh,selecao_2026,BOM-SYN-0031,inscricao_inicial_completa,BOM-SYN-0031-M2,responsavel,31,responsavel_familiar,cadastro_social,folha_resumo_cadunico,familia_inscrita_no_cadunico,preferencial,BOM-DOC-000154,ok,atual,nao_se_aplica,nao_se_aplica,0.97,nenhuma,sim,parcial
bom_aluno_bh,selecao_2026,BOM-SYN-0031,inscricao_inicial_completa,BOM-SYN-0031-M2,responsavel,31,responsavel_familiar,residencia,comprovante_endereco,lista_detalhada_nao_publicada,a_validar,BOM-DOC-000155,ok,periodo_a_validar,nao_se_aplica,nao_se_aplica,0.97,nenhuma,sim,hipotese
bom_aluno_bh,selecao_2026,BOM-SYN-0032,boletim_atual_faltante,BOM-SYN-0032-M1,candidato,11,estudante,inscricao,ficha_inscricao,todo_candidato,obrigatorio,BOM-DOC-000156,ok,2026,nao_se_aplica,nao_se_aplica,0.97,nenhuma,nao,confirmado
bom_aluno_bh,selecao_2026,BOM-SYN-0032,boletim_atual_faltante,BOM-SYN-0032-M1,candidato,11,estudante,escolar,boletim_ano_anterior,todo_candidato,obrigatorio,BOM-DOC-000157,ok,2025,nao_se_aplica,nao_se_aplica,0.97,nenhuma,nao,confirmado
bom_aluno_bh,selecao_2026,BOM-SYN-0032,boletim_atual_faltante,BOM-SYN-0032-M1,candidato,11,estudante,escolar,boletim_ano_atual,todo_candidato,obrigatorio,ausente,faltante,2026_bimestres_disponiveis,nao_se_aplica,nao_se_aplica,0.00,solicitar_documento_faltante,sim,confirmado
bom_aluno_bh,selecao_2026,BOM-SYN-0032,boletim_atual_faltante,BOM-SYN-0032-M2,responsavel,32,responsavel_familiar,cadastro_social,folha_resumo_cadunico,familia_inscrita_no_cadunico,preferencial,BOM-DOC-000159,ok,atual,nao_se_aplica,nao_se_aplica,0.97,nenhuma,sim,parcial
bom_aluno_bh,selecao_2026,BOM-SYN-0032,boletim_atual_faltante,BOM-SYN-0032-M2,responsavel,32,responsavel_familiar,renda,comprovante_renda_familiar,criterio_de_renda_publicado_documento_nao_enumerado,a_validar,BOM-DOC-000160,ok,periodo_a_validar,1634.00,1634.00,0.97,nenhuma,sim,hipotese
bom_aluno_bh,selecao_2026,BOM-SYN-0033,boletim_anterior_ilegivel,BOM-SYN-0033-M1,candidato,12,estudante,inscricao,ficha_inscricao,todo_candidato,obrigatorio,BOM-DOC-000161,ok,2026,nao_se_aplica,nao_se_aplica,0.97,nenhuma,nao,confirmado
bom_aluno_bh,selecao_2026,BOM-SYN-0033,boletim_anterior_ilegivel,BOM-SYN-0033-M1,candidato,12,estudante,escolar,boletim_ano_anterior,todo_candidato,obrigatorio,BOM-DOC-000162,ilegivel,2025,nao_se_aplica,nao_se_aplica,0.28,solicitar_arquivo_legivel,sim,confirmado
bom_aluno_bh,selecao_2026,BOM-SYN-0033,boletim_anterior_ilegivel,BOM-SYN-0033-M1,candidato,12,estudante,escolar,boletim_ano_atual,todo_candidato,obrigatorio,BOM-DOC-000163,ok,2026_bimestres_disponiveis,nao_se_aplica,nao_se_aplica,0.97,nenhuma,nao,confirmado
bom_aluno_bh,selecao_2026,BOM-SYN-0033,boletim_anterior_ilegivel,BOM-SYN-0033-M2,responsavel,33,responsavel_familiar,cadastro_social,folha_resumo_cadunico,familia_inscrita_no_cadunico,preferencial,BOM-DOC-000164,ok,atual,nao_se_aplica,nao_se_aplica,0.97,nenhuma,sim,parcial
bom_aluno_bh,selecao_2026,BOM-SYN-0033,boletim_anterior_ilegivel,BOM-SYN-0033-M1,candidato,12,estudante,identificacao,certidao_ou_rg_candidato,lista_detalhada_nao_publicada,a_validar,BOM-DOC-000165,ok,periodo_a_validar,nao_se_aplica,nao_se_aplica,0.97,nenhuma,sim,hipotese
bom_aluno_bh,selecao_2026,BOM-SYN-0034,boletim_atual_incompleto,BOM-SYN-0034-M1,candidato,11,estudante,inscricao,ficha_inscricao,todo_candidato,obrigatorio,BOM-DOC-000166,ok,2026,nao_se_aplica,nao_se_aplica,0.97,nenhuma,nao,confirmado
bom_aluno_bh,selecao_2026,BOM-SYN-0034,boletim_atual_incompleto,BOM-SYN-0034-M1,candidato,11,estudante,escolar,boletim_ano_anterior,todo_candidato,obrigatorio,BOM-DOC-000167,ok,2025,nao_se_aplica,nao_se_aplica,0.97,nenhuma,nao,confirmado
bom_aluno_bh,selecao_2026,BOM-SYN-0034,boletim_atual_incompleto,BOM-SYN-0034-M1,candidato,11,estudante,escolar,boletim_ano_atual,todo_candidato,obrigatorio,BOM-DOC-000168,periodo_incompleto,2026_bimestres_disponiveis,nao_se_aplica,nao_se_aplica,0.89,solicitar_competencias_ausentes,sim,confirmado
bom_aluno_bh,selecao_2026,BOM-SYN-0034,boletim_atual_incompleto,BOM-SYN-0034-M2,responsavel,34,responsavel_familiar,cadastro_social,folha_resumo_cadunico,familia_inscrita_no_cadunico,preferencial,BOM-DOC-000169,ok,atual,nao_se_aplica,nao_se_aplica,0.97,nenhuma,sim,parcial
bom_aluno_bh,selecao_2026,BOM-SYN-0034,boletim_atual_incompleto,BOM-SYN-0034-M2,responsavel,34,responsavel_familiar,identificacao,rg_cpf_responsavel,lista_detalhada_nao_publicada,a_validar,BOM-DOC-000170,ok,periodo_a_validar,nao_se_aplica,nao_se_aplica,0.97,nenhuma,sim,hipotese
bom_aluno_bh,selecao_2026,BOM-SYN-0035,renda_declarada_divergente,BOM-SYN-0035-M1,candidato,12,estudante,inscricao,ficha_inscricao,todo_candidato,obrigatorio,BOM-DOC-000171,ok,2026,nao_se_aplica,nao_se_aplica,0.97,nenhuma,nao,confirmado
bom_aluno_bh,selecao_2026,BOM-SYN-0035,renda_declarada_divergente,BOM-SYN-0035-M1,candidato,12,estudante,escolar,boletim_ano_anterior,todo_candidato,obrigatorio,BOM-DOC-000172,ok,2025,nao_se_aplica,nao_se_aplica,0.97,nenhuma,nao,confirmado
bom_aluno_bh,selecao_2026,BOM-SYN-0035,renda_declarada_divergente,BOM-SYN-0035-M1,candidato,12,estudante,escolar,boletim_ano_atual,todo_candidato,obrigatorio,BOM-DOC-000173,ok,2026_bimestres_disponiveis,nao_se_aplica,nao_se_aplica,0.97,nenhuma,nao,confirmado
bom_aluno_bh,selecao_2026,BOM-SYN-0035,renda_declarada_divergente,BOM-SYN-0035-M2,responsavel,35,responsavel_familiar,cadastro_social,folha_resumo_cadunico,familia_inscrita_no_cadunico,preferencial,BOM-DOC-000174,ok,atual,nao_se_aplica,nao_se_aplica,0.97,nenhuma,sim,parcial
bom_aluno_bh,selecao_2026,BOM-SYN-0035,renda_declarada_divergente,BOM-SYN-0035-M2,responsavel,35,responsavel_familiar,renda,comprovante_renda_familiar,criterio_de_renda_publicado_documento_nao_enumerado,a_validar,BOM-DOC-000175,divergente,periodo_a_validar,2045.00,2695.00,0.93,comparar_declaracao_e_documento,sim,hipotese
bom_aluno_bh,selecao_2026,BOM-SYN-0036,cadunico_desatualizado,BOM-SYN-0036-M1,candidato,11,estudante,inscricao,ficha_inscricao,todo_candidato,obrigatorio,BOM-DOC-000176,ok,2026,nao_se_aplica,nao_se_aplica,0.97,nenhuma,nao,confirmado
bom_aluno_bh,selecao_2026,BOM-SYN-0036,cadunico_desatualizado,BOM-SYN-0036-M1,candidato,11,estudante,escolar,boletim_ano_anterior,todo_candidato,obrigatorio,BOM-DOC-000177,ok,2025,nao_se_aplica,nao_se_aplica,0.97,nenhuma,nao,confirmado
bom_aluno_bh,selecao_2026,BOM-SYN-0036,cadunico_desatualizado,BOM-SYN-0036-M1,candidato,11,estudante,escolar,boletim_ano_atual,todo_candidato,obrigatorio,BOM-DOC-000178,ok,2026_bimestres_disponiveis,nao_se_aplica,nao_se_aplica,0.97,nenhuma,nao,confirmado
bom_aluno_bh,selecao_2026,BOM-SYN-0036,cadunico_desatualizado,BOM-SYN-0036-M2,responsavel,36,responsavel_familiar,cadastro_social,folha_resumo_cadunico,familia_inscrita_no_cadunico,preferencial,BOM-DOC-000179,desatualizado,atual,nao_se_aplica,nao_se_aplica,0.95,solicitar_documento_atualizado,sim,parcial
bom_aluno_bh,selecao_2026,BOM-SYN-0036,cadunico_desatualizado,BOM-SYN-0036-M2,responsavel,36,responsavel_familiar,renda,comprovante_renda_familiar,criterio_de_renda_publicado_documento_nao_enumerado,a_validar,BOM-DOC-000180,ok,periodo_a_validar,2182.00,2182.00,0.97,nenhuma,sim,hipotese
bom_aluno_bh,selecao_2026,BOM-SYN-0037,inscricao_inicial_completa,BOM-SYN-0037-M1,candidato,12,estudante,inscricao,ficha_inscricao,todo_candidato,obrigatorio,BOM-DOC-000181,ok,2026,nao_se_aplica,nao_se_aplica,0.97,nenhuma,nao,confirmado
bom_aluno_bh,selecao_2026,BOM-SYN-0037,inscricao_inicial_completa,BOM-SYN-0037-M1,candidato,12,estudante,escolar,boletim_ano_anterior,todo_candidato,obrigatorio,BOM-DOC-000182,ok,2025,nao_se_aplica,nao_se_aplica,0.97,nenhuma,nao,confirmado
bom_aluno_bh,selecao_2026,BOM-SYN-0037,inscricao_inicial_completa,BOM-SYN-0037-M1,candidato,12,estudante,escolar,boletim_ano_atual,todo_candidato,obrigatorio,BOM-DOC-000183,ok,2026_bimestres_disponiveis,nao_se_aplica,nao_se_aplica,0.97,nenhuma,nao,confirmado
bom_aluno_bh,selecao_2026,BOM-SYN-0037,inscricao_inicial_completa,BOM-SYN-0037-M2,responsavel,37,responsavel_familiar,cadastro_social,folha_resumo_cadunico,familia_inscrita_no_cadunico,preferencial,BOM-DOC-000184,ok,atual,nao_se_aplica,nao_se_aplica,0.97,nenhuma,sim,parcial
bom_aluno_bh,selecao_2026,BOM-SYN-0037,inscricao_inicial_completa,BOM-SYN-0037-M1,candidato,12,estudante,identificacao,certidao_ou_rg_candidato,lista_detalhada_nao_publicada,a_validar,BOM-DOC-000185,ok,periodo_a_validar,nao_se_aplica,nao_se_aplica,0.97,nenhuma,sim,hipotese
bom_aluno_bh,selecao_2026,BOM-SYN-0038,boletim_atual_faltante,BOM-SYN-0038-M1,candidato,11,estudante,inscricao,ficha_inscricao,todo_candidato,obrigatorio,BOM-DOC-000186,ok,2026,nao_se_aplica,nao_se_aplica,0.97,nenhuma,nao,confirmado
bom_aluno_bh,selecao_2026,BOM-SYN-0038,boletim_atual_faltante,BOM-SYN-0038-M1,candidato,11,estudante,escolar,boletim_ano_anterior,todo_candidato,obrigatorio,BOM-DOC-000187,ok,2025,nao_se_aplica,nao_se_aplica,0.97,nenhuma,nao,confirmado
bom_aluno_bh,selecao_2026,BOM-SYN-0038,boletim_atual_faltante,BOM-SYN-0038-M1,candidato,11,estudante,escolar,boletim_ano_atual,todo_candidato,obrigatorio,ausente,faltante,2026_bimestres_disponiveis,nao_se_aplica,nao_se_aplica,0.00,solicitar_documento_faltante,sim,confirmado
bom_aluno_bh,selecao_2026,BOM-SYN-0038,boletim_atual_faltante,BOM-SYN-0038-M2,responsavel,38,responsavel_familiar,cadastro_social,folha_resumo_cadunico,familia_inscrita_no_cadunico,preferencial,BOM-DOC-000189,ok,atual,nao_se_aplica,nao_se_aplica,0.97,nenhuma,sim,parcial
bom_aluno_bh,selecao_2026,BOM-SYN-0038,boletim_atual_faltante,BOM-SYN-0038-M2,responsavel,38,responsavel_familiar,identificacao,rg_cpf_responsavel,lista_detalhada_nao_publicada,a_validar,BOM-DOC-000190,ok,periodo_a_validar,nao_se_aplica,nao_se_aplica,0.97,nenhuma,sim,hipotese
bom_aluno_bh,selecao_2026,BOM-SYN-0039,boletim_anterior_ilegivel,BOM-SYN-0039-M1,candidato,12,estudante,inscricao,ficha_inscricao,todo_candidato,obrigatorio,BOM-DOC-000191,ok,2026,nao_se_aplica,nao_se_aplica,0.97,nenhuma,nao,confirmado
bom_aluno_bh,selecao_2026,BOM-SYN-0039,boletim_anterior_ilegivel,BOM-SYN-0039-M1,candidato,12,estudante,escolar,boletim_ano_anterior,todo_candidato,obrigatorio,BOM-DOC-000192,ilegivel,2025,nao_se_aplica,nao_se_aplica,0.28,solicitar_arquivo_legivel,sim,confirmado
bom_aluno_bh,selecao_2026,BOM-SYN-0039,boletim_anterior_ilegivel,BOM-SYN-0039-M1,candidato,12,estudante,escolar,boletim_ano_atual,todo_candidato,obrigatorio,BOM-DOC-000193,ok,2026_bimestres_disponiveis,nao_se_aplica,nao_se_aplica,0.97,nenhuma,nao,confirmado
bom_aluno_bh,selecao_2026,BOM-SYN-0039,boletim_anterior_ilegivel,BOM-SYN-0039-M2,responsavel,39,responsavel_familiar,cadastro_social,folha_resumo_cadunico,familia_inscrita_no_cadunico,preferencial,BOM-DOC-000194,ok,atual,nao_se_aplica,nao_se_aplica,0.97,nenhuma,sim,parcial
bom_aluno_bh,selecao_2026,BOM-SYN-0039,boletim_anterior_ilegivel,BOM-SYN-0039-M2,responsavel,39,responsavel_familiar,residencia,comprovante_endereco,lista_detalhada_nao_publicada,a_validar,BOM-DOC-000195,ok,periodo_a_validar,nao_se_aplica,nao_se_aplica,0.97,nenhuma,sim,hipotese
bom_aluno_bh,selecao_2026,BOM-SYN-0040,boletim_atual_incompleto,BOM-SYN-0040-M1,candidato,11,estudante,inscricao,ficha_inscricao,todo_candidato,obrigatorio,BOM-DOC-000196,ok,2026,nao_se_aplica,nao_se_aplica,0.97,nenhuma,nao,confirmado
bom_aluno_bh,selecao_2026,BOM-SYN-0040,boletim_atual_incompleto,BOM-SYN-0040-M1,candidato,11,estudante,escolar,boletim_ano_anterior,todo_candidato,obrigatorio,BOM-DOC-000197,ok,2025,nao_se_aplica,nao_se_aplica,0.97,nenhuma,nao,confirmado
bom_aluno_bh,selecao_2026,BOM-SYN-0040,boletim_atual_incompleto,BOM-SYN-0040-M1,candidato,11,estudante,escolar,boletim_ano_atual,todo_candidato,obrigatorio,BOM-DOC-000198,periodo_incompleto,2026_bimestres_disponiveis,nao_se_aplica,nao_se_aplica,0.89,solicitar_competencias_ausentes,sim,confirmado
bom_aluno_bh,selecao_2026,BOM-SYN-0040,boletim_atual_incompleto,BOM-SYN-0040-M2,responsavel,40,responsavel_familiar,cadastro_social,folha_resumo_cadunico,familia_inscrita_no_cadunico,preferencial,BOM-DOC-000199,ok,atual,nao_se_aplica,nao_se_aplica,0.97,nenhuma,sim,parcial
bom_aluno_bh,selecao_2026,BOM-SYN-0040,boletim_atual_incompleto,BOM-SYN-0040-M2,responsavel,40,responsavel_familiar,renda,comprovante_renda_familiar,criterio_de_renda_publicado_documento_nao_enumerado,a_validar,BOM-DOC-000200,ok,periodo_a_validar,2730.00,2730.00,0.97,nenhuma,sim,hipotese
bom_aluno_bh,selecao_2026,BOM-SYN-0041,renda_declarada_divergente,BOM-SYN-0041-M1,candidato,12,estudante,inscricao,ficha_inscricao,todo_candidato,obrigatorio,BOM-DOC-000201,ok,2026,nao_se_aplica,nao_se_aplica,0.97,nenhuma,nao,confirmado
bom_aluno_bh,selecao_2026,BOM-SYN-0041,renda_declarada_divergente,BOM-SYN-0041-M1,candidato,12,estudante,escolar,boletim_ano_anterior,todo_candidato,obrigatorio,BOM-DOC-000202,ok,2025,nao_se_aplica,nao_se_aplica,0.97,nenhuma,nao,confirmado
bom_aluno_bh,selecao_2026,BOM-SYN-0041,renda_declarada_divergente,BOM-SYN-0041-M1,candidato,12,estudante,escolar,boletim_ano_atual,todo_candidato,obrigatorio,BOM-DOC-000203,ok,2026_bimestres_disponiveis,nao_se_aplica,nao_se_aplica,0.97,nenhuma,nao,confirmado
bom_aluno_bh,selecao_2026,BOM-SYN-0041,renda_declarada_divergente,BOM-SYN-0041-M2,responsavel,41,responsavel_familiar,cadastro_social,folha_resumo_cadunico,familia_inscrita_no_cadunico,preferencial,BOM-DOC-000204,ok,atual,nao_se_aplica,nao_se_aplica,0.97,nenhuma,sim,parcial
bom_aluno_bh,selecao_2026,BOM-SYN-0041,renda_declarada_divergente,BOM-SYN-0041-M2,responsavel,41,responsavel_familiar,renda,comprovante_renda_familiar,criterio_de_renda_publicado_documento_nao_enumerado,a_validar,BOM-DOC-000205,divergente,periodo_a_validar,2867.00,3517.00,0.93,comparar_declaracao_e_documento,sim,hipotese
bom_aluno_bh,selecao_2026,BOM-SYN-0042,cadunico_desatualizado,BOM-SYN-0042-M1,candidato,11,estudante,inscricao,ficha_inscricao,todo_candidato,obrigatorio,BOM-DOC-000206,ok,2026,nao_se_aplica,nao_se_aplica,0.97,nenhuma,nao,confirmado
bom_aluno_bh,selecao_2026,BOM-SYN-0042,cadunico_desatualizado,BOM-SYN-0042-M1,candidato,11,estudante,escolar,boletim_ano_anterior,todo_candidato,obrigatorio,BOM-DOC-000207,ok,2025,nao_se_aplica,nao_se_aplica,0.97,nenhuma,nao,confirmado
bom_aluno_bh,selecao_2026,BOM-SYN-0042,cadunico_desatualizado,BOM-SYN-0042-M1,candidato,11,estudante,escolar,boletim_ano_atual,todo_candidato,obrigatorio,BOM-DOC-000208,ok,2026_bimestres_disponiveis,nao_se_aplica,nao_se_aplica,0.97,nenhuma,nao,confirmado
bom_aluno_bh,selecao_2026,BOM-SYN-0042,cadunico_desatualizado,BOM-SYN-0042-M2,responsavel,42,responsavel_familiar,cadastro_social,folha_resumo_cadunico,familia_inscrita_no_cadunico,preferencial,BOM-DOC-000209,desatualizado,atual,nao_se_aplica,nao_se_aplica,0.95,solicitar_documento_atualizado,sim,parcial
bom_aluno_bh,selecao_2026,BOM-SYN-0042,cadunico_desatualizado,BOM-SYN-0042-M2,responsavel,42,responsavel_familiar,identificacao,rg_cpf_responsavel,lista_detalhada_nao_publicada,a_validar,BOM-DOC-000210,ok,periodo_a_validar,nao_se_aplica,nao_se_aplica,0.97,nenhuma,sim,hipotese
bom_aluno_bh,selecao_2026,BOM-SYN-0043,inscricao_inicial_completa,BOM-SYN-0043-M1,candidato,12,estudante,inscricao,ficha_inscricao,todo_candidato,obrigatorio,BOM-DOC-000211,ok,2026,nao_se_aplica,nao_se_aplica,0.97,nenhuma,nao,confirmado
bom_aluno_bh,selecao_2026,BOM-SYN-0043,inscricao_inicial_completa,BOM-SYN-0043-M1,candidato,12,estudante,escolar,boletim_ano_anterior,todo_candidato,obrigatorio,BOM-DOC-000212,ok,2025,nao_se_aplica,nao_se_aplica,0.97,nenhuma,nao,confirmado
bom_aluno_bh,selecao_2026,BOM-SYN-0043,inscricao_inicial_completa,BOM-SYN-0043-M1,candidato,12,estudante,escolar,boletim_ano_atual,todo_candidato,obrigatorio,BOM-DOC-000213,ok,2026_bimestres_disponiveis,nao_se_aplica,nao_se_aplica,0.97,nenhuma,nao,confirmado
bom_aluno_bh,selecao_2026,BOM-SYN-0043,inscricao_inicial_completa,BOM-SYN-0043-M2,responsavel,43,responsavel_familiar,cadastro_social,folha_resumo_cadunico,familia_inscrita_no_cadunico,preferencial,BOM-DOC-000214,ok,atual,nao_se_aplica,nao_se_aplica,0.97,nenhuma,sim,parcial
bom_aluno_bh,selecao_2026,BOM-SYN-0043,inscricao_inicial_completa,BOM-SYN-0043-M2,responsavel,43,responsavel_familiar,residencia,comprovante_endereco,lista_detalhada_nao_publicada,a_validar,BOM-DOC-000215,ok,periodo_a_validar,nao_se_aplica,nao_se_aplica,0.97,nenhuma,sim,hipotese
bom_aluno_bh,selecao_2026,BOM-SYN-0044,boletim_atual_faltante,BOM-SYN-0044-M1,candidato,11,estudante,inscricao,ficha_inscricao,todo_candidato,obrigatorio,BOM-DOC-000216,ok,2026,nao_se_aplica,nao_se_aplica,0.97,nenhuma,nao,confirmado
bom_aluno_bh,selecao_2026,BOM-SYN-0044,boletim_atual_faltante,BOM-SYN-0044-M1,candidato,11,estudante,escolar,boletim_ano_anterior,todo_candidato,obrigatorio,BOM-DOC-000217,ok,2025,nao_se_aplica,nao_se_aplica,0.97,nenhuma,nao,confirmado
bom_aluno_bh,selecao_2026,BOM-SYN-0044,boletim_atual_faltante,BOM-SYN-0044-M1,candidato,11,estudante,escolar,boletim_ano_atual,todo_candidato,obrigatorio,ausente,faltante,2026_bimestres_disponiveis,nao_se_aplica,nao_se_aplica,0.00,solicitar_documento_faltante,sim,confirmado
bom_aluno_bh,selecao_2026,BOM-SYN-0044,boletim_atual_faltante,BOM-SYN-0044-M2,responsavel,44,responsavel_familiar,cadastro_social,folha_resumo_cadunico,familia_inscrita_no_cadunico,preferencial,BOM-DOC-000219,ok,atual,nao_se_aplica,nao_se_aplica,0.97,nenhuma,sim,parcial
bom_aluno_bh,selecao_2026,BOM-SYN-0044,boletim_atual_faltante,BOM-SYN-0044-M2,responsavel,44,responsavel_familiar,renda,comprovante_renda_familiar,criterio_de_renda_publicado_documento_nao_enumerado,a_validar,BOM-DOC-000220,ok,periodo_a_validar,3278.00,3278.00,0.97,nenhuma,sim,hipotese
bom_aluno_bh,selecao_2026,BOM-SYN-0045,boletim_anterior_ilegivel,BOM-SYN-0045-M1,candidato,12,estudante,inscricao,ficha_inscricao,todo_candidato,obrigatorio,BOM-DOC-000221,ok,2026,nao_se_aplica,nao_se_aplica,0.97,nenhuma,nao,confirmado
bom_aluno_bh,selecao_2026,BOM-SYN-0045,boletim_anterior_ilegivel,BOM-SYN-0045-M1,candidato,12,estudante,escolar,boletim_ano_anterior,todo_candidato,obrigatorio,BOM-DOC-000222,ilegivel,2025,nao_se_aplica,nao_se_aplica,0.28,solicitar_arquivo_legivel,sim,confirmado
bom_aluno_bh,selecao_2026,BOM-SYN-0045,boletim_anterior_ilegivel,BOM-SYN-0045-M1,candidato,12,estudante,escolar,boletim_ano_atual,todo_candidato,obrigatorio,BOM-DOC-000223,ok,2026_bimestres_disponiveis,nao_se_aplica,nao_se_aplica,0.97,nenhuma,nao,confirmado
bom_aluno_bh,selecao_2026,BOM-SYN-0045,boletim_anterior_ilegivel,BOM-SYN-0045-M2,responsavel,45,responsavel_familiar,cadastro_social,folha_resumo_cadunico,familia_inscrita_no_cadunico,preferencial,BOM-DOC-000224,ok,atual,nao_se_aplica,nao_se_aplica,0.97,nenhuma,sim,parcial
bom_aluno_bh,selecao_2026,BOM-SYN-0045,boletim_anterior_ilegivel,BOM-SYN-0045-M1,candidato,12,estudante,identificacao,certidao_ou_rg_candidato,lista_detalhada_nao_publicada,a_validar,BOM-DOC-000225,ok,periodo_a_validar,nao_se_aplica,nao_se_aplica,0.97,nenhuma,sim,hipotese
bom_aluno_bh,selecao_2026,BOM-SYN-0046,boletim_atual_incompleto,BOM-SYN-0046-M1,candidato,11,estudante,inscricao,ficha_inscricao,todo_candidato,obrigatorio,BOM-DOC-000226,ok,2026,nao_se_aplica,nao_se_aplica,0.97,nenhuma,nao,confirmado
bom_aluno_bh,selecao_2026,BOM-SYN-0046,boletim_atual_incompleto,BOM-SYN-0046-M1,candidato,11,estudante,escolar,boletim_ano_anterior,todo_candidato,obrigatorio,BOM-DOC-000227,ok,2025,nao_se_aplica,nao_se_aplica,0.97,nenhuma,nao,confirmado
bom_aluno_bh,selecao_2026,BOM-SYN-0046,boletim_atual_incompleto,BOM-SYN-0046-M1,candidato,11,estudante,escolar,boletim_ano_atual,todo_candidato,obrigatorio,BOM-DOC-000228,periodo_incompleto,2026_bimestres_disponiveis,nao_se_aplica,nao_se_aplica,0.89,solicitar_competencias_ausentes,sim,confirmado
bom_aluno_bh,selecao_2026,BOM-SYN-0046,boletim_atual_incompleto,BOM-SYN-0046-M2,responsavel,46,responsavel_familiar,cadastro_social,folha_resumo_cadunico,familia_inscrita_no_cadunico,preferencial,BOM-DOC-000229,ok,atual,nao_se_aplica,nao_se_aplica,0.97,nenhuma,sim,parcial
bom_aluno_bh,selecao_2026,BOM-SYN-0046,boletim_atual_incompleto,BOM-SYN-0046-M2,responsavel,46,responsavel_familiar,identificacao,rg_cpf_responsavel,lista_detalhada_nao_publicada,a_validar,BOM-DOC-000230,ok,periodo_a_validar,nao_se_aplica,nao_se_aplica,0.97,nenhuma,sim,hipotese
bom_aluno_bh,selecao_2026,BOM-SYN-0047,renda_declarada_divergente,BOM-SYN-0047-M1,candidato,12,estudante,inscricao,ficha_inscricao,todo_candidato,obrigatorio,BOM-DOC-000231,ok,2026,nao_se_aplica,nao_se_aplica,0.97,nenhuma,nao,confirmado
bom_aluno_bh,selecao_2026,BOM-SYN-0047,renda_declarada_divergente,BOM-SYN-0047-M1,candidato,12,estudante,escolar,boletim_ano_anterior,todo_candidato,obrigatorio,BOM-DOC-000232,ok,2025,nao_se_aplica,nao_se_aplica,0.97,nenhuma,nao,confirmado
bom_aluno_bh,selecao_2026,BOM-SYN-0047,renda_declarada_divergente,BOM-SYN-0047-M1,candidato,12,estudante,escolar,boletim_ano_atual,todo_candidato,obrigatorio,BOM-DOC-000233,ok,2026_bimestres_disponiveis,nao_se_aplica,nao_se_aplica,0.97,nenhuma,nao,confirmado
bom_aluno_bh,selecao_2026,BOM-SYN-0047,renda_declarada_divergente,BOM-SYN-0047-M2,responsavel,47,responsavel_familiar,cadastro_social,folha_resumo_cadunico,familia_inscrita_no_cadunico,preferencial,BOM-DOC-000234,ok,atual,nao_se_aplica,nao_se_aplica,0.97,nenhuma,sim,parcial
bom_aluno_bh,selecao_2026,BOM-SYN-0047,renda_declarada_divergente,BOM-SYN-0047-M2,responsavel,47,responsavel_familiar,renda,comprovante_renda_familiar,criterio_de_renda_publicado_documento_nao_enumerado,a_validar,BOM-DOC-000235,divergente,periodo_a_validar,3689.00,4339.00,0.93,comparar_declaracao_e_documento,sim,hipotese
bom_aluno_bh,selecao_2026,BOM-SYN-0048,cadunico_desatualizado,BOM-SYN-0048-M1,candidato,11,estudante,inscricao,ficha_inscricao,todo_candidato,obrigatorio,BOM-DOC-000236,ok,2026,nao_se_aplica,nao_se_aplica,0.97,nenhuma,nao,confirmado
bom_aluno_bh,selecao_2026,BOM-SYN-0048,cadunico_desatualizado,BOM-SYN-0048-M1,candidato,11,estudante,escolar,boletim_ano_anterior,todo_candidato,obrigatorio,BOM-DOC-000237,ok,2025,nao_se_aplica,nao_se_aplica,0.97,nenhuma,nao,confirmado
bom_aluno_bh,selecao_2026,BOM-SYN-0048,cadunico_desatualizado,BOM-SYN-0048-M1,candidato,11,estudante,escolar,boletim_ano_atual,todo_candidato,obrigatorio,BOM-DOC-000238,ok,2026_bimestres_disponiveis,nao_se_aplica,nao_se_aplica,0.97,nenhuma,nao,confirmado
bom_aluno_bh,selecao_2026,BOM-SYN-0048,cadunico_desatualizado,BOM-SYN-0048-M2,responsavel,48,responsavel_familiar,cadastro_social,folha_resumo_cadunico,familia_inscrita_no_cadunico,preferencial,BOM-DOC-000239,desatualizado,atual,nao_se_aplica,nao_se_aplica,0.95,solicitar_documento_atualizado,sim,parcial
bom_aluno_bh,selecao_2026,BOM-SYN-0048,cadunico_desatualizado,BOM-SYN-0048-M2,responsavel,48,responsavel_familiar,renda,comprovante_renda_familiar,criterio_de_renda_publicado_documento_nao_enumerado,a_validar,BOM-DOC-000240,ok,periodo_a_validar,3826.00,3826.00,0.97,nenhuma,sim,hipotese
bom_aluno_bh,selecao_2026,BOM-SYN-0049,inscricao_inicial_completa,BOM-SYN-0049-M1,candidato,12,estudante,inscricao,ficha_inscricao,todo_candidato,obrigatorio,BOM-DOC-000241,ok,2026,nao_se_aplica,nao_se_aplica,0.97,nenhuma,nao,confirmado
bom_aluno_bh,selecao_2026,BOM-SYN-0049,inscricao_inicial_completa,BOM-SYN-0049-M1,candidato,12,estudante,escolar,boletim_ano_anterior,todo_candidato,obrigatorio,BOM-DOC-000242,ok,2025,nao_se_aplica,nao_se_aplica,0.97,nenhuma,nao,confirmado
bom_aluno_bh,selecao_2026,BOM-SYN-0049,inscricao_inicial_completa,BOM-SYN-0049-M1,candidato,12,estudante,escolar,boletim_ano_atual,todo_candidato,obrigatorio,BOM-DOC-000243,ok,2026_bimestres_disponiveis,nao_se_aplica,nao_se_aplica,0.97,nenhuma,nao,confirmado
bom_aluno_bh,selecao_2026,BOM-SYN-0049,inscricao_inicial_completa,BOM-SYN-0049-M2,responsavel,49,responsavel_familiar,cadastro_social,folha_resumo_cadunico,familia_inscrita_no_cadunico,preferencial,BOM-DOC-000244,ok,atual,nao_se_aplica,nao_se_aplica,0.97,nenhuma,sim,parcial
bom_aluno_bh,selecao_2026,BOM-SYN-0049,inscricao_inicial_completa,BOM-SYN-0049-M1,candidato,12,estudante,identificacao,certidao_ou_rg_candidato,lista_detalhada_nao_publicada,a_validar,BOM-DOC-000245,ok,periodo_a_validar,nao_se_aplica,nao_se_aplica,0.97,nenhuma,sim,hipotese
bom_aluno_bh,selecao_2026,BOM-SYN-0050,boletim_atual_faltante,BOM-SYN-0050-M1,candidato,11,estudante,inscricao,ficha_inscricao,todo_candidato,obrigatorio,BOM-DOC-000246,ok,2026,nao_se_aplica,nao_se_aplica,0.97,nenhuma,nao,confirmado
bom_aluno_bh,selecao_2026,BOM-SYN-0050,boletim_atual_faltante,BOM-SYN-0050-M1,candidato,11,estudante,escolar,boletim_ano_anterior,todo_candidato,obrigatorio,BOM-DOC-000247,ok,2025,nao_se_aplica,nao_se_aplica,0.97,nenhuma,nao,confirmado
bom_aluno_bh,selecao_2026,BOM-SYN-0050,boletim_atual_faltante,BOM-SYN-0050-M1,candidato,11,estudante,escolar,boletim_ano_atual,todo_candidato,obrigatorio,ausente,faltante,2026_bimestres_disponiveis,nao_se_aplica,nao_se_aplica,0.00,solicitar_documento_faltante,sim,confirmado
bom_aluno_bh,selecao_2026,BOM-SYN-0050,boletim_atual_faltante,BOM-SYN-0050-M2,responsavel,50,responsavel_familiar,cadastro_social,folha_resumo_cadunico,familia_inscrita_no_cadunico,preferencial,BOM-DOC-000249,ok,atual,nao_se_aplica,nao_se_aplica,0.97,nenhuma,sim,parcial
bom_aluno_bh,selecao_2026,BOM-SYN-0050,boletim_atual_faltante,BOM-SYN-0050-M2,responsavel,50,responsavel_familiar,identificacao,rg_cpf_responsavel,lista_detalhada_nao_publicada,a_validar,BOM-DOC-000250,ok,periodo_a_validar,nao_se_aplica,nao_se_aplica,0.97,nenhuma,sim,hipotese
bom_aluno_bh,selecao_2026,BOM-SYN-0051,boletim_anterior_ilegivel,BOM-SYN-0051-M1,candidato,12,estudante,inscricao,ficha_inscricao,todo_candidato,obrigatorio,BOM-DOC-000251,ok,2026,nao_se_aplica,nao_se_aplica,0.97,nenhuma,nao,confirmado
bom_aluno_bh,selecao_2026,BOM-SYN-0051,boletim_anterior_ilegivel,BOM-SYN-0051-M1,candidato,12,estudante,escolar,boletim_ano_anterior,todo_candidato,obrigatorio,BOM-DOC-000252,ilegivel,2025,nao_se_aplica,nao_se_aplica,0.28,solicitar_arquivo_legivel,sim,confirmado
bom_aluno_bh,selecao_2026,BOM-SYN-0051,boletim_anterior_ilegivel,BOM-SYN-0051-M1,candidato,12,estudante,escolar,boletim_ano_atual,todo_candidato,obrigatorio,BOM-DOC-000253,ok,2026_bimestres_disponiveis,nao_se_aplica,nao_se_aplica,0.97,nenhuma,nao,confirmado
bom_aluno_bh,selecao_2026,BOM-SYN-0051,boletim_anterior_ilegivel,BOM-SYN-0051-M2,responsavel,51,responsavel_familiar,cadastro_social,folha_resumo_cadunico,familia_inscrita_no_cadunico,preferencial,BOM-DOC-000254,ok,atual,nao_se_aplica,nao_se_aplica,0.97,nenhuma,sim,parcial
bom_aluno_bh,selecao_2026,BOM-SYN-0051,boletim_anterior_ilegivel,BOM-SYN-0051-M2,responsavel,51,responsavel_familiar,residencia,comprovante_endereco,lista_detalhada_nao_publicada,a_validar,BOM-DOC-000255,ok,periodo_a_validar,nao_se_aplica,nao_se_aplica,0.97,nenhuma,sim,hipotese
bom_aluno_bh,selecao_2026,BOM-SYN-0052,boletim_atual_incompleto,BOM-SYN-0052-M1,candidato,11,estudante,inscricao,ficha_inscricao,todo_candidato,obrigatorio,BOM-DOC-000256,ok,2026,nao_se_aplica,nao_se_aplica,0.97,nenhuma,nao,confirmado
bom_aluno_bh,selecao_2026,BOM-SYN-0052,boletim_atual_incompleto,BOM-SYN-0052-M1,candidato,11,estudante,escolar,boletim_ano_anterior,todo_candidato,obrigatorio,BOM-DOC-000257,ok,2025,nao_se_aplica,nao_se_aplica,0.97,nenhuma,nao,confirmado
bom_aluno_bh,selecao_2026,BOM-SYN-0052,boletim_atual_incompleto,BOM-SYN-0052-M1,candidato,11,estudante,escolar,boletim_ano_atual,todo_candidato,obrigatorio,BOM-DOC-000258,periodo_incompleto,2026_bimestres_disponiveis,nao_se_aplica,nao_se_aplica,0.89,solicitar_competencias_ausentes,sim,confirmado
bom_aluno_bh,selecao_2026,BOM-SYN-0052,boletim_atual_incompleto,BOM-SYN-0052-M2,responsavel,52,responsavel_familiar,cadastro_social,folha_resumo_cadunico,familia_inscrita_no_cadunico,preferencial,BOM-DOC-000259,ok,atual,nao_se_aplica,nao_se_aplica,0.97,nenhuma,sim,parcial
bom_aluno_bh,selecao_2026,BOM-SYN-0052,boletim_atual_incompleto,BOM-SYN-0052-M2,responsavel,52,responsavel_familiar,renda,comprovante_renda_familiar,criterio_de_renda_publicado_documento_nao_enumerado,a_validar,BOM-DOC-000260,ok,periodo_a_validar,4374.00,4374.00,0.97,nenhuma,sim,hipotese
bom_aluno_bh,selecao_2026,BOM-SYN-0053,renda_declarada_divergente,BOM-SYN-0053-M1,candidato,12,estudante,inscricao,ficha_inscricao,todo_candidato,obrigatorio,BOM-DOC-000261,ok,2026,nao_se_aplica,nao_se_aplica,0.97,nenhuma,nao,confirmado
bom_aluno_bh,selecao_2026,BOM-SYN-0053,renda_declarada_divergente,BOM-SYN-0053-M1,candidato,12,estudante,escolar,boletim_ano_anterior,todo_candidato,obrigatorio,BOM-DOC-000262,ok,2025,nao_se_aplica,nao_se_aplica,0.97,nenhuma,nao,confirmado
bom_aluno_bh,selecao_2026,BOM-SYN-0053,renda_declarada_divergente,BOM-SYN-0053-M1,candidato,12,estudante,escolar,boletim_ano_atual,todo_candidato,obrigatorio,BOM-DOC-000263,ok,2026_bimestres_disponiveis,nao_se_aplica,nao_se_aplica,0.97,nenhuma,nao,confirmado
bom_aluno_bh,selecao_2026,BOM-SYN-0053,renda_declarada_divergente,BOM-SYN-0053-M2,responsavel,53,responsavel_familiar,cadastro_social,folha_resumo_cadunico,familia_inscrita_no_cadunico,preferencial,BOM-DOC-000264,ok,atual,nao_se_aplica,nao_se_aplica,0.97,nenhuma,sim,parcial
bom_aluno_bh,selecao_2026,BOM-SYN-0053,renda_declarada_divergente,BOM-SYN-0053-M2,responsavel,53,responsavel_familiar,renda,comprovante_renda_familiar,criterio_de_renda_publicado_documento_nao_enumerado,a_validar,BOM-DOC-000265,divergente,periodo_a_validar,4511.00,5161.00,0.93,comparar_declaracao_e_documento,sim,hipotese
bom_aluno_bh,selecao_2026,BOM-SYN-0054,cadunico_desatualizado,BOM-SYN-0054-M1,candidato,11,estudante,inscricao,ficha_inscricao,todo_candidato,obrigatorio,BOM-DOC-000266,ok,2026,nao_se_aplica,nao_se_aplica,0.97,nenhuma,nao,confirmado
bom_aluno_bh,selecao_2026,BOM-SYN-0054,cadunico_desatualizado,BOM-SYN-0054-M1,candidato,11,estudante,escolar,boletim_ano_anterior,todo_candidato,obrigatorio,BOM-DOC-000267,ok,2025,nao_se_aplica,nao_se_aplica,0.97,nenhuma,nao,confirmado
bom_aluno_bh,selecao_2026,BOM-SYN-0054,cadunico_desatualizado,BOM-SYN-0054-M1,candidato,11,estudante,escolar,boletim_ano_atual,todo_candidato,obrigatorio,BOM-DOC-000268,ok,2026_bimestres_disponiveis,nao_se_aplica,nao_se_aplica,0.97,nenhuma,nao,confirmado
bom_aluno_bh,selecao_2026,BOM-SYN-0054,cadunico_desatualizado,BOM-SYN-0054-M2,responsavel,54,responsavel_familiar,cadastro_social,folha_resumo_cadunico,familia_inscrita_no_cadunico,preferencial,BOM-DOC-000269,desatualizado,atual,nao_se_aplica,nao_se_aplica,0.95,solicitar_documento_atualizado,sim,parcial
bom_aluno_bh,selecao_2026,BOM-SYN-0054,cadunico_desatualizado,BOM-SYN-0054-M2,responsavel,54,responsavel_familiar,identificacao,rg_cpf_responsavel,lista_detalhada_nao_publicada,a_validar,BOM-DOC-000270,ok,periodo_a_validar,nao_se_aplica,nao_se_aplica,0.97,nenhuma,sim,hipotese
bom_aluno_bh,selecao_2026,BOM-SYN-0055,inscricao_inicial_completa,BOM-SYN-0055-M1,candidato,12,estudante,inscricao,ficha_inscricao,todo_candidato,obrigatorio,BOM-DOC-000271,ok,2026,nao_se_aplica,nao_se_aplica,0.97,nenhuma,nao,confirmado
bom_aluno_bh,selecao_2026,BOM-SYN-0055,inscricao_inicial_completa,BOM-SYN-0055-M1,candidato,12,estudante,escolar,boletim_ano_anterior,todo_candidato,obrigatorio,BOM-DOC-000272,ok,2025,nao_se_aplica,nao_se_aplica,0.97,nenhuma,nao,confirmado
bom_aluno_bh,selecao_2026,BOM-SYN-0055,inscricao_inicial_completa,BOM-SYN-0055-M1,candidato,12,estudante,escolar,boletim_ano_atual,todo_candidato,obrigatorio,BOM-DOC-000273,ok,2026_bimestres_disponiveis,nao_se_aplica,nao_se_aplica,0.97,nenhuma,nao,confirmado
bom_aluno_bh,selecao_2026,BOM-SYN-0055,inscricao_inicial_completa,BOM-SYN-0055-M2,responsavel,55,responsavel_familiar,cadastro_social,folha_resumo_cadunico,familia_inscrita_no_cadunico,preferencial,BOM-DOC-000274,ok,atual,nao_se_aplica,nao_se_aplica,0.97,nenhuma,sim,parcial
bom_aluno_bh,selecao_2026,BOM-SYN-0055,inscricao_inicial_completa,BOM-SYN-0055-M2,responsavel,55,responsavel_familiar,residencia,comprovante_endereco,lista_detalhada_nao_publicada,a_validar,BOM-DOC-000275,ok,periodo_a_validar,nao_se_aplica,nao_se_aplica,0.97,nenhuma,sim,hipotese
bom_aluno_bh,selecao_2026,BOM-SYN-0056,boletim_atual_faltante,BOM-SYN-0056-M1,candidato,11,estudante,inscricao,ficha_inscricao,todo_candidato,obrigatorio,BOM-DOC-000276,ok,2026,nao_se_aplica,nao_se_aplica,0.97,nenhuma,nao,confirmado
bom_aluno_bh,selecao_2026,BOM-SYN-0056,boletim_atual_faltante,BOM-SYN-0056-M1,candidato,11,estudante,escolar,boletim_ano_anterior,todo_candidato,obrigatorio,BOM-DOC-000277,ok,2025,nao_se_aplica,nao_se_aplica,0.97,nenhuma,nao,confirmado
bom_aluno_bh,selecao_2026,BOM-SYN-0056,boletim_atual_faltante,BOM-SYN-0056-M1,candidato,11,estudante,escolar,boletim_ano_atual,todo_candidato,obrigatorio,ausente,faltante,2026_bimestres_disponiveis,nao_se_aplica,nao_se_aplica,0.00,solicitar_documento_faltante,sim,confirmado
bom_aluno_bh,selecao_2026,BOM-SYN-0056,boletim_atual_faltante,BOM-SYN-0056-M2,responsavel,56,responsavel_familiar,cadastro_social,folha_resumo_cadunico,familia_inscrita_no_cadunico,preferencial,BOM-DOC-000279,ok,atual,nao_se_aplica,nao_se_aplica,0.97,nenhuma,sim,parcial
bom_aluno_bh,selecao_2026,BOM-SYN-0056,boletim_atual_faltante,BOM-SYN-0056-M2,responsavel,56,responsavel_familiar,renda,comprovante_renda_familiar,criterio_de_renda_publicado_documento_nao_enumerado,a_validar,BOM-DOC-000280,ok,periodo_a_validar,4922.00,4922.00,0.97,nenhuma,sim,hipotese
bom_aluno_bh,selecao_2026,BOM-SYN-0057,boletim_anterior_ilegivel,BOM-SYN-0057-M1,candidato,12,estudante,inscricao,ficha_inscricao,todo_candidato,obrigatorio,BOM-DOC-000281,ok,2026,nao_se_aplica,nao_se_aplica,0.97,nenhuma,nao,confirmado
bom_aluno_bh,selecao_2026,BOM-SYN-0057,boletim_anterior_ilegivel,BOM-SYN-0057-M1,candidato,12,estudante,escolar,boletim_ano_anterior,todo_candidato,obrigatorio,BOM-DOC-000282,ilegivel,2025,nao_se_aplica,nao_se_aplica,0.28,solicitar_arquivo_legivel,sim,confirmado
bom_aluno_bh,selecao_2026,BOM-SYN-0057,boletim_anterior_ilegivel,BOM-SYN-0057-M1,candidato,12,estudante,escolar,boletim_ano_atual,todo_candidato,obrigatorio,BOM-DOC-000283,ok,2026_bimestres_disponiveis,nao_se_aplica,nao_se_aplica,0.97,nenhuma,nao,confirmado
bom_aluno_bh,selecao_2026,BOM-SYN-0057,boletim_anterior_ilegivel,BOM-SYN-0057-M2,responsavel,57,responsavel_familiar,cadastro_social,folha_resumo_cadunico,familia_inscrita_no_cadunico,preferencial,BOM-DOC-000284,ok,atual,nao_se_aplica,nao_se_aplica,0.97,nenhuma,sim,parcial
bom_aluno_bh,selecao_2026,BOM-SYN-0057,boletim_anterior_ilegivel,BOM-SYN-0057-M1,candidato,12,estudante,identificacao,certidao_ou_rg_candidato,lista_detalhada_nao_publicada,a_validar,BOM-DOC-000285,ok,periodo_a_validar,nao_se_aplica,nao_se_aplica,0.97,nenhuma,sim,hipotese
bom_aluno_bh,selecao_2026,BOM-SYN-0058,boletim_atual_incompleto,BOM-SYN-0058-M1,candidato,11,estudante,inscricao,ficha_inscricao,todo_candidato,obrigatorio,BOM-DOC-000286,ok,2026,nao_se_aplica,nao_se_aplica,0.97,nenhuma,nao,confirmado
bom_aluno_bh,selecao_2026,BOM-SYN-0058,boletim_atual_incompleto,BOM-SYN-0058-M1,candidato,11,estudante,escolar,boletim_ano_anterior,todo_candidato,obrigatorio,BOM-DOC-000287,ok,2025,nao_se_aplica,nao_se_aplica,0.97,nenhuma,nao,confirmado
bom_aluno_bh,selecao_2026,BOM-SYN-0058,boletim_atual_incompleto,BOM-SYN-0058-M1,candidato,11,estudante,escolar,boletim_ano_atual,todo_candidato,obrigatorio,BOM-DOC-000288,periodo_incompleto,2026_bimestres_disponiveis,nao_se_aplica,nao_se_aplica,0.89,solicitar_competencias_ausentes,sim,confirmado
bom_aluno_bh,selecao_2026,BOM-SYN-0058,boletim_atual_incompleto,BOM-SYN-0058-M2,responsavel,58,responsavel_familiar,cadastro_social,folha_resumo_cadunico,familia_inscrita_no_cadunico,preferencial,BOM-DOC-000289,ok,atual,nao_se_aplica,nao_se_aplica,0.97,nenhuma,sim,parcial
bom_aluno_bh,selecao_2026,BOM-SYN-0058,boletim_atual_incompleto,BOM-SYN-0058-M2,responsavel,58,responsavel_familiar,identificacao,rg_cpf_responsavel,lista_detalhada_nao_publicada,a_validar,BOM-DOC-000290,ok,periodo_a_validar,nao_se_aplica,nao_se_aplica,0.97,nenhuma,sim,hipotese
bom_aluno_bh,selecao_2026,BOM-SYN-0059,renda_declarada_divergente,BOM-SYN-0059-M1,candidato,12,estudante,inscricao,ficha_inscricao,todo_candidato,obrigatorio,BOM-DOC-000291,ok,2026,nao_se_aplica,nao_se_aplica,0.97,nenhuma,nao,confirmado
bom_aluno_bh,selecao_2026,BOM-SYN-0059,renda_declarada_divergente,BOM-SYN-0059-M1,candidato,12,estudante,escolar,boletim_ano_anterior,todo_candidato,obrigatorio,BOM-DOC-000292,ok,2025,nao_se_aplica,nao_se_aplica,0.97,nenhuma,nao,confirmado
bom_aluno_bh,selecao_2026,BOM-SYN-0059,renda_declarada_divergente,BOM-SYN-0059-M1,candidato,12,estudante,escolar,boletim_ano_atual,todo_candidato,obrigatorio,BOM-DOC-000293,ok,2026_bimestres_disponiveis,nao_se_aplica,nao_se_aplica,0.97,nenhuma,nao,confirmado
bom_aluno_bh,selecao_2026,BOM-SYN-0059,renda_declarada_divergente,BOM-SYN-0059-M2,responsavel,59,responsavel_familiar,cadastro_social,folha_resumo_cadunico,familia_inscrita_no_cadunico,preferencial,BOM-DOC-000294,ok,atual,nao_se_aplica,nao_se_aplica,0.97,nenhuma,sim,parcial
bom_aluno_bh,selecao_2026,BOM-SYN-0059,renda_declarada_divergente,BOM-SYN-0059-M2,responsavel,59,responsavel_familiar,renda,comprovante_renda_familiar,criterio_de_renda_publicado_documento_nao_enumerado,a_validar,BOM-DOC-000295,divergente,periodo_a_validar,5333.00,5983.00,0.93,comparar_declaracao_e_documento,sim,hipotese
bom_aluno_bh,selecao_2026,BOM-SYN-0060,cadunico_desatualizado,BOM-SYN-0060-M1,candidato,11,estudante,inscricao,ficha_inscricao,todo_candidato,obrigatorio,BOM-DOC-000296,ok,2026,nao_se_aplica,nao_se_aplica,0.97,nenhuma,nao,confirmado
bom_aluno_bh,selecao_2026,BOM-SYN-0060,cadunico_desatualizado,BOM-SYN-0060-M1,candidato,11,estudante,escolar,boletim_ano_anterior,todo_candidato,obrigatorio,BOM-DOC-000297,ok,2025,nao_se_aplica,nao_se_aplica,0.97,nenhuma,nao,confirmado
bom_aluno_bh,selecao_2026,BOM-SYN-0060,cadunico_desatualizado,BOM-SYN-0060-M1,candidato,11,estudante,escolar,boletim_ano_atual,todo_candidato,obrigatorio,BOM-DOC-000298,ok,2026_bimestres_disponiveis,nao_se_aplica,nao_se_aplica,0.97,nenhuma,nao,confirmado
bom_aluno_bh,selecao_2026,BOM-SYN-0060,cadunico_desatualizado,BOM-SYN-0060-M2,responsavel,30,responsavel_familiar,cadastro_social,folha_resumo_cadunico,familia_inscrita_no_cadunico,preferencial,BOM-DOC-000299,desatualizado,atual,nao_se_aplica,nao_se_aplica,0.95,solicitar_documento_atualizado,sim,parcial
bom_aluno_bh,selecao_2026,BOM-SYN-0060,cadunico_desatualizado,BOM-SYN-0060-M2,responsavel,30,responsavel_familiar,renda,comprovante_renda_familiar,criterio_de_renda_publicado_documento_nao_enumerado,a_validar,BOM-DOC-000300,ok,periodo_a_validar,5470.00,5470.00,0.97,nenhuma,sim,hipotese
bom_aluno_bh,selecao_2026,BOM-SYN-0061,inscricao_inicial_completa,BOM-SYN-0061-M1,candidato,12,estudante,inscricao,ficha_inscricao,todo_candidato,obrigatorio,BOM-DOC-000301,ok,2026,nao_se_aplica,nao_se_aplica,0.97,nenhuma,nao,confirmado
bom_aluno_bh,selecao_2026,BOM-SYN-0061,inscricao_inicial_completa,BOM-SYN-0061-M1,candidato,12,estudante,escolar,boletim_ano_anterior,todo_candidato,obrigatorio,BOM-DOC-000302,ok,2025,nao_se_aplica,nao_se_aplica,0.97,nenhuma,nao,confirmado
bom_aluno_bh,selecao_2026,BOM-SYN-0061,inscricao_inicial_completa,BOM-SYN-0061-M1,candidato,12,estudante,escolar,boletim_ano_atual,todo_candidato,obrigatorio,BOM-DOC-000303,ok,2026_bimestres_disponiveis,nao_se_aplica,nao_se_aplica,0.97,nenhuma,nao,confirmado
bom_aluno_bh,selecao_2026,BOM-SYN-0061,inscricao_inicial_completa,BOM-SYN-0061-M2,responsavel,31,responsavel_familiar,cadastro_social,folha_resumo_cadunico,familia_inscrita_no_cadunico,preferencial,BOM-DOC-000304,ok,atual,nao_se_aplica,nao_se_aplica,0.97,nenhuma,sim,parcial
bom_aluno_bh,selecao_2026,BOM-SYN-0061,inscricao_inicial_completa,BOM-SYN-0061-M1,candidato,12,estudante,identificacao,certidao_ou_rg_candidato,lista_detalhada_nao_publicada,a_validar,BOM-DOC-000305,ok,periodo_a_validar,nao_se_aplica,nao_se_aplica,0.97,nenhuma,sim,hipotese
bom_aluno_bh,selecao_2026,BOM-SYN-0062,boletim_atual_faltante,BOM-SYN-0062-M1,candidato,11,estudante,inscricao,ficha_inscricao,todo_candidato,obrigatorio,BOM-DOC-000306,ok,2026,nao_se_aplica,nao_se_aplica,0.97,nenhuma,nao,confirmado
bom_aluno_bh,selecao_2026,BOM-SYN-0062,boletim_atual_faltante,BOM-SYN-0062-M1,candidato,11,estudante,escolar,boletim_ano_anterior,todo_candidato,obrigatorio,BOM-DOC-000307,ok,2025,nao_se_aplica,nao_se_aplica,0.97,nenhuma,nao,confirmado
bom_aluno_bh,selecao_2026,BOM-SYN-0062,boletim_atual_faltante,BOM-SYN-0062-M1,candidato,11,estudante,escolar,boletim_ano_atual,todo_candidato,obrigatorio,ausente,faltante,2026_bimestres_disponiveis,nao_se_aplica,nao_se_aplica,0.00,solicitar_documento_faltante,sim,confirmado
bom_aluno_bh,selecao_2026,BOM-SYN-0062,boletim_atual_faltante,BOM-SYN-0062-M2,responsavel,32,responsavel_familiar,cadastro_social,folha_resumo_cadunico,familia_inscrita_no_cadunico,preferencial,BOM-DOC-000309,ok,atual,nao_se_aplica,nao_se_aplica,0.97,nenhuma,sim,parcial
bom_aluno_bh,selecao_2026,BOM-SYN-0062,boletim_atual_faltante,BOM-SYN-0062-M2,responsavel,32,responsavel_familiar,identificacao,rg_cpf_responsavel,lista_detalhada_nao_publicada,a_validar,BOM-DOC-000310,ok,periodo_a_validar,nao_se_aplica,nao_se_aplica,0.97,nenhuma,sim,hipotese
bom_aluno_bh,selecao_2026,BOM-SYN-0063,boletim_anterior_ilegivel,BOM-SYN-0063-M1,candidato,12,estudante,inscricao,ficha_inscricao,todo_candidato,obrigatorio,BOM-DOC-000311,ok,2026,nao_se_aplica,nao_se_aplica,0.97,nenhuma,nao,confirmado
bom_aluno_bh,selecao_2026,BOM-SYN-0063,boletim_anterior_ilegivel,BOM-SYN-0063-M1,candidato,12,estudante,escolar,boletim_ano_anterior,todo_candidato,obrigatorio,BOM-DOC-000312,ilegivel,2025,nao_se_aplica,nao_se_aplica,0.28,solicitar_arquivo_legivel,sim,confirmado
bom_aluno_bh,selecao_2026,BOM-SYN-0063,boletim_anterior_ilegivel,BOM-SYN-0063-M1,candidato,12,estudante,escolar,boletim_ano_atual,todo_candidato,obrigatorio,BOM-DOC-000313,ok,2026_bimestres_disponiveis,nao_se_aplica,nao_se_aplica,0.97,nenhuma,nao,confirmado
bom_aluno_bh,selecao_2026,BOM-SYN-0063,boletim_anterior_ilegivel,BOM-SYN-0063-M2,responsavel,33,responsavel_familiar,cadastro_social,folha_resumo_cadunico,familia_inscrita_no_cadunico,preferencial,BOM-DOC-000314,ok,atual,nao_se_aplica,nao_se_aplica,0.97,nenhuma,sim,parcial
bom_aluno_bh,selecao_2026,BOM-SYN-0063,boletim_anterior_ilegivel,BOM-SYN-0063-M2,responsavel,33,responsavel_familiar,residencia,comprovante_endereco,lista_detalhada_nao_publicada,a_validar,BOM-DOC-000315,ok,periodo_a_validar,nao_se_aplica,nao_se_aplica,0.97,nenhuma,sim,hipotese
bom_aluno_bh,selecao_2026,BOM-SYN-0064,boletim_atual_incompleto,BOM-SYN-0064-M1,candidato,11,estudante,inscricao,ficha_inscricao,todo_candidato,obrigatorio,BOM-DOC-000316,ok,2026,nao_se_aplica,nao_se_aplica,0.97,nenhuma,nao,confirmado
bom_aluno_bh,selecao_2026,BOM-SYN-0064,boletim_atual_incompleto,BOM-SYN-0064-M1,candidato,11,estudante,escolar,boletim_ano_anterior,todo_candidato,obrigatorio,BOM-DOC-000317,ok,2025,nao_se_aplica,nao_se_aplica,0.97,nenhuma,nao,confirmado
bom_aluno_bh,selecao_2026,BOM-SYN-0064,boletim_atual_incompleto,BOM-SYN-0064-M1,candidato,11,estudante,escolar,boletim_ano_atual,todo_candidato,obrigatorio,BOM-DOC-000318,periodo_incompleto,2026_bimestres_disponiveis,nao_se_aplica,nao_se_aplica,0.89,solicitar_competencias_ausentes,sim,confirmado
bom_aluno_bh,selecao_2026,BOM-SYN-0064,boletim_atual_incompleto,BOM-SYN-0064-M2,responsavel,34,responsavel_familiar,cadastro_social,folha_resumo_cadunico,familia_inscrita_no_cadunico,preferencial,BOM-DOC-000319,ok,atual,nao_se_aplica,nao_se_aplica,0.97,nenhuma,sim,parcial
bom_aluno_bh,selecao_2026,BOM-SYN-0064,boletim_atual_incompleto,BOM-SYN-0064-M2,responsavel,34,responsavel_familiar,renda,comprovante_renda_familiar,criterio_de_renda_publicado_documento_nao_enumerado,a_validar,BOM-DOC-000320,ok,periodo_a_validar,1818.00,1818.00,0.97,nenhuma,sim,hipotese
bom_aluno_bh,selecao_2026,BOM-SYN-0065,renda_declarada_divergente,BOM-SYN-0065-M1,candidato,12,estudante,inscricao,ficha_inscricao,todo_candidato,obrigatorio,BOM-DOC-000321,ok,2026,nao_se_aplica,nao_se_aplica,0.97,nenhuma,nao,confirmado
bom_aluno_bh,selecao_2026,BOM-SYN-0065,renda_declarada_divergente,BOM-SYN-0065-M1,candidato,12,estudante,escolar,boletim_ano_anterior,todo_candidato,obrigatorio,BOM-DOC-000322,ok,2025,nao_se_aplica,nao_se_aplica,0.97,nenhuma,nao,confirmado
bom_aluno_bh,selecao_2026,BOM-SYN-0065,renda_declarada_divergente,BOM-SYN-0065-M1,candidato,12,estudante,escolar,boletim_ano_atual,todo_candidato,obrigatorio,BOM-DOC-000323,ok,2026_bimestres_disponiveis,nao_se_aplica,nao_se_aplica,0.97,nenhuma,nao,confirmado
bom_aluno_bh,selecao_2026,BOM-SYN-0065,renda_declarada_divergente,BOM-SYN-0065-M2,responsavel,35,responsavel_familiar,cadastro_social,folha_resumo_cadunico,familia_inscrita_no_cadunico,preferencial,BOM-DOC-000324,ok,atual,nao_se_aplica,nao_se_aplica,0.97,nenhuma,sim,parcial
bom_aluno_bh,selecao_2026,BOM-SYN-0065,renda_declarada_divergente,BOM-SYN-0065-M2,responsavel,35,responsavel_familiar,renda,comprovante_renda_familiar,criterio_de_renda_publicado_documento_nao_enumerado,a_validar,BOM-DOC-000325,divergente,periodo_a_validar,1955.00,2605.00,0.93,comparar_declaracao_e_documento,sim,hipotese
bom_aluno_bh,selecao_2026,BOM-SYN-0066,cadunico_desatualizado,BOM-SYN-0066-M1,candidato,11,estudante,inscricao,ficha_inscricao,todo_candidato,obrigatorio,BOM-DOC-000326,ok,2026,nao_se_aplica,nao_se_aplica,0.97,nenhuma,nao,confirmado
bom_aluno_bh,selecao_2026,BOM-SYN-0066,cadunico_desatualizado,BOM-SYN-0066-M1,candidato,11,estudante,escolar,boletim_ano_anterior,todo_candidato,obrigatorio,BOM-DOC-000327,ok,2025,nao_se_aplica,nao_se_aplica,0.97,nenhuma,nao,confirmado
bom_aluno_bh,selecao_2026,BOM-SYN-0066,cadunico_desatualizado,BOM-SYN-0066-M1,candidato,11,estudante,escolar,boletim_ano_atual,todo_candidato,obrigatorio,BOM-DOC-000328,ok,2026_bimestres_disponiveis,nao_se_aplica,nao_se_aplica,0.97,nenhuma,nao,confirmado
bom_aluno_bh,selecao_2026,BOM-SYN-0066,cadunico_desatualizado,BOM-SYN-0066-M2,responsavel,36,responsavel_familiar,cadastro_social,folha_resumo_cadunico,familia_inscrita_no_cadunico,preferencial,BOM-DOC-000329,desatualizado,atual,nao_se_aplica,nao_se_aplica,0.95,solicitar_documento_atualizado,sim,parcial
bom_aluno_bh,selecao_2026,BOM-SYN-0066,cadunico_desatualizado,BOM-SYN-0066-M2,responsavel,36,responsavel_familiar,identificacao,rg_cpf_responsavel,lista_detalhada_nao_publicada,a_validar,BOM-DOC-000330,ok,periodo_a_validar,nao_se_aplica,nao_se_aplica,0.97,nenhuma,sim,hipotese
bom_aluno_bh,selecao_2026,BOM-SYN-0067,inscricao_inicial_completa,BOM-SYN-0067-M1,candidato,12,estudante,inscricao,ficha_inscricao,todo_candidato,obrigatorio,BOM-DOC-000331,ok,2026,nao_se_aplica,nao_se_aplica,0.97,nenhuma,nao,confirmado
bom_aluno_bh,selecao_2026,BOM-SYN-0067,inscricao_inicial_completa,BOM-SYN-0067-M1,candidato,12,estudante,escolar,boletim_ano_anterior,todo_candidato,obrigatorio,BOM-DOC-000332,ok,2025,nao_se_aplica,nao_se_aplica,0.97,nenhuma,nao,confirmado
bom_aluno_bh,selecao_2026,BOM-SYN-0067,inscricao_inicial_completa,BOM-SYN-0067-M1,candidato,12,estudante,escolar,boletim_ano_atual,todo_candidato,obrigatorio,BOM-DOC-000333,ok,2026_bimestres_disponiveis,nao_se_aplica,nao_se_aplica,0.97,nenhuma,nao,confirmado
bom_aluno_bh,selecao_2026,BOM-SYN-0067,inscricao_inicial_completa,BOM-SYN-0067-M2,responsavel,37,responsavel_familiar,cadastro_social,folha_resumo_cadunico,familia_inscrita_no_cadunico,preferencial,BOM-DOC-000334,ok,atual,nao_se_aplica,nao_se_aplica,0.97,nenhuma,sim,parcial
bom_aluno_bh,selecao_2026,BOM-SYN-0067,inscricao_inicial_completa,BOM-SYN-0067-M2,responsavel,37,responsavel_familiar,residencia,comprovante_endereco,lista_detalhada_nao_publicada,a_validar,BOM-DOC-000335,ok,periodo_a_validar,nao_se_aplica,nao_se_aplica,0.97,nenhuma,sim,hipotese
bom_aluno_bh,selecao_2026,BOM-SYN-0068,boletim_atual_faltante,BOM-SYN-0068-M1,candidato,11,estudante,inscricao,ficha_inscricao,todo_candidato,obrigatorio,BOM-DOC-000336,ok,2026,nao_se_aplica,nao_se_aplica,0.97,nenhuma,nao,confirmado
bom_aluno_bh,selecao_2026,BOM-SYN-0068,boletim_atual_faltante,BOM-SYN-0068-M1,candidato,11,estudante,escolar,boletim_ano_anterior,todo_candidato,obrigatorio,BOM-DOC-000337,ok,2025,nao_se_aplica,nao_se_aplica,0.97,nenhuma,nao,confirmado
bom_aluno_bh,selecao_2026,BOM-SYN-0068,boletim_atual_faltante,BOM-SYN-0068-M1,candidato,11,estudante,escolar,boletim_ano_atual,todo_candidato,obrigatorio,ausente,faltante,2026_bimestres_disponiveis,nao_se_aplica,nao_se_aplica,0.00,solicitar_documento_faltante,sim,confirmado
bom_aluno_bh,selecao_2026,BOM-SYN-0068,boletim_atual_faltante,BOM-SYN-0068-M2,responsavel,38,responsavel_familiar,cadastro_social,folha_resumo_cadunico,familia_inscrita_no_cadunico,preferencial,BOM-DOC-000339,ok,atual,nao_se_aplica,nao_se_aplica,0.97,nenhuma,sim,parcial
bom_aluno_bh,selecao_2026,BOM-SYN-0068,boletim_atual_faltante,BOM-SYN-0068-M2,responsavel,38,responsavel_familiar,renda,comprovante_renda_familiar,criterio_de_renda_publicado_documento_nao_enumerado,a_validar,BOM-DOC-000340,ok,periodo_a_validar,2366.00,2366.00,0.97,nenhuma,sim,hipotese
bom_aluno_bh,selecao_2026,BOM-SYN-0069,boletim_anterior_ilegivel,BOM-SYN-0069-M1,candidato,12,estudante,inscricao,ficha_inscricao,todo_candidato,obrigatorio,BOM-DOC-000341,ok,2026,nao_se_aplica,nao_se_aplica,0.97,nenhuma,nao,confirmado
bom_aluno_bh,selecao_2026,BOM-SYN-0069,boletim_anterior_ilegivel,BOM-SYN-0069-M1,candidato,12,estudante,escolar,boletim_ano_anterior,todo_candidato,obrigatorio,BOM-DOC-000342,ilegivel,2025,nao_se_aplica,nao_se_aplica,0.28,solicitar_arquivo_legivel,sim,confirmado
bom_aluno_bh,selecao_2026,BOM-SYN-0069,boletim_anterior_ilegivel,BOM-SYN-0069-M1,candidato,12,estudante,escolar,boletim_ano_atual,todo_candidato,obrigatorio,BOM-DOC-000343,ok,2026_bimestres_disponiveis,nao_se_aplica,nao_se_aplica,0.97,nenhuma,nao,confirmado
bom_aluno_bh,selecao_2026,BOM-SYN-0069,boletim_anterior_ilegivel,BOM-SYN-0069-M2,responsavel,39,responsavel_familiar,cadastro_social,folha_resumo_cadunico,familia_inscrita_no_cadunico,preferencial,BOM-DOC-000344,ok,atual,nao_se_aplica,nao_se_aplica,0.97,nenhuma,sim,parcial
bom_aluno_bh,selecao_2026,BOM-SYN-0069,boletim_anterior_ilegivel,BOM-SYN-0069-M1,candidato,12,estudante,identificacao,certidao_ou_rg_candidato,lista_detalhada_nao_publicada,a_validar,BOM-DOC-000345,ok,periodo_a_validar,nao_se_aplica,nao_se_aplica,0.97,nenhuma,sim,hipotese
bom_aluno_bh,selecao_2026,BOM-SYN-0070,boletim_atual_incompleto,BOM-SYN-0070-M1,candidato,11,estudante,inscricao,ficha_inscricao,todo_candidato,obrigatorio,BOM-DOC-000346,ok,2026,nao_se_aplica,nao_se_aplica,0.97,nenhuma,nao,confirmado
bom_aluno_bh,selecao_2026,BOM-SYN-0070,boletim_atual_incompleto,BOM-SYN-0070-M1,candidato,11,estudante,escolar,boletim_ano_anterior,todo_candidato,obrigatorio,BOM-DOC-000347,ok,2025,nao_se_aplica,nao_se_aplica,0.97,nenhuma,nao,confirmado
bom_aluno_bh,selecao_2026,BOM-SYN-0070,boletim_atual_incompleto,BOM-SYN-0070-M1,candidato,11,estudante,escolar,boletim_ano_atual,todo_candidato,obrigatorio,BOM-DOC-000348,periodo_incompleto,2026_bimestres_disponiveis,nao_se_aplica,nao_se_aplica,0.89,solicitar_competencias_ausentes,sim,confirmado
bom_aluno_bh,selecao_2026,BOM-SYN-0070,boletim_atual_incompleto,BOM-SYN-0070-M2,responsavel,40,responsavel_familiar,cadastro_social,folha_resumo_cadunico,familia_inscrita_no_cadunico,preferencial,BOM-DOC-000349,ok,atual,nao_se_aplica,nao_se_aplica,0.97,nenhuma,sim,parcial
bom_aluno_bh,selecao_2026,BOM-SYN-0070,boletim_atual_incompleto,BOM-SYN-0070-M2,responsavel,40,responsavel_familiar,identificacao,rg_cpf_responsavel,lista_detalhada_nao_publicada,a_validar,BOM-DOC-000350,ok,periodo_a_validar,nao_se_aplica,nao_se_aplica,0.97,nenhuma,sim,hipotese
bom_aluno_bh,selecao_2026,BOM-SYN-0071,renda_declarada_divergente,BOM-SYN-0071-M1,candidato,12,estudante,inscricao,ficha_inscricao,todo_candidato,obrigatorio,BOM-DOC-000351,ok,2026,nao_se_aplica,nao_se_aplica,0.97,nenhuma,nao,confirmado
bom_aluno_bh,selecao_2026,BOM-SYN-0071,renda_declarada_divergente,BOM-SYN-0071-M1,candidato,12,estudante,escolar,boletim_ano_anterior,todo_candidato,obrigatorio,BOM-DOC-000352,ok,2025,nao_se_aplica,nao_se_aplica,0.97,nenhuma,nao,confirmado
bom_aluno_bh,selecao_2026,BOM-SYN-0071,renda_declarada_divergente,BOM-SYN-0071-M1,candidato,12,estudante,escolar,boletim_ano_atual,todo_candidato,obrigatorio,BOM-DOC-000353,ok,2026_bimestres_disponiveis,nao_se_aplica,nao_se_aplica,0.97,nenhuma,nao,confirmado
bom_aluno_bh,selecao_2026,BOM-SYN-0071,renda_declarada_divergente,BOM-SYN-0071-M2,responsavel,41,responsavel_familiar,cadastro_social,folha_resumo_cadunico,familia_inscrita_no_cadunico,preferencial,BOM-DOC-000354,ok,atual,nao_se_aplica,nao_se_aplica,0.97,nenhuma,sim,parcial
bom_aluno_bh,selecao_2026,BOM-SYN-0071,renda_declarada_divergente,BOM-SYN-0071-M2,responsavel,41,responsavel_familiar,renda,comprovante_renda_familiar,criterio_de_renda_publicado_documento_nao_enumerado,a_validar,BOM-DOC-000355,divergente,periodo_a_validar,2777.00,3427.00,0.93,comparar_declaracao_e_documento,sim,hipotese
bom_aluno_bh,selecao_2026,BOM-SYN-0072,cadunico_desatualizado,BOM-SYN-0072-M1,candidato,11,estudante,inscricao,ficha_inscricao,todo_candidato,obrigatorio,BOM-DOC-000356,ok,2026,nao_se_aplica,nao_se_aplica,0.97,nenhuma,nao,confirmado
bom_aluno_bh,selecao_2026,BOM-SYN-0072,cadunico_desatualizado,BOM-SYN-0072-M1,candidato,11,estudante,escolar,boletim_ano_anterior,todo_candidato,obrigatorio,BOM-DOC-000357,ok,2025,nao_se_aplica,nao_se_aplica,0.97,nenhuma,nao,confirmado
bom_aluno_bh,selecao_2026,BOM-SYN-0072,cadunico_desatualizado,BOM-SYN-0072-M1,candidato,11,estudante,escolar,boletim_ano_atual,todo_candidato,obrigatorio,BOM-DOC-000358,ok,2026_bimestres_disponiveis,nao_se_aplica,nao_se_aplica,0.97,nenhuma,nao,confirmado
bom_aluno_bh,selecao_2026,BOM-SYN-0072,cadunico_desatualizado,BOM-SYN-0072-M2,responsavel,42,responsavel_familiar,cadastro_social,folha_resumo_cadunico,familia_inscrita_no_cadunico,preferencial,BOM-DOC-000359,desatualizado,atual,nao_se_aplica,nao_se_aplica,0.95,solicitar_documento_atualizado,sim,parcial
bom_aluno_bh,selecao_2026,BOM-SYN-0072,cadunico_desatualizado,BOM-SYN-0072-M2,responsavel,42,responsavel_familiar,renda,comprovante_renda_familiar,criterio_de_renda_publicado_documento_nao_enumerado,a_validar,BOM-DOC-000360,ok,periodo_a_validar,2914.00,2914.00,0.97,nenhuma,sim,hipotese
bom_aluno_bh,selecao_2026,BOM-SYN-0073,inscricao_inicial_completa,BOM-SYN-0073-M1,candidato,12,estudante,inscricao,ficha_inscricao,todo_candidato,obrigatorio,BOM-DOC-000361,ok,2026,nao_se_aplica,nao_se_aplica,0.97,nenhuma,nao,confirmado
bom_aluno_bh,selecao_2026,BOM-SYN-0073,inscricao_inicial_completa,BOM-SYN-0073-M1,candidato,12,estudante,escolar,boletim_ano_anterior,todo_candidato,obrigatorio,BOM-DOC-000362,ok,2025,nao_se_aplica,nao_se_aplica,0.97,nenhuma,nao,confirmado
bom_aluno_bh,selecao_2026,BOM-SYN-0073,inscricao_inicial_completa,BOM-SYN-0073-M1,candidato,12,estudante,escolar,boletim_ano_atual,todo_candidato,obrigatorio,BOM-DOC-000363,ok,2026_bimestres_disponiveis,nao_se_aplica,nao_se_aplica,0.97,nenhuma,nao,confirmado
bom_aluno_bh,selecao_2026,BOM-SYN-0073,inscricao_inicial_completa,BOM-SYN-0073-M2,responsavel,43,responsavel_familiar,cadastro_social,folha_resumo_cadunico,familia_inscrita_no_cadunico,preferencial,BOM-DOC-000364,ok,atual,nao_se_aplica,nao_se_aplica,0.97,nenhuma,sim,parcial
bom_aluno_bh,selecao_2026,BOM-SYN-0073,inscricao_inicial_completa,BOM-SYN-0073-M1,candidato,12,estudante,identificacao,certidao_ou_rg_candidato,lista_detalhada_nao_publicada,a_validar,BOM-DOC-000365,ok,periodo_a_validar,nao_se_aplica,nao_se_aplica,0.97,nenhuma,sim,hipotese
bom_aluno_bh,selecao_2026,BOM-SYN-0074,boletim_atual_faltante,BOM-SYN-0074-M1,candidato,11,estudante,inscricao,ficha_inscricao,todo_candidato,obrigatorio,BOM-DOC-000366,ok,2026,nao_se_aplica,nao_se_aplica,0.97,nenhuma,nao,confirmado
bom_aluno_bh,selecao_2026,BOM-SYN-0074,boletim_atual_faltante,BOM-SYN-0074-M1,candidato,11,estudante,escolar,boletim_ano_anterior,todo_candidato,obrigatorio,BOM-DOC-000367,ok,2025,nao_se_aplica,nao_se_aplica,0.97,nenhuma,nao,confirmado
bom_aluno_bh,selecao_2026,BOM-SYN-0074,boletim_atual_faltante,BOM-SYN-0074-M1,candidato,11,estudante,escolar,boletim_ano_atual,todo_candidato,obrigatorio,ausente,faltante,2026_bimestres_disponiveis,nao_se_aplica,nao_se_aplica,0.00,solicitar_documento_faltante,sim,confirmado
bom_aluno_bh,selecao_2026,BOM-SYN-0074,boletim_atual_faltante,BOM-SYN-0074-M2,responsavel,44,responsavel_familiar,cadastro_social,folha_resumo_cadunico,familia_inscrita_no_cadunico,preferencial,BOM-DOC-000369,ok,atual,nao_se_aplica,nao_se_aplica,0.97,nenhuma,sim,parcial
bom_aluno_bh,selecao_2026,BOM-SYN-0074,boletim_atual_faltante,BOM-SYN-0074-M2,responsavel,44,responsavel_familiar,identificacao,rg_cpf_responsavel,lista_detalhada_nao_publicada,a_validar,BOM-DOC-000370,ok,periodo_a_validar,nao_se_aplica,nao_se_aplica,0.97,nenhuma,sim,hipotese
bom_aluno_bh,selecao_2026,BOM-SYN-0075,boletim_anterior_ilegivel,BOM-SYN-0075-M1,candidato,12,estudante,inscricao,ficha_inscricao,todo_candidato,obrigatorio,BOM-DOC-000371,ok,2026,nao_se_aplica,nao_se_aplica,0.97,nenhuma,nao,confirmado
bom_aluno_bh,selecao_2026,BOM-SYN-0075,boletim_anterior_ilegivel,BOM-SYN-0075-M1,candidato,12,estudante,escolar,boletim_ano_anterior,todo_candidato,obrigatorio,BOM-DOC-000372,ilegivel,2025,nao_se_aplica,nao_se_aplica,0.28,solicitar_arquivo_legivel,sim,confirmado
bom_aluno_bh,selecao_2026,BOM-SYN-0075,boletim_anterior_ilegivel,BOM-SYN-0075-M1,candidato,12,estudante,escolar,boletim_ano_atual,todo_candidato,obrigatorio,BOM-DOC-000373,ok,2026_bimestres_disponiveis,nao_se_aplica,nao_se_aplica,0.97,nenhuma,nao,confirmado
bom_aluno_bh,selecao_2026,BOM-SYN-0075,boletim_anterior_ilegivel,BOM-SYN-0075-M2,responsavel,45,responsavel_familiar,cadastro_social,folha_resumo_cadunico,familia_inscrita_no_cadunico,preferencial,BOM-DOC-000374,ok,atual,nao_se_aplica,nao_se_aplica,0.97,nenhuma,sim,parcial
bom_aluno_bh,selecao_2026,BOM-SYN-0075,boletim_anterior_ilegivel,BOM-SYN-0075-M2,responsavel,45,responsavel_familiar,residencia,comprovante_endereco,lista_detalhada_nao_publicada,a_validar,BOM-DOC-000375,ok,periodo_a_validar,nao_se_aplica,nao_se_aplica,0.97,nenhuma,sim,hipotese
bom_aluno_bh,selecao_2026,BOM-SYN-0076,boletim_atual_incompleto,BOM-SYN-0076-M1,candidato,11,estudante,inscricao,ficha_inscricao,todo_candidato,obrigatorio,BOM-DOC-000376,ok,2026,nao_se_aplica,nao_se_aplica,0.97,nenhuma,nao,confirmado
bom_aluno_bh,selecao_2026,BOM-SYN-0076,boletim_atual_incompleto,BOM-SYN-0076-M1,candidato,11,estudante,escolar,boletim_ano_anterior,todo_candidato,obrigatorio,BOM-DOC-000377,ok,2025,nao_se_aplica,nao_se_aplica,0.97,nenhuma,nao,confirmado
bom_aluno_bh,selecao_2026,BOM-SYN-0076,boletim_atual_incompleto,BOM-SYN-0076-M1,candidato,11,estudante,escolar,boletim_ano_atual,todo_candidato,obrigatorio,BOM-DOC-000378,periodo_incompleto,2026_bimestres_disponiveis,nao_se_aplica,nao_se_aplica,0.89,solicitar_competencias_ausentes,sim,confirmado
bom_aluno_bh,selecao_2026,BOM-SYN-0076,boletim_atual_incompleto,BOM-SYN-0076-M2,responsavel,46,responsavel_familiar,cadastro_social,folha_resumo_cadunico,familia_inscrita_no_cadunico,preferencial,BOM-DOC-000379,ok,atual,nao_se_aplica,nao_se_aplica,0.97,nenhuma,sim,parcial
bom_aluno_bh,selecao_2026,BOM-SYN-0076,boletim_atual_incompleto,BOM-SYN-0076-M2,responsavel,46,responsavel_familiar,renda,comprovante_renda_familiar,criterio_de_renda_publicado_documento_nao_enumerado,a_validar,BOM-DOC-000380,ok,periodo_a_validar,3462.00,3462.00,0.97,nenhuma,sim,hipotese
bom_aluno_bh,selecao_2026,BOM-SYN-0077,renda_declarada_divergente,BOM-SYN-0077-M1,candidato,12,estudante,inscricao,ficha_inscricao,todo_candidato,obrigatorio,BOM-DOC-000381,ok,2026,nao_se_aplica,nao_se_aplica,0.97,nenhuma,nao,confirmado
bom_aluno_bh,selecao_2026,BOM-SYN-0077,renda_declarada_divergente,BOM-SYN-0077-M1,candidato,12,estudante,escolar,boletim_ano_anterior,todo_candidato,obrigatorio,BOM-DOC-000382,ok,2025,nao_se_aplica,nao_se_aplica,0.97,nenhuma,nao,confirmado
bom_aluno_bh,selecao_2026,BOM-SYN-0077,renda_declarada_divergente,BOM-SYN-0077-M1,candidato,12,estudante,escolar,boletim_ano_atual,todo_candidato,obrigatorio,BOM-DOC-000383,ok,2026_bimestres_disponiveis,nao_se_aplica,nao_se_aplica,0.97,nenhuma,nao,confirmado
bom_aluno_bh,selecao_2026,BOM-SYN-0077,renda_declarada_divergente,BOM-SYN-0077-M2,responsavel,47,responsavel_familiar,cadastro_social,folha_resumo_cadunico,familia_inscrita_no_cadunico,preferencial,BOM-DOC-000384,ok,atual,nao_se_aplica,nao_se_aplica,0.97,nenhuma,sim,parcial
bom_aluno_bh,selecao_2026,BOM-SYN-0077,renda_declarada_divergente,BOM-SYN-0077-M2,responsavel,47,responsavel_familiar,renda,comprovante_renda_familiar,criterio_de_renda_publicado_documento_nao_enumerado,a_validar,BOM-DOC-000385,divergente,periodo_a_validar,3599.00,4249.00,0.93,comparar_declaracao_e_documento,sim,hipotese
bom_aluno_bh,selecao_2026,BOM-SYN-0078,cadunico_desatualizado,BOM-SYN-0078-M1,candidato,11,estudante,inscricao,ficha_inscricao,todo_candidato,obrigatorio,BOM-DOC-000386,ok,2026,nao_se_aplica,nao_se_aplica,0.97,nenhuma,nao,confirmado
bom_aluno_bh,selecao_2026,BOM-SYN-0078,cadunico_desatualizado,BOM-SYN-0078-M1,candidato,11,estudante,escolar,boletim_ano_anterior,todo_candidato,obrigatorio,BOM-DOC-000387,ok,2025,nao_se_aplica,nao_se_aplica,0.97,nenhuma,nao,confirmado
bom_aluno_bh,selecao_2026,BOM-SYN-0078,cadunico_desatualizado,BOM-SYN-0078-M1,candidato,11,estudante,escolar,boletim_ano_atual,todo_candidato,obrigatorio,BOM-DOC-000388,ok,2026_bimestres_disponiveis,nao_se_aplica,nao_se_aplica,0.97,nenhuma,nao,confirmado
bom_aluno_bh,selecao_2026,BOM-SYN-0078,cadunico_desatualizado,BOM-SYN-0078-M2,responsavel,48,responsavel_familiar,cadastro_social,folha_resumo_cadunico,familia_inscrita_no_cadunico,preferencial,BOM-DOC-000389,desatualizado,atual,nao_se_aplica,nao_se_aplica,0.95,solicitar_documento_atualizado,sim,parcial
bom_aluno_bh,selecao_2026,BOM-SYN-0078,cadunico_desatualizado,BOM-SYN-0078-M2,responsavel,48,responsavel_familiar,identificacao,rg_cpf_responsavel,lista_detalhada_nao_publicada,a_validar,BOM-DOC-000390,ok,periodo_a_validar,nao_se_aplica,nao_se_aplica,0.97,nenhuma,sim,hipotese
bom_aluno_bh,selecao_2026,BOM-SYN-0079,inscricao_inicial_completa,BOM-SYN-0079-M1,candidato,12,estudante,inscricao,ficha_inscricao,todo_candidato,obrigatorio,BOM-DOC-000391,ok,2026,nao_se_aplica,nao_se_aplica,0.97,nenhuma,nao,confirmado
bom_aluno_bh,selecao_2026,BOM-SYN-0079,inscricao_inicial_completa,BOM-SYN-0079-M1,candidato,12,estudante,escolar,boletim_ano_anterior,todo_candidato,obrigatorio,BOM-DOC-000392,ok,2025,nao_se_aplica,nao_se_aplica,0.97,nenhuma,nao,confirmado
bom_aluno_bh,selecao_2026,BOM-SYN-0079,inscricao_inicial_completa,BOM-SYN-0079-M1,candidato,12,estudante,escolar,boletim_ano_atual,todo_candidato,obrigatorio,BOM-DOC-000393,ok,2026_bimestres_disponiveis,nao_se_aplica,nao_se_aplica,0.97,nenhuma,nao,confirmado
bom_aluno_bh,selecao_2026,BOM-SYN-0079,inscricao_inicial_completa,BOM-SYN-0079-M2,responsavel,49,responsavel_familiar,cadastro_social,folha_resumo_cadunico,familia_inscrita_no_cadunico,preferencial,BOM-DOC-000394,ok,atual,nao_se_aplica,nao_se_aplica,0.97,nenhuma,sim,parcial
bom_aluno_bh,selecao_2026,BOM-SYN-0079,inscricao_inicial_completa,BOM-SYN-0079-M2,responsavel,49,responsavel_familiar,residencia,comprovante_endereco,lista_detalhada_nao_publicada,a_validar,BOM-DOC-000395,ok,periodo_a_validar,nao_se_aplica,nao_se_aplica,0.97,nenhuma,sim,hipotese
bom_aluno_bh,selecao_2026,BOM-SYN-0080,boletim_atual_faltante,BOM-SYN-0080-M1,candidato,11,estudante,inscricao,ficha_inscricao,todo_candidato,obrigatorio,BOM-DOC-000396,ok,2026,nao_se_aplica,nao_se_aplica,0.97,nenhuma,nao,confirmado
bom_aluno_bh,selecao_2026,BOM-SYN-0080,boletim_atual_faltante,BOM-SYN-0080-M1,candidato,11,estudante,escolar,boletim_ano_anterior,todo_candidato,obrigatorio,BOM-DOC-000397,ok,2025,nao_se_aplica,nao_se_aplica,0.97,nenhuma,nao,confirmado
bom_aluno_bh,selecao_2026,BOM-SYN-0080,boletim_atual_faltante,BOM-SYN-0080-M1,candidato,11,estudante,escolar,boletim_ano_atual,todo_candidato,obrigatorio,ausente,faltante,2026_bimestres_disponiveis,nao_se_aplica,nao_se_aplica,0.00,solicitar_documento_faltante,sim,confirmado
bom_aluno_bh,selecao_2026,BOM-SYN-0080,boletim_atual_faltante,BOM-SYN-0080-M2,responsavel,50,responsavel_familiar,cadastro_social,folha_resumo_cadunico,familia_inscrita_no_cadunico,preferencial,BOM-DOC-000399,ok,atual,nao_se_aplica,nao_se_aplica,0.97,nenhuma,sim,parcial
bom_aluno_bh,selecao_2026,BOM-SYN-0080,boletim_atual_faltante,BOM-SYN-0080-M2,responsavel,50,responsavel_familiar,renda,comprovante_renda_familiar,criterio_de_renda_publicado_documento_nao_enumerado,a_validar,BOM-DOC-000400,ok,periodo_a_validar,4010.00,4010.00,0.97,nenhuma,sim,hipotese
bom_aluno_bh,selecao_2026,BOM-SYN-0081,boletim_anterior_ilegivel,BOM-SYN-0081-M1,candidato,12,estudante,inscricao,ficha_inscricao,todo_candidato,obrigatorio,BOM-DOC-000401,ok,2026,nao_se_aplica,nao_se_aplica,0.97,nenhuma,nao,confirmado
bom_aluno_bh,selecao_2026,BOM-SYN-0081,boletim_anterior_ilegivel,BOM-SYN-0081-M1,candidato,12,estudante,escolar,boletim_ano_anterior,todo_candidato,obrigatorio,BOM-DOC-000402,ilegivel,2025,nao_se_aplica,nao_se_aplica,0.28,solicitar_arquivo_legivel,sim,confirmado
bom_aluno_bh,selecao_2026,BOM-SYN-0081,boletim_anterior_ilegivel,BOM-SYN-0081-M1,candidato,12,estudante,escolar,boletim_ano_atual,todo_candidato,obrigatorio,BOM-DOC-000403,ok,2026_bimestres_disponiveis,nao_se_aplica,nao_se_aplica,0.97,nenhuma,nao,confirmado
bom_aluno_bh,selecao_2026,BOM-SYN-0081,boletim_anterior_ilegivel,BOM-SYN-0081-M2,responsavel,51,responsavel_familiar,cadastro_social,folha_resumo_cadunico,familia_inscrita_no_cadunico,preferencial,BOM-DOC-000404,ok,atual,nao_se_aplica,nao_se_aplica,0.97,nenhuma,sim,parcial
bom_aluno_bh,selecao_2026,BOM-SYN-0081,boletim_anterior_ilegivel,BOM-SYN-0081-M1,candidato,12,estudante,identificacao,certidao_ou_rg_candidato,lista_detalhada_nao_publicada,a_validar,BOM-DOC-000405,ok,periodo_a_validar,nao_se_aplica,nao_se_aplica,0.97,nenhuma,sim,hipotese
bom_aluno_bh,selecao_2026,BOM-SYN-0082,boletim_atual_incompleto,BOM-SYN-0082-M1,candidato,11,estudante,inscricao,ficha_inscricao,todo_candidato,obrigatorio,BOM-DOC-000406,ok,2026,nao_se_aplica,nao_se_aplica,0.97,nenhuma,nao,confirmado
bom_aluno_bh,selecao_2026,BOM-SYN-0082,boletim_atual_incompleto,BOM-SYN-0082-M1,candidato,11,estudante,escolar,boletim_ano_anterior,todo_candidato,obrigatorio,BOM-DOC-000407,ok,2025,nao_se_aplica,nao_se_aplica,0.97,nenhuma,nao,confirmado
bom_aluno_bh,selecao_2026,BOM-SYN-0082,boletim_atual_incompleto,BOM-SYN-0082-M1,candidato,11,estudante,escolar,boletim_ano_atual,todo_candidato,obrigatorio,BOM-DOC-000408,periodo_incompleto,2026_bimestres_disponiveis,nao_se_aplica,nao_se_aplica,0.89,solicitar_competencias_ausentes,sim,confirmado
bom_aluno_bh,selecao_2026,BOM-SYN-0082,boletim_atual_incompleto,BOM-SYN-0082-M2,responsavel,52,responsavel_familiar,cadastro_social,folha_resumo_cadunico,familia_inscrita_no_cadunico,preferencial,BOM-DOC-000409,ok,atual,nao_se_aplica,nao_se_aplica,0.97,nenhuma,sim,parcial
bom_aluno_bh,selecao_2026,BOM-SYN-0082,boletim_atual_incompleto,BOM-SYN-0082-M2,responsavel,52,responsavel_familiar,identificacao,rg_cpf_responsavel,lista_detalhada_nao_publicada,a_validar,BOM-DOC-000410,ok,periodo_a_validar,nao_se_aplica,nao_se_aplica,0.97,nenhuma,sim,hipotese
bom_aluno_bh,selecao_2026,BOM-SYN-0083,renda_declarada_divergente,BOM-SYN-0083-M1,candidato,12,estudante,inscricao,ficha_inscricao,todo_candidato,obrigatorio,BOM-DOC-000411,ok,2026,nao_se_aplica,nao_se_aplica,0.97,nenhuma,nao,confirmado
bom_aluno_bh,selecao_2026,BOM-SYN-0083,renda_declarada_divergente,BOM-SYN-0083-M1,candidato,12,estudante,escolar,boletim_ano_anterior,todo_candidato,obrigatorio,BOM-DOC-000412,ok,2025,nao_se_aplica,nao_se_aplica,0.97,nenhuma,nao,confirmado
bom_aluno_bh,selecao_2026,BOM-SYN-0083,renda_declarada_divergente,BOM-SYN-0083-M1,candidato,12,estudante,escolar,boletim_ano_atual,todo_candidato,obrigatorio,BOM-DOC-000413,ok,2026_bimestres_disponiveis,nao_se_aplica,nao_se_aplica,0.97,nenhuma,nao,confirmado
bom_aluno_bh,selecao_2026,BOM-SYN-0083,renda_declarada_divergente,BOM-SYN-0083-M2,responsavel,53,responsavel_familiar,cadastro_social,folha_resumo_cadunico,familia_inscrita_no_cadunico,preferencial,BOM-DOC-000414,ok,atual,nao_se_aplica,nao_se_aplica,0.97,nenhuma,sim,parcial
bom_aluno_bh,selecao_2026,BOM-SYN-0083,renda_declarada_divergente,BOM-SYN-0083-M2,responsavel,53,responsavel_familiar,renda,comprovante_renda_familiar,criterio_de_renda_publicado_documento_nao_enumerado,a_validar,BOM-DOC-000415,divergente,periodo_a_validar,4421.00,5071.00,0.93,comparar_declaracao_e_documento,sim,hipotese
bom_aluno_bh,selecao_2026,BOM-SYN-0084,cadunico_desatualizado,BOM-SYN-0084-M1,candidato,11,estudante,inscricao,ficha_inscricao,todo_candidato,obrigatorio,BOM-DOC-000416,ok,2026,nao_se_aplica,nao_se_aplica,0.97,nenhuma,nao,confirmado
bom_aluno_bh,selecao_2026,BOM-SYN-0084,cadunico_desatualizado,BOM-SYN-0084-M1,candidato,11,estudante,escolar,boletim_ano_anterior,todo_candidato,obrigatorio,BOM-DOC-000417,ok,2025,nao_se_aplica,nao_se_aplica,0.97,nenhuma,nao,confirmado
bom_aluno_bh,selecao_2026,BOM-SYN-0084,cadunico_desatualizado,BOM-SYN-0084-M1,candidato,11,estudante,escolar,boletim_ano_atual,todo_candidato,obrigatorio,BOM-DOC-000418,ok,2026_bimestres_disponiveis,nao_se_aplica,nao_se_aplica,0.97,nenhuma,nao,confirmado
bom_aluno_bh,selecao_2026,BOM-SYN-0084,cadunico_desatualizado,BOM-SYN-0084-M2,responsavel,54,responsavel_familiar,cadastro_social,folha_resumo_cadunico,familia_inscrita_no_cadunico,preferencial,BOM-DOC-000419,desatualizado,atual,nao_se_aplica,nao_se_aplica,0.95,solicitar_documento_atualizado,sim,parcial
bom_aluno_bh,selecao_2026,BOM-SYN-0084,cadunico_desatualizado,BOM-SYN-0084-M2,responsavel,54,responsavel_familiar,renda,comprovante_renda_familiar,criterio_de_renda_publicado_documento_nao_enumerado,a_validar,BOM-DOC-000420,ok,periodo_a_validar,4558.00,4558.00,0.97,nenhuma,sim,hipotese
bom_aluno_bh,selecao_2026,BOM-SYN-0085,inscricao_inicial_completa,BOM-SYN-0085-M1,candidato,12,estudante,inscricao,ficha_inscricao,todo_candidato,obrigatorio,BOM-DOC-000421,ok,2026,nao_se_aplica,nao_se_aplica,0.97,nenhuma,nao,confirmado
bom_aluno_bh,selecao_2026,BOM-SYN-0085,inscricao_inicial_completa,BOM-SYN-0085-M1,candidato,12,estudante,escolar,boletim_ano_anterior,todo_candidato,obrigatorio,BOM-DOC-000422,ok,2025,nao_se_aplica,nao_se_aplica,0.97,nenhuma,nao,confirmado
bom_aluno_bh,selecao_2026,BOM-SYN-0085,inscricao_inicial_completa,BOM-SYN-0085-M1,candidato,12,estudante,escolar,boletim_ano_atual,todo_candidato,obrigatorio,BOM-DOC-000423,ok,2026_bimestres_disponiveis,nao_se_aplica,nao_se_aplica,0.97,nenhuma,nao,confirmado
bom_aluno_bh,selecao_2026,BOM-SYN-0085,inscricao_inicial_completa,BOM-SYN-0085-M2,responsavel,55,responsavel_familiar,cadastro_social,folha_resumo_cadunico,familia_inscrita_no_cadunico,preferencial,BOM-DOC-000424,ok,atual,nao_se_aplica,nao_se_aplica,0.97,nenhuma,sim,parcial
bom_aluno_bh,selecao_2026,BOM-SYN-0085,inscricao_inicial_completa,BOM-SYN-0085-M1,candidato,12,estudante,identificacao,certidao_ou_rg_candidato,lista_detalhada_nao_publicada,a_validar,BOM-DOC-000425,ok,periodo_a_validar,nao_se_aplica,nao_se_aplica,0.97,nenhuma,sim,hipotese
bom_aluno_bh,selecao_2026,BOM-SYN-0086,boletim_atual_faltante,BOM-SYN-0086-M1,candidato,11,estudante,inscricao,ficha_inscricao,todo_candidato,obrigatorio,BOM-DOC-000426,ok,2026,nao_se_aplica,nao_se_aplica,0.97,nenhuma,nao,confirmado
bom_aluno_bh,selecao_2026,BOM-SYN-0086,boletim_atual_faltante,BOM-SYN-0086-M1,candidato,11,estudante,escolar,boletim_ano_anterior,todo_candidato,obrigatorio,BOM-DOC-000427,ok,2025,nao_se_aplica,nao_se_aplica,0.97,nenhuma,nao,confirmado
bom_aluno_bh,selecao_2026,BOM-SYN-0086,boletim_atual_faltante,BOM-SYN-0086-M1,candidato,11,estudante,escolar,boletim_ano_atual,todo_candidato,obrigatorio,ausente,faltante,2026_bimestres_disponiveis,nao_se_aplica,nao_se_aplica,0.00,solicitar_documento_faltante,sim,confirmado
bom_aluno_bh,selecao_2026,BOM-SYN-0086,boletim_atual_faltante,BOM-SYN-0086-M2,responsavel,56,responsavel_familiar,cadastro_social,folha_resumo_cadunico,familia_inscrita_no_cadunico,preferencial,BOM-DOC-000429,ok,atual,nao_se_aplica,nao_se_aplica,0.97,nenhuma,sim,parcial
bom_aluno_bh,selecao_2026,BOM-SYN-0086,boletim_atual_faltante,BOM-SYN-0086-M2,responsavel,56,responsavel_familiar,identificacao,rg_cpf_responsavel,lista_detalhada_nao_publicada,a_validar,BOM-DOC-000430,ok,periodo_a_validar,nao_se_aplica,nao_se_aplica,0.97,nenhuma,sim,hipotese
bom_aluno_bh,selecao_2026,BOM-SYN-0087,boletim_anterior_ilegivel,BOM-SYN-0087-M1,candidato,12,estudante,inscricao,ficha_inscricao,todo_candidato,obrigatorio,BOM-DOC-000431,ok,2026,nao_se_aplica,nao_se_aplica,0.97,nenhuma,nao,confirmado
bom_aluno_bh,selecao_2026,BOM-SYN-0087,boletim_anterior_ilegivel,BOM-SYN-0087-M1,candidato,12,estudante,escolar,boletim_ano_anterior,todo_candidato,obrigatorio,BOM-DOC-000432,ilegivel,2025,nao_se_aplica,nao_se_aplica,0.28,solicitar_arquivo_legivel,sim,confirmado
bom_aluno_bh,selecao_2026,BOM-SYN-0087,boletim_anterior_ilegivel,BOM-SYN-0087-M1,candidato,12,estudante,escolar,boletim_ano_atual,todo_candidato,obrigatorio,BOM-DOC-000433,ok,2026_bimestres_disponiveis,nao_se_aplica,nao_se_aplica,0.97,nenhuma,nao,confirmado
bom_aluno_bh,selecao_2026,BOM-SYN-0087,boletim_anterior_ilegivel,BOM-SYN-0087-M2,responsavel,57,responsavel_familiar,cadastro_social,folha_resumo_cadunico,familia_inscrita_no_cadunico,preferencial,BOM-DOC-000434,ok,atual,nao_se_aplica,nao_se_aplica,0.97,nenhuma,sim,parcial
bom_aluno_bh,selecao_2026,BOM-SYN-0087,boletim_anterior_ilegivel,BOM-SYN-0087-M2,responsavel,57,responsavel_familiar,residencia,comprovante_endereco,lista_detalhada_nao_publicada,a_validar,BOM-DOC-000435,ok,periodo_a_validar,nao_se_aplica,nao_se_aplica,0.97,nenhuma,sim,hipotese
bom_aluno_bh,selecao_2026,BOM-SYN-0088,boletim_atual_incompleto,BOM-SYN-0088-M1,candidato,11,estudante,inscricao,ficha_inscricao,todo_candidato,obrigatorio,BOM-DOC-000436,ok,2026,nao_se_aplica,nao_se_aplica,0.97,nenhuma,nao,confirmado
bom_aluno_bh,selecao_2026,BOM-SYN-0088,boletim_atual_incompleto,BOM-SYN-0088-M1,candidato,11,estudante,escolar,boletim_ano_anterior,todo_candidato,obrigatorio,BOM-DOC-000437,ok,2025,nao_se_aplica,nao_se_aplica,0.97,nenhuma,nao,confirmado
bom_aluno_bh,selecao_2026,BOM-SYN-0088,boletim_atual_incompleto,BOM-SYN-0088-M1,candidato,11,estudante,escolar,boletim_ano_atual,todo_candidato,obrigatorio,BOM-DOC-000438,periodo_incompleto,2026_bimestres_disponiveis,nao_se_aplica,nao_se_aplica,0.89,solicitar_competencias_ausentes,sim,confirmado
bom_aluno_bh,selecao_2026,BOM-SYN-0088,boletim_atual_incompleto,BOM-SYN-0088-M2,responsavel,58,responsavel_familiar,cadastro_social,folha_resumo_cadunico,familia_inscrita_no_cadunico,preferencial,BOM-DOC-000439,ok,atual,nao_se_aplica,nao_se_aplica,0.97,nenhuma,sim,parcial
bom_aluno_bh,selecao_2026,BOM-SYN-0088,boletim_atual_incompleto,BOM-SYN-0088-M2,responsavel,58,responsavel_familiar,renda,comprovante_renda_familiar,criterio_de_renda_publicado_documento_nao_enumerado,a_validar,BOM-DOC-000440,ok,periodo_a_validar,5106.00,5106.00,0.97,nenhuma,sim,hipotese
bom_aluno_bh,selecao_2026,BOM-SYN-0089,renda_declarada_divergente,BOM-SYN-0089-M1,candidato,12,estudante,inscricao,ficha_inscricao,todo_candidato,obrigatorio,BOM-DOC-000441,ok,2026,nao_se_aplica,nao_se_aplica,0.97,nenhuma,nao,confirmado
bom_aluno_bh,selecao_2026,BOM-SYN-0089,renda_declarada_divergente,BOM-SYN-0089-M1,candidato,12,estudante,escolar,boletim_ano_anterior,todo_candidato,obrigatorio,BOM-DOC-000442,ok,2025,nao_se_aplica,nao_se_aplica,0.97,nenhuma,nao,confirmado
bom_aluno_bh,selecao_2026,BOM-SYN-0089,renda_declarada_divergente,BOM-SYN-0089-M1,candidato,12,estudante,escolar,boletim_ano_atual,todo_candidato,obrigatorio,BOM-DOC-000443,ok,2026_bimestres_disponiveis,nao_se_aplica,nao_se_aplica,0.97,nenhuma,nao,confirmado
bom_aluno_bh,selecao_2026,BOM-SYN-0089,renda_declarada_divergente,BOM-SYN-0089-M2,responsavel,59,responsavel_familiar,cadastro_social,folha_resumo_cadunico,familia_inscrita_no_cadunico,preferencial,BOM-DOC-000444,ok,atual,nao_se_aplica,nao_se_aplica,0.97,nenhuma,sim,parcial
bom_aluno_bh,selecao_2026,BOM-SYN-0089,renda_declarada_divergente,BOM-SYN-0089-M2,responsavel,59,responsavel_familiar,renda,comprovante_renda_familiar,criterio_de_renda_publicado_documento_nao_enumerado,a_validar,BOM-DOC-000445,divergente,periodo_a_validar,5243.00,5893.00,0.93,comparar_declaracao_e_documento,sim,hipotese
bom_aluno_bh,selecao_2026,BOM-SYN-0090,cadunico_desatualizado,BOM-SYN-0090-M1,candidato,11,estudante,inscricao,ficha_inscricao,todo_candidato,obrigatorio,BOM-DOC-000446,ok,2026,nao_se_aplica,nao_se_aplica,0.97,nenhuma,nao,confirmado
bom_aluno_bh,selecao_2026,BOM-SYN-0090,cadunico_desatualizado,BOM-SYN-0090-M1,candidato,11,estudante,escolar,boletim_ano_anterior,todo_candidato,obrigatorio,BOM-DOC-000447,ok,2025,nao_se_aplica,nao_se_aplica,0.97,nenhuma,nao,confirmado
bom_aluno_bh,selecao_2026,BOM-SYN-0090,cadunico_desatualizado,BOM-SYN-0090-M1,candidato,11,estudante,escolar,boletim_ano_atual,todo_candidato,obrigatorio,BOM-DOC-000448,ok,2026_bimestres_disponiveis,nao_se_aplica,nao_se_aplica,0.97,nenhuma,nao,confirmado
bom_aluno_bh,selecao_2026,BOM-SYN-0090,cadunico_desatualizado,BOM-SYN-0090-M2,responsavel,30,responsavel_familiar,cadastro_social,folha_resumo_cadunico,familia_inscrita_no_cadunico,preferencial,BOM-DOC-000449,desatualizado,atual,nao_se_aplica,nao_se_aplica,0.95,solicitar_documento_atualizado,sim,parcial
bom_aluno_bh,selecao_2026,BOM-SYN-0090,cadunico_desatualizado,BOM-SYN-0090-M2,responsavel,30,responsavel_familiar,identificacao,rg_cpf_responsavel,lista_detalhada_nao_publicada,a_validar,BOM-DOC-000450,ok,periodo_a_validar,nao_se_aplica,nao_se_aplica,0.97,nenhuma,sim,hipotese
bom_aluno_bh,selecao_2026,BOM-SYN-0091,inscricao_inicial_completa,BOM-SYN-0091-M1,candidato,12,estudante,inscricao,ficha_inscricao,todo_candidato,obrigatorio,BOM-DOC-000451,ok,2026,nao_se_aplica,nao_se_aplica,0.97,nenhuma,nao,confirmado
bom_aluno_bh,selecao_2026,BOM-SYN-0091,inscricao_inicial_completa,BOM-SYN-0091-M1,candidato,12,estudante,escolar,boletim_ano_anterior,todo_candidato,obrigatorio,BOM-DOC-000452,ok,2025,nao_se_aplica,nao_se_aplica,0.97,nenhuma,nao,confirmado
bom_aluno_bh,selecao_2026,BOM-SYN-0091,inscricao_inicial_completa,BOM-SYN-0091-M1,candidato,12,estudante,escolar,boletim_ano_atual,todo_candidato,obrigatorio,BOM-DOC-000453,ok,2026_bimestres_disponiveis,nao_se_aplica,nao_se_aplica,0.97,nenhuma,nao,confirmado
bom_aluno_bh,selecao_2026,BOM-SYN-0091,inscricao_inicial_completa,BOM-SYN-0091-M2,responsavel,31,responsavel_familiar,cadastro_social,folha_resumo_cadunico,familia_inscrita_no_cadunico,preferencial,BOM-DOC-000454,ok,atual,nao_se_aplica,nao_se_aplica,0.97,nenhuma,sim,parcial
bom_aluno_bh,selecao_2026,BOM-SYN-0091,inscricao_inicial_completa,BOM-SYN-0091-M2,responsavel,31,responsavel_familiar,residencia,comprovante_endereco,lista_detalhada_nao_publicada,a_validar,BOM-DOC-000455,ok,periodo_a_validar,nao_se_aplica,nao_se_aplica,0.97,nenhuma,sim,hipotese
bom_aluno_bh,selecao_2026,BOM-SYN-0092,boletim_atual_faltante,BOM-SYN-0092-M1,candidato,11,estudante,inscricao,ficha_inscricao,todo_candidato,obrigatorio,BOM-DOC-000456,ok,2026,nao_se_aplica,nao_se_aplica,0.97,nenhuma,nao,confirmado
bom_aluno_bh,selecao_2026,BOM-SYN-0092,boletim_atual_faltante,BOM-SYN-0092-M1,candidato,11,estudante,escolar,boletim_ano_anterior,todo_candidato,obrigatorio,BOM-DOC-000457,ok,2025,nao_se_aplica,nao_se_aplica,0.97,nenhuma,nao,confirmado
bom_aluno_bh,selecao_2026,BOM-SYN-0092,boletim_atual_faltante,BOM-SYN-0092-M1,candidato,11,estudante,escolar,boletim_ano_atual,todo_candidato,obrigatorio,ausente,faltante,2026_bimestres_disponiveis,nao_se_aplica,nao_se_aplica,0.00,solicitar_documento_faltante,sim,confirmado
bom_aluno_bh,selecao_2026,BOM-SYN-0092,boletim_atual_faltante,BOM-SYN-0092-M2,responsavel,32,responsavel_familiar,cadastro_social,folha_resumo_cadunico,familia_inscrita_no_cadunico,preferencial,BOM-DOC-000459,ok,atual,nao_se_aplica,nao_se_aplica,0.97,nenhuma,sim,parcial
bom_aluno_bh,selecao_2026,BOM-SYN-0092,boletim_atual_faltante,BOM-SYN-0092-M2,responsavel,32,responsavel_familiar,renda,comprovante_renda_familiar,criterio_de_renda_publicado_documento_nao_enumerado,a_validar,BOM-DOC-000460,ok,periodo_a_validar,1454.00,1454.00,0.97,nenhuma,sim,hipotese
bom_aluno_bh,selecao_2026,BOM-SYN-0093,boletim_anterior_ilegivel,BOM-SYN-0093-M1,candidato,12,estudante,inscricao,ficha_inscricao,todo_candidato,obrigatorio,BOM-DOC-000461,ok,2026,nao_se_aplica,nao_se_aplica,0.97,nenhuma,nao,confirmado
bom_aluno_bh,selecao_2026,BOM-SYN-0093,boletim_anterior_ilegivel,BOM-SYN-0093-M1,candidato,12,estudante,escolar,boletim_ano_anterior,todo_candidato,obrigatorio,BOM-DOC-000462,ilegivel,2025,nao_se_aplica,nao_se_aplica,0.28,solicitar_arquivo_legivel,sim,confirmado
bom_aluno_bh,selecao_2026,BOM-SYN-0093,boletim_anterior_ilegivel,BOM-SYN-0093-M1,candidato,12,estudante,escolar,boletim_ano_atual,todo_candidato,obrigatorio,BOM-DOC-000463,ok,2026_bimestres_disponiveis,nao_se_aplica,nao_se_aplica,0.97,nenhuma,nao,confirmado
bom_aluno_bh,selecao_2026,BOM-SYN-0093,boletim_anterior_ilegivel,BOM-SYN-0093-M2,responsavel,33,responsavel_familiar,cadastro_social,folha_resumo_cadunico,familia_inscrita_no_cadunico,preferencial,BOM-DOC-000464,ok,atual,nao_se_aplica,nao_se_aplica,0.97,nenhuma,sim,parcial
bom_aluno_bh,selecao_2026,BOM-SYN-0093,boletim_anterior_ilegivel,BOM-SYN-0093-M1,candidato,12,estudante,identificacao,certidao_ou_rg_candidato,lista_detalhada_nao_publicada,a_validar,BOM-DOC-000465,ok,periodo_a_validar,nao_se_aplica,nao_se_aplica,0.97,nenhuma,sim,hipotese
bom_aluno_bh,selecao_2026,BOM-SYN-0094,boletim_atual_incompleto,BOM-SYN-0094-M1,candidato,11,estudante,inscricao,ficha_inscricao,todo_candidato,obrigatorio,BOM-DOC-000466,ok,2026,nao_se_aplica,nao_se_aplica,0.97,nenhuma,nao,confirmado
bom_aluno_bh,selecao_2026,BOM-SYN-0094,boletim_atual_incompleto,BOM-SYN-0094-M1,candidato,11,estudante,escolar,boletim_ano_anterior,todo_candidato,obrigatorio,BOM-DOC-000467,ok,2025,nao_se_aplica,nao_se_aplica,0.97,nenhuma,nao,confirmado
bom_aluno_bh,selecao_2026,BOM-SYN-0094,boletim_atual_incompleto,BOM-SYN-0094-M1,candidato,11,estudante,escolar,boletim_ano_atual,todo_candidato,obrigatorio,BOM-DOC-000468,periodo_incompleto,2026_bimestres_disponiveis,nao_se_aplica,nao_se_aplica,0.89,solicitar_competencias_ausentes,sim,confirmado
bom_aluno_bh,selecao_2026,BOM-SYN-0094,boletim_atual_incompleto,BOM-SYN-0094-M2,responsavel,34,responsavel_familiar,cadastro_social,folha_resumo_cadunico,familia_inscrita_no_cadunico,preferencial,BOM-DOC-000469,ok,atual,nao_se_aplica,nao_se_aplica,0.97,nenhuma,sim,parcial
bom_aluno_bh,selecao_2026,BOM-SYN-0094,boletim_atual_incompleto,BOM-SYN-0094-M2,responsavel,34,responsavel_familiar,identificacao,rg_cpf_responsavel,lista_detalhada_nao_publicada,a_validar,BOM-DOC-000470,ok,periodo_a_validar,nao_se_aplica,nao_se_aplica,0.97,nenhuma,sim,hipotese
bom_aluno_bh,selecao_2026,BOM-SYN-0095,renda_declarada_divergente,BOM-SYN-0095-M1,candidato,12,estudante,inscricao,ficha_inscricao,todo_candidato,obrigatorio,BOM-DOC-000471,ok,2026,nao_se_aplica,nao_se_aplica,0.97,nenhuma,nao,confirmado
bom_aluno_bh,selecao_2026,BOM-SYN-0095,renda_declarada_divergente,BOM-SYN-0095-M1,candidato,12,estudante,escolar,boletim_ano_anterior,todo_candidato,obrigatorio,BOM-DOC-000472,ok,2025,nao_se_aplica,nao_se_aplica,0.97,nenhuma,nao,confirmado
bom_aluno_bh,selecao_2026,BOM-SYN-0095,renda_declarada_divergente,BOM-SYN-0095-M1,candidato,12,estudante,escolar,boletim_ano_atual,todo_candidato,obrigatorio,BOM-DOC-000473,ok,2026_bimestres_disponiveis,nao_se_aplica,nao_se_aplica,0.97,nenhuma,nao,confirmado
bom_aluno_bh,selecao_2026,BOM-SYN-0095,renda_declarada_divergente,BOM-SYN-0095-M2,responsavel,35,responsavel_familiar,cadastro_social,folha_resumo_cadunico,familia_inscrita_no_cadunico,preferencial,BOM-DOC-000474,ok,atual,nao_se_aplica,nao_se_aplica,0.97,nenhuma,sim,parcial
bom_aluno_bh,selecao_2026,BOM-SYN-0095,renda_declarada_divergente,BOM-SYN-0095-M2,responsavel,35,responsavel_familiar,renda,comprovante_renda_familiar,criterio_de_renda_publicado_documento_nao_enumerado,a_validar,BOM-DOC-000475,divergente,periodo_a_validar,1865.00,2515.00,0.93,comparar_declaracao_e_documento,sim,hipotese
bom_aluno_bh,selecao_2026,BOM-SYN-0096,cadunico_desatualizado,BOM-SYN-0096-M1,candidato,11,estudante,inscricao,ficha_inscricao,todo_candidato,obrigatorio,BOM-DOC-000476,ok,2026,nao_se_aplica,nao_se_aplica,0.97,nenhuma,nao,confirmado
bom_aluno_bh,selecao_2026,BOM-SYN-0096,cadunico_desatualizado,BOM-SYN-0096-M1,candidato,11,estudante,escolar,boletim_ano_anterior,todo_candidato,obrigatorio,BOM-DOC-000477,ok,2025,nao_se_aplica,nao_se_aplica,0.97,nenhuma,nao,confirmado
bom_aluno_bh,selecao_2026,BOM-SYN-0096,cadunico_desatualizado,BOM-SYN-0096-M1,candidato,11,estudante,escolar,boletim_ano_atual,todo_candidato,obrigatorio,BOM-DOC-000478,ok,2026_bimestres_disponiveis,nao_se_aplica,nao_se_aplica,0.97,nenhuma,nao,confirmado
bom_aluno_bh,selecao_2026,BOM-SYN-0096,cadunico_desatualizado,BOM-SYN-0096-M2,responsavel,36,responsavel_familiar,cadastro_social,folha_resumo_cadunico,familia_inscrita_no_cadunico,preferencial,BOM-DOC-000479,desatualizado,atual,nao_se_aplica,nao_se_aplica,0.95,solicitar_documento_atualizado,sim,parcial
bom_aluno_bh,selecao_2026,BOM-SYN-0096,cadunico_desatualizado,BOM-SYN-0096-M2,responsavel,36,responsavel_familiar,renda,comprovante_renda_familiar,criterio_de_renda_publicado_documento_nao_enumerado,a_validar,BOM-DOC-000480,ok,periodo_a_validar,2002.00,2002.00,0.97,nenhuma,sim,hipotese
bom_aluno_bh,selecao_2026,BOM-SYN-0097,inscricao_inicial_completa,BOM-SYN-0097-M1,candidato,12,estudante,inscricao,ficha_inscricao,todo_candidato,obrigatorio,BOM-DOC-000481,ok,2026,nao_se_aplica,nao_se_aplica,0.97,nenhuma,nao,confirmado
bom_aluno_bh,selecao_2026,BOM-SYN-0097,inscricao_inicial_completa,BOM-SYN-0097-M1,candidato,12,estudante,escolar,boletim_ano_anterior,todo_candidato,obrigatorio,BOM-DOC-000482,ok,2025,nao_se_aplica,nao_se_aplica,0.97,nenhuma,nao,confirmado
bom_aluno_bh,selecao_2026,BOM-SYN-0097,inscricao_inicial_completa,BOM-SYN-0097-M1,candidato,12,estudante,escolar,boletim_ano_atual,todo_candidato,obrigatorio,BOM-DOC-000483,ok,2026_bimestres_disponiveis,nao_se_aplica,nao_se_aplica,0.97,nenhuma,nao,confirmado
bom_aluno_bh,selecao_2026,BOM-SYN-0097,inscricao_inicial_completa,BOM-SYN-0097-M2,responsavel,37,responsavel_familiar,cadastro_social,folha_resumo_cadunico,familia_inscrita_no_cadunico,preferencial,BOM-DOC-000484,ok,atual,nao_se_aplica,nao_se_aplica,0.97,nenhuma,sim,parcial
bom_aluno_bh,selecao_2026,BOM-SYN-0097,inscricao_inicial_completa,BOM-SYN-0097-M1,candidato,12,estudante,identificacao,certidao_ou_rg_candidato,lista_detalhada_nao_publicada,a_validar,BOM-DOC-000485,ok,periodo_a_validar,nao_se_aplica,nao_se_aplica,0.97,nenhuma,sim,hipotese
bom_aluno_bh,selecao_2026,BOM-SYN-0098,boletim_atual_faltante,BOM-SYN-0098-M1,candidato,11,estudante,inscricao,ficha_inscricao,todo_candidato,obrigatorio,BOM-DOC-000486,ok,2026,nao_se_aplica,nao_se_aplica,0.97,nenhuma,nao,confirmado
bom_aluno_bh,selecao_2026,BOM-SYN-0098,boletim_atual_faltante,BOM-SYN-0098-M1,candidato,11,estudante,escolar,boletim_ano_anterior,todo_candidato,obrigatorio,BOM-DOC-000487,ok,2025,nao_se_aplica,nao_se_aplica,0.97,nenhuma,nao,confirmado
bom_aluno_bh,selecao_2026,BOM-SYN-0098,boletim_atual_faltante,BOM-SYN-0098-M1,candidato,11,estudante,escolar,boletim_ano_atual,todo_candidato,obrigatorio,ausente,faltante,2026_bimestres_disponiveis,nao_se_aplica,nao_se_aplica,0.00,solicitar_documento_faltante,sim,confirmado
bom_aluno_bh,selecao_2026,BOM-SYN-0098,boletim_atual_faltante,BOM-SYN-0098-M2,responsavel,38,responsavel_familiar,cadastro_social,folha_resumo_cadunico,familia_inscrita_no_cadunico,preferencial,BOM-DOC-000489,ok,atual,nao_se_aplica,nao_se_aplica,0.97,nenhuma,sim,parcial
bom_aluno_bh,selecao_2026,BOM-SYN-0098,boletim_atual_faltante,BOM-SYN-0098-M2,responsavel,38,responsavel_familiar,identificacao,rg_cpf_responsavel,lista_detalhada_nao_publicada,a_validar,BOM-DOC-000490,ok,periodo_a_validar,nao_se_aplica,nao_se_aplica,0.97,nenhuma,sim,hipotese
bom_aluno_bh,selecao_2026,BOM-SYN-0099,boletim_anterior_ilegivel,BOM-SYN-0099-M1,candidato,12,estudante,inscricao,ficha_inscricao,todo_candidato,obrigatorio,BOM-DOC-000491,ok,2026,nao_se_aplica,nao_se_aplica,0.97,nenhuma,nao,confirmado
bom_aluno_bh,selecao_2026,BOM-SYN-0099,boletim_anterior_ilegivel,BOM-SYN-0099-M1,candidato,12,estudante,escolar,boletim_ano_anterior,todo_candidato,obrigatorio,BOM-DOC-000492,ilegivel,2025,nao_se_aplica,nao_se_aplica,0.28,solicitar_arquivo_legivel,sim,confirmado
bom_aluno_bh,selecao_2026,BOM-SYN-0099,boletim_anterior_ilegivel,BOM-SYN-0099-M1,candidato,12,estudante,escolar,boletim_ano_atual,todo_candidato,obrigatorio,BOM-DOC-000493,ok,2026_bimestres_disponiveis,nao_se_aplica,nao_se_aplica,0.97,nenhuma,nao,confirmado
bom_aluno_bh,selecao_2026,BOM-SYN-0099,boletim_anterior_ilegivel,BOM-SYN-0099-M2,responsavel,39,responsavel_familiar,cadastro_social,folha_resumo_cadunico,familia_inscrita_no_cadunico,preferencial,BOM-DOC-000494,ok,atual,nao_se_aplica,nao_se_aplica,0.97,nenhuma,sim,parcial
bom_aluno_bh,selecao_2026,BOM-SYN-0099,boletim_anterior_ilegivel,BOM-SYN-0099-M2,responsavel,39,responsavel_familiar,residencia,comprovante_endereco,lista_detalhada_nao_publicada,a_validar,BOM-DOC-000495,ok,periodo_a_validar,nao_se_aplica,nao_se_aplica,0.97,nenhuma,sim,hipotese
bom_aluno_bh,selecao_2026,BOM-SYN-0100,boletim_atual_incompleto,BOM-SYN-0100-M1,candidato,11,estudante,inscricao,ficha_inscricao,todo_candidato,obrigatorio,BOM-DOC-000496,ok,2026,nao_se_aplica,nao_se_aplica,0.97,nenhuma,nao,confirmado
bom_aluno_bh,selecao_2026,BOM-SYN-0100,boletim_atual_incompleto,BOM-SYN-0100-M1,candidato,11,estudante,escolar,boletim_ano_anterior,todo_candidato,obrigatorio,BOM-DOC-000497,ok,2025,nao_se_aplica,nao_se_aplica,0.97,nenhuma,nao,confirmado
bom_aluno_bh,selecao_2026,BOM-SYN-0100,boletim_atual_incompleto,BOM-SYN-0100-M1,candidato,11,estudante,escolar,boletim_ano_atual,todo_candidato,obrigatorio,BOM-DOC-000498,periodo_incompleto,2026_bimestres_disponiveis,nao_se_aplica,nao_se_aplica,0.89,solicitar_competencias_ausentes,sim,confirmado
bom_aluno_bh,selecao_2026,BOM-SYN-0100,boletim_atual_incompleto,BOM-SYN-0100-M2,responsavel,40,responsavel_familiar,cadastro_social,folha_resumo_cadunico,familia_inscrita_no_cadunico,preferencial,BOM-DOC-000499,ok,atual,nao_se_aplica,nao_se_aplica,0.97,nenhuma,sim,parcial
bom_aluno_bh,selecao_2026,BOM-SYN-0100,boletim_atual_incompleto,BOM-SYN-0100-M2,responsavel,40,responsavel_familiar,renda,comprovante_renda_familiar,criterio_de_renda_publicado_documento_nao_enumerado,a_validar,BOM-DOC-000500,ok,periodo_a_validar,2550.00,2550.00,0.97,nenhuma,sim,hipotese
bom_aluno_bh,selecao_2026,BOM-SYN-0101,renda_declarada_divergente,BOM-SYN-0101-M1,candidato,12,estudante,inscricao,ficha_inscricao,todo_candidato,obrigatorio,BOM-DOC-000501,ok,2026,nao_se_aplica,nao_se_aplica,0.97,nenhuma,nao,confirmado
bom_aluno_bh,selecao_2026,BOM-SYN-0101,renda_declarada_divergente,BOM-SYN-0101-M1,candidato,12,estudante,escolar,boletim_ano_anterior,todo_candidato,obrigatorio,BOM-DOC-000502,ok,2025,nao_se_aplica,nao_se_aplica,0.97,nenhuma,nao,confirmado
bom_aluno_bh,selecao_2026,BOM-SYN-0101,renda_declarada_divergente,BOM-SYN-0101-M1,candidato,12,estudante,escolar,boletim_ano_atual,todo_candidato,obrigatorio,BOM-DOC-000503,ok,2026_bimestres_disponiveis,nao_se_aplica,nao_se_aplica,0.97,nenhuma,nao,confirmado
bom_aluno_bh,selecao_2026,BOM-SYN-0101,renda_declarada_divergente,BOM-SYN-0101-M2,responsavel,41,responsavel_familiar,cadastro_social,folha_resumo_cadunico,familia_inscrita_no_cadunico,preferencial,BOM-DOC-000504,ok,atual,nao_se_aplica,nao_se_aplica,0.97,nenhuma,sim,parcial
bom_aluno_bh,selecao_2026,BOM-SYN-0101,renda_declarada_divergente,BOM-SYN-0101-M2,responsavel,41,responsavel_familiar,renda,comprovante_renda_familiar,criterio_de_renda_publicado_documento_nao_enumerado,a_validar,BOM-DOC-000505,divergente,periodo_a_validar,2687.00,3337.00,0.93,comparar_declaracao_e_documento,sim,hipotese
bom_aluno_bh,selecao_2026,BOM-SYN-0102,cadunico_desatualizado,BOM-SYN-0102-M1,candidato,11,estudante,inscricao,ficha_inscricao,todo_candidato,obrigatorio,BOM-DOC-000506,ok,2026,nao_se_aplica,nao_se_aplica,0.97,nenhuma,nao,confirmado
bom_aluno_bh,selecao_2026,BOM-SYN-0102,cadunico_desatualizado,BOM-SYN-0102-M1,candidato,11,estudante,escolar,boletim_ano_anterior,todo_candidato,obrigatorio,BOM-DOC-000507,ok,2025,nao_se_aplica,nao_se_aplica,0.97,nenhuma,nao,confirmado
bom_aluno_bh,selecao_2026,BOM-SYN-0102,cadunico_desatualizado,BOM-SYN-0102-M1,candidato,11,estudante,escolar,boletim_ano_atual,todo_candidato,obrigatorio,BOM-DOC-000508,ok,2026_bimestres_disponiveis,nao_se_aplica,nao_se_aplica,0.97,nenhuma,nao,confirmado
bom_aluno_bh,selecao_2026,BOM-SYN-0102,cadunico_desatualizado,BOM-SYN-0102-M2,responsavel,42,responsavel_familiar,cadastro_social,folha_resumo_cadunico,familia_inscrita_no_cadunico,preferencial,BOM-DOC-000509,desatualizado,atual,nao_se_aplica,nao_se_aplica,0.95,solicitar_documento_atualizado,sim,parcial
bom_aluno_bh,selecao_2026,BOM-SYN-0102,cadunico_desatualizado,BOM-SYN-0102-M2,responsavel,42,responsavel_familiar,identificacao,rg_cpf_responsavel,lista_detalhada_nao_publicada,a_validar,BOM-DOC-000510,ok,periodo_a_validar,nao_se_aplica,nao_se_aplica,0.97,nenhuma,sim,hipotese
bom_aluno_bh,selecao_2026,BOM-SYN-0103,inscricao_inicial_completa,BOM-SYN-0103-M1,candidato,12,estudante,inscricao,ficha_inscricao,todo_candidato,obrigatorio,BOM-DOC-000511,ok,2026,nao_se_aplica,nao_se_aplica,0.97,nenhuma,nao,confirmado
bom_aluno_bh,selecao_2026,BOM-SYN-0103,inscricao_inicial_completa,BOM-SYN-0103-M1,candidato,12,estudante,escolar,boletim_ano_anterior,todo_candidato,obrigatorio,BOM-DOC-000512,ok,2025,nao_se_aplica,nao_se_aplica,0.97,nenhuma,nao,confirmado
bom_aluno_bh,selecao_2026,BOM-SYN-0103,inscricao_inicial_completa,BOM-SYN-0103-M1,candidato,12,estudante,escolar,boletim_ano_atual,todo_candidato,obrigatorio,BOM-DOC-000513,ok,2026_bimestres_disponiveis,nao_se_aplica,nao_se_aplica,0.97,nenhuma,nao,confirmado
bom_aluno_bh,selecao_2026,BOM-SYN-0103,inscricao_inicial_completa,BOM-SYN-0103-M2,responsavel,43,responsavel_familiar,cadastro_social,folha_resumo_cadunico,familia_inscrita_no_cadunico,preferencial,BOM-DOC-000514,ok,atual,nao_se_aplica,nao_se_aplica,0.97,nenhuma,sim,parcial
bom_aluno_bh,selecao_2026,BOM-SYN-0103,inscricao_inicial_completa,BOM-SYN-0103-M2,responsavel,43,responsavel_familiar,residencia,comprovante_endereco,lista_detalhada_nao_publicada,a_validar,BOM-DOC-000515,ok,periodo_a_validar,nao_se_aplica,nao_se_aplica,0.97,nenhuma,sim,hipotese
bom_aluno_bh,selecao_2026,BOM-SYN-0104,boletim_atual_faltante,BOM-SYN-0104-M1,candidato,11,estudante,inscricao,ficha_inscricao,todo_candidato,obrigatorio,BOM-DOC-000516,ok,2026,nao_se_aplica,nao_se_aplica,0.97,nenhuma,nao,confirmado
bom_aluno_bh,selecao_2026,BOM-SYN-0104,boletim_atual_faltante,BOM-SYN-0104-M1,candidato,11,estudante,escolar,boletim_ano_anterior,todo_candidato,obrigatorio,BOM-DOC-000517,ok,2025,nao_se_aplica,nao_se_aplica,0.97,nenhuma,nao,confirmado
bom_aluno_bh,selecao_2026,BOM-SYN-0104,boletim_atual_faltante,BOM-SYN-0104-M1,candidato,11,estudante,escolar,boletim_ano_atual,todo_candidato,obrigatorio,ausente,faltante,2026_bimestres_disponiveis,nao_se_aplica,nao_se_aplica,0.00,solicitar_documento_faltante,sim,confirmado
bom_aluno_bh,selecao_2026,BOM-SYN-0104,boletim_atual_faltante,BOM-SYN-0104-M2,responsavel,44,responsavel_familiar,cadastro_social,folha_resumo_cadunico,familia_inscrita_no_cadunico,preferencial,BOM-DOC-000519,ok,atual,nao_se_aplica,nao_se_aplica,0.97,nenhuma,sim,parcial
bom_aluno_bh,selecao_2026,BOM-SYN-0104,boletim_atual_faltante,BOM-SYN-0104-M2,responsavel,44,responsavel_familiar,renda,comprovante_renda_familiar,criterio_de_renda_publicado_documento_nao_enumerado,a_validar,BOM-DOC-000520,ok,periodo_a_validar,3098.00,3098.00,0.97,nenhuma,sim,hipotese
bom_aluno_bh,selecao_2026,BOM-SYN-0105,boletim_anterior_ilegivel,BOM-SYN-0105-M1,candidato,12,estudante,inscricao,ficha_inscricao,todo_candidato,obrigatorio,BOM-DOC-000521,ok,2026,nao_se_aplica,nao_se_aplica,0.97,nenhuma,nao,confirmado
bom_aluno_bh,selecao_2026,BOM-SYN-0105,boletim_anterior_ilegivel,BOM-SYN-0105-M1,candidato,12,estudante,escolar,boletim_ano_anterior,todo_candidato,obrigatorio,BOM-DOC-000522,ilegivel,2025,nao_se_aplica,nao_se_aplica,0.28,solicitar_arquivo_legivel,sim,confirmado
bom_aluno_bh,selecao_2026,BOM-SYN-0105,boletim_anterior_ilegivel,BOM-SYN-0105-M1,candidato,12,estudante,escolar,boletim_ano_atual,todo_candidato,obrigatorio,BOM-DOC-000523,ok,2026_bimestres_disponiveis,nao_se_aplica,nao_se_aplica,0.97,nenhuma,nao,confirmado
bom_aluno_bh,selecao_2026,BOM-SYN-0105,boletim_anterior_ilegivel,BOM-SYN-0105-M2,responsavel,45,responsavel_familiar,cadastro_social,folha_resumo_cadunico,familia_inscrita_no_cadunico,preferencial,BOM-DOC-000524,ok,atual,nao_se_aplica,nao_se_aplica,0.97,nenhuma,sim,parcial
bom_aluno_bh,selecao_2026,BOM-SYN-0105,boletim_anterior_ilegivel,BOM-SYN-0105-M1,candidato,12,estudante,identificacao,certidao_ou_rg_candidato,lista_detalhada_nao_publicada,a_validar,BOM-DOC-000525,ok,periodo_a_validar,nao_se_aplica,nao_se_aplica,0.97,nenhuma,sim,hipotese
bom_aluno_bh,selecao_2026,BOM-SYN-0106,boletim_atual_incompleto,BOM-SYN-0106-M1,candidato,11,estudante,inscricao,ficha_inscricao,todo_candidato,obrigatorio,BOM-DOC-000526,ok,2026,nao_se_aplica,nao_se_aplica,0.97,nenhuma,nao,confirmado
bom_aluno_bh,selecao_2026,BOM-SYN-0106,boletim_atual_incompleto,BOM-SYN-0106-M1,candidato,11,estudante,escolar,boletim_ano_anterior,todo_candidato,obrigatorio,BOM-DOC-000527,ok,2025,nao_se_aplica,nao_se_aplica,0.97,nenhuma,nao,confirmado
bom_aluno_bh,selecao_2026,BOM-SYN-0106,boletim_atual_incompleto,BOM-SYN-0106-M1,candidato,11,estudante,escolar,boletim_ano_atual,todo_candidato,obrigatorio,BOM-DOC-000528,periodo_incompleto,2026_bimestres_disponiveis,nao_se_aplica,nao_se_aplica,0.89,solicitar_competencias_ausentes,sim,confirmado
bom_aluno_bh,selecao_2026,BOM-SYN-0106,boletim_atual_incompleto,BOM-SYN-0106-M2,responsavel,46,responsavel_familiar,cadastro_social,folha_resumo_cadunico,familia_inscrita_no_cadunico,preferencial,BOM-DOC-000529,ok,atual,nao_se_aplica,nao_se_aplica,0.97,nenhuma,sim,parcial
bom_aluno_bh,selecao_2026,BOM-SYN-0106,boletim_atual_incompleto,BOM-SYN-0106-M2,responsavel,46,responsavel_familiar,identificacao,rg_cpf_responsavel,lista_detalhada_nao_publicada,a_validar,BOM-DOC-000530,ok,periodo_a_validar,nao_se_aplica,nao_se_aplica,0.97,nenhuma,sim,hipotese
bom_aluno_bh,selecao_2026,BOM-SYN-0107,renda_declarada_divergente,BOM-SYN-0107-M1,candidato,12,estudante,inscricao,ficha_inscricao,todo_candidato,obrigatorio,BOM-DOC-000531,ok,2026,nao_se_aplica,nao_se_aplica,0.97,nenhuma,nao,confirmado
bom_aluno_bh,selecao_2026,BOM-SYN-0107,renda_declarada_divergente,BOM-SYN-0107-M1,candidato,12,estudante,escolar,boletim_ano_anterior,todo_candidato,obrigatorio,BOM-DOC-000532,ok,2025,nao_se_aplica,nao_se_aplica,0.97,nenhuma,nao,confirmado
bom_aluno_bh,selecao_2026,BOM-SYN-0107,renda_declarada_divergente,BOM-SYN-0107-M1,candidato,12,estudante,escolar,boletim_ano_atual,todo_candidato,obrigatorio,BOM-DOC-000533,ok,2026_bimestres_disponiveis,nao_se_aplica,nao_se_aplica,0.97,nenhuma,nao,confirmado
bom_aluno_bh,selecao_2026,BOM-SYN-0107,renda_declarada_divergente,BOM-SYN-0107-M2,responsavel,47,responsavel_familiar,cadastro_social,folha_resumo_cadunico,familia_inscrita_no_cadunico,preferencial,BOM-DOC-000534,ok,atual,nao_se_aplica,nao_se_aplica,0.97,nenhuma,sim,parcial
bom_aluno_bh,selecao_2026,BOM-SYN-0107,renda_declarada_divergente,BOM-SYN-0107-M2,responsavel,47,responsavel_familiar,renda,comprovante_renda_familiar,criterio_de_renda_publicado_documento_nao_enumerado,a_validar,BOM-DOC-000535,divergente,periodo_a_validar,3509.00,4159.00,0.93,comparar_declaracao_e_documento,sim,hipotese
bom_aluno_bh,selecao_2026,BOM-SYN-0108,cadunico_desatualizado,BOM-SYN-0108-M1,candidato,11,estudante,inscricao,ficha_inscricao,todo_candidato,obrigatorio,BOM-DOC-000536,ok,2026,nao_se_aplica,nao_se_aplica,0.97,nenhuma,nao,confirmado
bom_aluno_bh,selecao_2026,BOM-SYN-0108,cadunico_desatualizado,BOM-SYN-0108-M1,candidato,11,estudante,escolar,boletim_ano_anterior,todo_candidato,obrigatorio,BOM-DOC-000537,ok,2025,nao_se_aplica,nao_se_aplica,0.97,nenhuma,nao,confirmado
bom_aluno_bh,selecao_2026,BOM-SYN-0108,cadunico_desatualizado,BOM-SYN-0108-M1,candidato,11,estudante,escolar,boletim_ano_atual,todo_candidato,obrigatorio,BOM-DOC-000538,ok,2026_bimestres_disponiveis,nao_se_aplica,nao_se_aplica,0.97,nenhuma,nao,confirmado
bom_aluno_bh,selecao_2026,BOM-SYN-0108,cadunico_desatualizado,BOM-SYN-0108-M2,responsavel,48,responsavel_familiar,cadastro_social,folha_resumo_cadunico,familia_inscrita_no_cadunico,preferencial,BOM-DOC-000539,desatualizado,atual,nao_se_aplica,nao_se_aplica,0.95,solicitar_documento_atualizado,sim,parcial
bom_aluno_bh,selecao_2026,BOM-SYN-0108,cadunico_desatualizado,BOM-SYN-0108-M2,responsavel,48,responsavel_familiar,renda,comprovante_renda_familiar,criterio_de_renda_publicado_documento_nao_enumerado,a_validar,BOM-DOC-000540,ok,periodo_a_validar,3646.00,3646.00,0.97,nenhuma,sim,hipotese
bom_aluno_bh,selecao_2026,BOM-SYN-0109,inscricao_inicial_completa,BOM-SYN-0109-M1,candidato,12,estudante,inscricao,ficha_inscricao,todo_candidato,obrigatorio,BOM-DOC-000541,ok,2026,nao_se_aplica,nao_se_aplica,0.97,nenhuma,nao,confirmado
bom_aluno_bh,selecao_2026,BOM-SYN-0109,inscricao_inicial_completa,BOM-SYN-0109-M1,candidato,12,estudante,escolar,boletim_ano_anterior,todo_candidato,obrigatorio,BOM-DOC-000542,ok,2025,nao_se_aplica,nao_se_aplica,0.97,nenhuma,nao,confirmado
bom_aluno_bh,selecao_2026,BOM-SYN-0109,inscricao_inicial_completa,BOM-SYN-0109-M1,candidato,12,estudante,escolar,boletim_ano_atual,todo_candidato,obrigatorio,BOM-DOC-000543,ok,2026_bimestres_disponiveis,nao_se_aplica,nao_se_aplica,0.97,nenhuma,nao,confirmado
bom_aluno_bh,selecao_2026,BOM-SYN-0109,inscricao_inicial_completa,BOM-SYN-0109-M2,responsavel,49,responsavel_familiar,cadastro_social,folha_resumo_cadunico,familia_inscrita_no_cadunico,preferencial,BOM-DOC-000544,ok,atual,nao_se_aplica,nao_se_aplica,0.97,nenhuma,sim,parcial
bom_aluno_bh,selecao_2026,BOM-SYN-0109,inscricao_inicial_completa,BOM-SYN-0109-M1,candidato,12,estudante,identificacao,certidao_ou_rg_candidato,lista_detalhada_nao_publicada,a_validar,BOM-DOC-000545,ok,periodo_a_validar,nao_se_aplica,nao_se_aplica,0.97,nenhuma,sim,hipotese
bom_aluno_bh,selecao_2026,BOM-SYN-0110,boletim_atual_faltante,BOM-SYN-0110-M1,candidato,11,estudante,inscricao,ficha_inscricao,todo_candidato,obrigatorio,BOM-DOC-000546,ok,2026,nao_se_aplica,nao_se_aplica,0.97,nenhuma,nao,confirmado
bom_aluno_bh,selecao_2026,BOM-SYN-0110,boletim_atual_faltante,BOM-SYN-0110-M1,candidato,11,estudante,escolar,boletim_ano_anterior,todo_candidato,obrigatorio,BOM-DOC-000547,ok,2025,nao_se_aplica,nao_se_aplica,0.97,nenhuma,nao,confirmado
bom_aluno_bh,selecao_2026,BOM-SYN-0110,boletim_atual_faltante,BOM-SYN-0110-M1,candidato,11,estudante,escolar,boletim_ano_atual,todo_candidato,obrigatorio,ausente,faltante,2026_bimestres_disponiveis,nao_se_aplica,nao_se_aplica,0.00,solicitar_documento_faltante,sim,confirmado
bom_aluno_bh,selecao_2026,BOM-SYN-0110,boletim_atual_faltante,BOM-SYN-0110-M2,responsavel,50,responsavel_familiar,cadastro_social,folha_resumo_cadunico,familia_inscrita_no_cadunico,preferencial,BOM-DOC-000549,ok,atual,nao_se_aplica,nao_se_aplica,0.97,nenhuma,sim,parcial
bom_aluno_bh,selecao_2026,BOM-SYN-0110,boletim_atual_faltante,BOM-SYN-0110-M2,responsavel,50,responsavel_familiar,identificacao,rg_cpf_responsavel,lista_detalhada_nao_publicada,a_validar,BOM-DOC-000550,ok,periodo_a_validar,nao_se_aplica,nao_se_aplica,0.97,nenhuma,sim,hipotese
bom_aluno_bh,selecao_2026,BOM-SYN-0111,boletim_anterior_ilegivel,BOM-SYN-0111-M1,candidato,12,estudante,inscricao,ficha_inscricao,todo_candidato,obrigatorio,BOM-DOC-000551,ok,2026,nao_se_aplica,nao_se_aplica,0.97,nenhuma,nao,confirmado
bom_aluno_bh,selecao_2026,BOM-SYN-0111,boletim_anterior_ilegivel,BOM-SYN-0111-M1,candidato,12,estudante,escolar,boletim_ano_anterior,todo_candidato,obrigatorio,BOM-DOC-000552,ilegivel,2025,nao_se_aplica,nao_se_aplica,0.28,solicitar_arquivo_legivel,sim,confirmado
bom_aluno_bh,selecao_2026,BOM-SYN-0111,boletim_anterior_ilegivel,BOM-SYN-0111-M1,candidato,12,estudante,escolar,boletim_ano_atual,todo_candidato,obrigatorio,BOM-DOC-000553,ok,2026_bimestres_disponiveis,nao_se_aplica,nao_se_aplica,0.97,nenhuma,nao,confirmado
bom_aluno_bh,selecao_2026,BOM-SYN-0111,boletim_anterior_ilegivel,BOM-SYN-0111-M2,responsavel,51,responsavel_familiar,cadastro_social,folha_resumo_cadunico,familia_inscrita_no_cadunico,preferencial,BOM-DOC-000554,ok,atual,nao_se_aplica,nao_se_aplica,0.97,nenhuma,sim,parcial
bom_aluno_bh,selecao_2026,BOM-SYN-0111,boletim_anterior_ilegivel,BOM-SYN-0111-M2,responsavel,51,responsavel_familiar,residencia,comprovante_endereco,lista_detalhada_nao_publicada,a_validar,BOM-DOC-000555,ok,periodo_a_validar,nao_se_aplica,nao_se_aplica,0.97,nenhuma,sim,hipotese
bom_aluno_bh,selecao_2026,BOM-SYN-0112,boletim_atual_incompleto,BOM-SYN-0112-M1,candidato,11,estudante,inscricao,ficha_inscricao,todo_candidato,obrigatorio,BOM-DOC-000556,ok,2026,nao_se_aplica,nao_se_aplica,0.97,nenhuma,nao,confirmado
bom_aluno_bh,selecao_2026,BOM-SYN-0112,boletim_atual_incompleto,BOM-SYN-0112-M1,candidato,11,estudante,escolar,boletim_ano_anterior,todo_candidato,obrigatorio,BOM-DOC-000557,ok,2025,nao_se_aplica,nao_se_aplica,0.97,nenhuma,nao,confirmado
bom_aluno_bh,selecao_2026,BOM-SYN-0112,boletim_atual_incompleto,BOM-SYN-0112-M1,candidato,11,estudante,escolar,boletim_ano_atual,todo_candidato,obrigatorio,BOM-DOC-000558,periodo_incompleto,2026_bimestres_disponiveis,nao_se_aplica,nao_se_aplica,0.89,solicitar_competencias_ausentes,sim,confirmado
bom_aluno_bh,selecao_2026,BOM-SYN-0112,boletim_atual_incompleto,BOM-SYN-0112-M2,responsavel,52,responsavel_familiar,cadastro_social,folha_resumo_cadunico,familia_inscrita_no_cadunico,preferencial,BOM-DOC-000559,ok,atual,nao_se_aplica,nao_se_aplica,0.97,nenhuma,sim,parcial
bom_aluno_bh,selecao_2026,BOM-SYN-0112,boletim_atual_incompleto,BOM-SYN-0112-M2,responsavel,52,responsavel_familiar,renda,comprovante_renda_familiar,criterio_de_renda_publicado_documento_nao_enumerado,a_validar,BOM-DOC-000560,ok,periodo_a_validar,4194.00,4194.00,0.97,nenhuma,sim,hipotese
bom_aluno_bh,selecao_2026,BOM-SYN-0113,renda_declarada_divergente,BOM-SYN-0113-M1,candidato,12,estudante,inscricao,ficha_inscricao,todo_candidato,obrigatorio,BOM-DOC-000561,ok,2026,nao_se_aplica,nao_se_aplica,0.97,nenhuma,nao,confirmado
bom_aluno_bh,selecao_2026,BOM-SYN-0113,renda_declarada_divergente,BOM-SYN-0113-M1,candidato,12,estudante,escolar,boletim_ano_anterior,todo_candidato,obrigatorio,BOM-DOC-000562,ok,2025,nao_se_aplica,nao_se_aplica,0.97,nenhuma,nao,confirmado
bom_aluno_bh,selecao_2026,BOM-SYN-0113,renda_declarada_divergente,BOM-SYN-0113-M1,candidato,12,estudante,escolar,boletim_ano_atual,todo_candidato,obrigatorio,BOM-DOC-000563,ok,2026_bimestres_disponiveis,nao_se_aplica,nao_se_aplica,0.97,nenhuma,nao,confirmado
bom_aluno_bh,selecao_2026,BOM-SYN-0113,renda_declarada_divergente,BOM-SYN-0113-M2,responsavel,53,responsavel_familiar,cadastro_social,folha_resumo_cadunico,familia_inscrita_no_cadunico,preferencial,BOM-DOC-000564,ok,atual,nao_se_aplica,nao_se_aplica,0.97,nenhuma,sim,parcial
bom_aluno_bh,selecao_2026,BOM-SYN-0113,renda_declarada_divergente,BOM-SYN-0113-M2,responsavel,53,responsavel_familiar,renda,comprovante_renda_familiar,criterio_de_renda_publicado_documento_nao_enumerado,a_validar,BOM-DOC-000565,divergente,periodo_a_validar,4331.00,4981.00,0.93,comparar_declaracao_e_documento,sim,hipotese
bom_aluno_bh,selecao_2026,BOM-SYN-0114,cadunico_desatualizado,BOM-SYN-0114-M1,candidato,11,estudante,inscricao,ficha_inscricao,todo_candidato,obrigatorio,BOM-DOC-000566,ok,2026,nao_se_aplica,nao_se_aplica,0.97,nenhuma,nao,confirmado
bom_aluno_bh,selecao_2026,BOM-SYN-0114,cadunico_desatualizado,BOM-SYN-0114-M1,candidato,11,estudante,escolar,boletim_ano_anterior,todo_candidato,obrigatorio,BOM-DOC-000567,ok,2025,nao_se_aplica,nao_se_aplica,0.97,nenhuma,nao,confirmado
bom_aluno_bh,selecao_2026,BOM-SYN-0114,cadunico_desatualizado,BOM-SYN-0114-M1,candidato,11,estudante,escolar,boletim_ano_atual,todo_candidato,obrigatorio,BOM-DOC-000568,ok,2026_bimestres_disponiveis,nao_se_aplica,nao_se_aplica,0.97,nenhuma,nao,confirmado
bom_aluno_bh,selecao_2026,BOM-SYN-0114,cadunico_desatualizado,BOM-SYN-0114-M2,responsavel,54,responsavel_familiar,cadastro_social,folha_resumo_cadunico,familia_inscrita_no_cadunico,preferencial,BOM-DOC-000569,desatualizado,atual,nao_se_aplica,nao_se_aplica,0.95,solicitar_documento_atualizado,sim,parcial
bom_aluno_bh,selecao_2026,BOM-SYN-0114,cadunico_desatualizado,BOM-SYN-0114-M2,responsavel,54,responsavel_familiar,identificacao,rg_cpf_responsavel,lista_detalhada_nao_publicada,a_validar,BOM-DOC-000570,ok,periodo_a_validar,nao_se_aplica,nao_se_aplica,0.97,nenhuma,sim,hipotese
bom_aluno_bh,selecao_2026,BOM-SYN-0115,inscricao_inicial_completa,BOM-SYN-0115-M1,candidato,12,estudante,inscricao,ficha_inscricao,todo_candidato,obrigatorio,BOM-DOC-000571,ok,2026,nao_se_aplica,nao_se_aplica,0.97,nenhuma,nao,confirmado
bom_aluno_bh,selecao_2026,BOM-SYN-0115,inscricao_inicial_completa,BOM-SYN-0115-M1,candidato,12,estudante,escolar,boletim_ano_anterior,todo_candidato,obrigatorio,BOM-DOC-000572,ok,2025,nao_se_aplica,nao_se_aplica,0.97,nenhuma,nao,confirmado
bom_aluno_bh,selecao_2026,BOM-SYN-0115,inscricao_inicial_completa,BOM-SYN-0115-M1,candidato,12,estudante,escolar,boletim_ano_atual,todo_candidato,obrigatorio,BOM-DOC-000573,ok,2026_bimestres_disponiveis,nao_se_aplica,nao_se_aplica,0.97,nenhuma,nao,confirmado
bom_aluno_bh,selecao_2026,BOM-SYN-0115,inscricao_inicial_completa,BOM-SYN-0115-M2,responsavel,55,responsavel_familiar,cadastro_social,folha_resumo_cadunico,familia_inscrita_no_cadunico,preferencial,BOM-DOC-000574,ok,atual,nao_se_aplica,nao_se_aplica,0.97,nenhuma,sim,parcial
bom_aluno_bh,selecao_2026,BOM-SYN-0115,inscricao_inicial_completa,BOM-SYN-0115-M2,responsavel,55,responsavel_familiar,residencia,comprovante_endereco,lista_detalhada_nao_publicada,a_validar,BOM-DOC-000575,ok,periodo_a_validar,nao_se_aplica,nao_se_aplica,0.97,nenhuma,sim,hipotese
bom_aluno_bh,selecao_2026,BOM-SYN-0116,boletim_atual_faltante,BOM-SYN-0116-M1,candidato,11,estudante,inscricao,ficha_inscricao,todo_candidato,obrigatorio,BOM-DOC-000576,ok,2026,nao_se_aplica,nao_se_aplica,0.97,nenhuma,nao,confirmado
bom_aluno_bh,selecao_2026,BOM-SYN-0116,boletim_atual_faltante,BOM-SYN-0116-M1,candidato,11,estudante,escolar,boletim_ano_anterior,todo_candidato,obrigatorio,BOM-DOC-000577,ok,2025,nao_se_aplica,nao_se_aplica,0.97,nenhuma,nao,confirmado
bom_aluno_bh,selecao_2026,BOM-SYN-0116,boletim_atual_faltante,BOM-SYN-0116-M1,candidato,11,estudante,escolar,boletim_ano_atual,todo_candidato,obrigatorio,ausente,faltante,2026_bimestres_disponiveis,nao_se_aplica,nao_se_aplica,0.00,solicitar_documento_faltante,sim,confirmado
bom_aluno_bh,selecao_2026,BOM-SYN-0116,boletim_atual_faltante,BOM-SYN-0116-M2,responsavel,56,responsavel_familiar,cadastro_social,folha_resumo_cadunico,familia_inscrita_no_cadunico,preferencial,BOM-DOC-000579,ok,atual,nao_se_aplica,nao_se_aplica,0.97,nenhuma,sim,parcial
bom_aluno_bh,selecao_2026,BOM-SYN-0116,boletim_atual_faltante,BOM-SYN-0116-M2,responsavel,56,responsavel_familiar,renda,comprovante_renda_familiar,criterio_de_renda_publicado_documento_nao_enumerado,a_validar,BOM-DOC-000580,ok,periodo_a_validar,4742.00,4742.00,0.97,nenhuma,sim,hipotese
bom_aluno_bh,selecao_2026,BOM-SYN-0117,boletim_anterior_ilegivel,BOM-SYN-0117-M1,candidato,12,estudante,inscricao,ficha_inscricao,todo_candidato,obrigatorio,BOM-DOC-000581,ok,2026,nao_se_aplica,nao_se_aplica,0.97,nenhuma,nao,confirmado
bom_aluno_bh,selecao_2026,BOM-SYN-0117,boletim_anterior_ilegivel,BOM-SYN-0117-M1,candidato,12,estudante,escolar,boletim_ano_anterior,todo_candidato,obrigatorio,BOM-DOC-000582,ilegivel,2025,nao_se_aplica,nao_se_aplica,0.28,solicitar_arquivo_legivel,sim,confirmado
bom_aluno_bh,selecao_2026,BOM-SYN-0117,boletim_anterior_ilegivel,BOM-SYN-0117-M1,candidato,12,estudante,escolar,boletim_ano_atual,todo_candidato,obrigatorio,BOM-DOC-000583,ok,2026_bimestres_disponiveis,nao_se_aplica,nao_se_aplica,0.97,nenhuma,nao,confirmado
bom_aluno_bh,selecao_2026,BOM-SYN-0117,boletim_anterior_ilegivel,BOM-SYN-0117-M2,responsavel,57,responsavel_familiar,cadastro_social,folha_resumo_cadunico,familia_inscrita_no_cadunico,preferencial,BOM-DOC-000584,ok,atual,nao_se_aplica,nao_se_aplica,0.97,nenhuma,sim,parcial
bom_aluno_bh,selecao_2026,BOM-SYN-0117,boletim_anterior_ilegivel,BOM-SYN-0117-M1,candidato,12,estudante,identificacao,certidao_ou_rg_candidato,lista_detalhada_nao_publicada,a_validar,BOM-DOC-000585,ok,periodo_a_validar,nao_se_aplica,nao_se_aplica,0.97,nenhuma,sim,hipotese
bom_aluno_bh,selecao_2026,BOM-SYN-0118,boletim_atual_incompleto,BOM-SYN-0118-M1,candidato,11,estudante,inscricao,ficha_inscricao,todo_candidato,obrigatorio,BOM-DOC-000586,ok,2026,nao_se_aplica,nao_se_aplica,0.97,nenhuma,nao,confirmado
bom_aluno_bh,selecao_2026,BOM-SYN-0118,boletim_atual_incompleto,BOM-SYN-0118-M1,candidato,11,estudante,escolar,boletim_ano_anterior,todo_candidato,obrigatorio,BOM-DOC-000587,ok,2025,nao_se_aplica,nao_se_aplica,0.97,nenhuma,nao,confirmado
bom_aluno_bh,selecao_2026,BOM-SYN-0118,boletim_atual_incompleto,BOM-SYN-0118-M1,candidato,11,estudante,escolar,boletim_ano_atual,todo_candidato,obrigatorio,BOM-DOC-000588,periodo_incompleto,2026_bimestres_disponiveis,nao_se_aplica,nao_se_aplica,0.89,solicitar_competencias_ausentes,sim,confirmado
bom_aluno_bh,selecao_2026,BOM-SYN-0118,boletim_atual_incompleto,BOM-SYN-0118-M2,responsavel,58,responsavel_familiar,cadastro_social,folha_resumo_cadunico,familia_inscrita_no_cadunico,preferencial,BOM-DOC-000589,ok,atual,nao_se_aplica,nao_se_aplica,0.97,nenhuma,sim,parcial
bom_aluno_bh,selecao_2026,BOM-SYN-0118,boletim_atual_incompleto,BOM-SYN-0118-M2,responsavel,58,responsavel_familiar,identificacao,rg_cpf_responsavel,lista_detalhada_nao_publicada,a_validar,BOM-DOC-000590,ok,periodo_a_validar,nao_se_aplica,nao_se_aplica,0.97,nenhuma,sim,hipotese
bom_aluno_bh,selecao_2026,BOM-SYN-0119,renda_declarada_divergente,BOM-SYN-0119-M1,candidato,12,estudante,inscricao,ficha_inscricao,todo_candidato,obrigatorio,BOM-DOC-000591,ok,2026,nao_se_aplica,nao_se_aplica,0.97,nenhuma,nao,confirmado
bom_aluno_bh,selecao_2026,BOM-SYN-0119,renda_declarada_divergente,BOM-SYN-0119-M1,candidato,12,estudante,escolar,boletim_ano_anterior,todo_candidato,obrigatorio,BOM-DOC-000592,ok,2025,nao_se_aplica,nao_se_aplica,0.97,nenhuma,nao,confirmado
bom_aluno_bh,selecao_2026,BOM-SYN-0119,renda_declarada_divergente,BOM-SYN-0119-M1,candidato,12,estudante,escolar,boletim_ano_atual,todo_candidato,obrigatorio,BOM-DOC-000593,ok,2026_bimestres_disponiveis,nao_se_aplica,nao_se_aplica,0.97,nenhuma,nao,confirmado
bom_aluno_bh,selecao_2026,BOM-SYN-0119,renda_declarada_divergente,BOM-SYN-0119-M2,responsavel,59,responsavel_familiar,cadastro_social,folha_resumo_cadunico,familia_inscrita_no_cadunico,preferencial,BOM-DOC-000594,ok,atual,nao_se_aplica,nao_se_aplica,0.97,nenhuma,sim,parcial
bom_aluno_bh,selecao_2026,BOM-SYN-0119,renda_declarada_divergente,BOM-SYN-0119-M2,responsavel,59,responsavel_familiar,renda,comprovante_renda_familiar,criterio_de_renda_publicado_documento_nao_enumerado,a_validar,BOM-DOC-000595,divergente,periodo_a_validar,5153.00,5803.00,0.93,comparar_declaracao_e_documento,sim,hipotese
bom_aluno_bh,selecao_2026,BOM-SYN-0120,cadunico_desatualizado,BOM-SYN-0120-M1,candidato,11,estudante,inscricao,ficha_inscricao,todo_candidato,obrigatorio,BOM-DOC-000596,ok,2026,nao_se_aplica,nao_se_aplica,0.97,nenhuma,nao,confirmado
bom_aluno_bh,selecao_2026,BOM-SYN-0120,cadunico_desatualizado,BOM-SYN-0120-M1,candidato,11,estudante,escolar,boletim_ano_anterior,todo_candidato,obrigatorio,BOM-DOC-000597,ok,2025,nao_se_aplica,nao_se_aplica,0.97,nenhuma,nao,confirmado
bom_aluno_bh,selecao_2026,BOM-SYN-0120,cadunico_desatualizado,BOM-SYN-0120-M1,candidato,11,estudante,escolar,boletim_ano_atual,todo_candidato,obrigatorio,BOM-DOC-000598,ok,2026_bimestres_disponiveis,nao_se_aplica,nao_se_aplica,0.97,nenhuma,nao,confirmado
bom_aluno_bh,selecao_2026,BOM-SYN-0120,cadunico_desatualizado,BOM-SYN-0120-M2,responsavel,30,responsavel_familiar,cadastro_social,folha_resumo_cadunico,familia_inscrita_no_cadunico,preferencial,BOM-DOC-000599,desatualizado,atual,nao_se_aplica,nao_se_aplica,0.95,solicitar_documento_atualizado,sim,parcial
bom_aluno_bh,selecao_2026,BOM-SYN-0120,cadunico_desatualizado,BOM-SYN-0120-M2,responsavel,30,responsavel_familiar,renda,comprovante_renda_familiar,criterio_de_renda_publicado_documento_nao_enumerado,a_validar,BOM-DOC-000600,ok,periodo_a_validar,5290.00,5290.00,0.97,nenhuma,sim,hipotese
bom_aluno_bh,selecao_2026,BOM-SYN-0121,inscricao_inicial_completa,BOM-SYN-0121-M1,candidato,12,estudante,inscricao,ficha_inscricao,todo_candidato,obrigatorio,BOM-DOC-000601,ok,2026,nao_se_aplica,nao_se_aplica,0.97,nenhuma,nao,confirmado
bom_aluno_bh,selecao_2026,BOM-SYN-0121,inscricao_inicial_completa,BOM-SYN-0121-M1,candidato,12,estudante,escolar,boletim_ano_anterior,todo_candidato,obrigatorio,BOM-DOC-000602,ok,2025,nao_se_aplica,nao_se_aplica,0.97,nenhuma,nao,confirmado
bom_aluno_bh,selecao_2026,BOM-SYN-0121,inscricao_inicial_completa,BOM-SYN-0121-M1,candidato,12,estudante,escolar,boletim_ano_atual,todo_candidato,obrigatorio,BOM-DOC-000603,ok,2026_bimestres_disponiveis,nao_se_aplica,nao_se_aplica,0.97,nenhuma,nao,confirmado
bom_aluno_bh,selecao_2026,BOM-SYN-0121,inscricao_inicial_completa,BOM-SYN-0121-M2,responsavel,31,responsavel_familiar,cadastro_social,folha_resumo_cadunico,familia_inscrita_no_cadunico,preferencial,BOM-DOC-000604,ok,atual,nao_se_aplica,nao_se_aplica,0.97,nenhuma,sim,parcial
bom_aluno_bh,selecao_2026,BOM-SYN-0121,inscricao_inicial_completa,BOM-SYN-0121-M1,candidato,12,estudante,identificacao,certidao_ou_rg_candidato,lista_detalhada_nao_publicada,a_validar,BOM-DOC-000605,ok,periodo_a_validar,nao_se_aplica,nao_se_aplica,0.97,nenhuma,sim,hipotese
bom_aluno_bh,selecao_2026,BOM-SYN-0122,boletim_atual_faltante,BOM-SYN-0122-M1,candidato,11,estudante,inscricao,ficha_inscricao,todo_candidato,obrigatorio,BOM-DOC-000606,ok,2026,nao_se_aplica,nao_se_aplica,0.97,nenhuma,nao,confirmado
bom_aluno_bh,selecao_2026,BOM-SYN-0122,boletim_atual_faltante,BOM-SYN-0122-M1,candidato,11,estudante,escolar,boletim_ano_anterior,todo_candidato,obrigatorio,BOM-DOC-000607,ok,2025,nao_se_aplica,nao_se_aplica,0.97,nenhuma,nao,confirmado
bom_aluno_bh,selecao_2026,BOM-SYN-0122,boletim_atual_faltante,BOM-SYN-0122-M1,candidato,11,estudante,escolar,boletim_ano_atual,todo_candidato,obrigatorio,ausente,faltante,2026_bimestres_disponiveis,nao_se_aplica,nao_se_aplica,0.00,solicitar_documento_faltante,sim,confirmado
bom_aluno_bh,selecao_2026,BOM-SYN-0122,boletim_atual_faltante,BOM-SYN-0122-M2,responsavel,32,responsavel_familiar,cadastro_social,folha_resumo_cadunico,familia_inscrita_no_cadunico,preferencial,BOM-DOC-000609,ok,atual,nao_se_aplica,nao_se_aplica,0.97,nenhuma,sim,parcial
bom_aluno_bh,selecao_2026,BOM-SYN-0122,boletim_atual_faltante,BOM-SYN-0122-M2,responsavel,32,responsavel_familiar,identificacao,rg_cpf_responsavel,lista_detalhada_nao_publicada,a_validar,BOM-DOC-000610,ok,periodo_a_validar,nao_se_aplica,nao_se_aplica,0.97,nenhuma,sim,hipotese
bom_aluno_bh,selecao_2026,BOM-SYN-0123,boletim_anterior_ilegivel,BOM-SYN-0123-M1,candidato,12,estudante,inscricao,ficha_inscricao,todo_candidato,obrigatorio,BOM-DOC-000611,ok,2026,nao_se_aplica,nao_se_aplica,0.97,nenhuma,nao,confirmado
bom_aluno_bh,selecao_2026,BOM-SYN-0123,boletim_anterior_ilegivel,BOM-SYN-0123-M1,candidato,12,estudante,escolar,boletim_ano_anterior,todo_candidato,obrigatorio,BOM-DOC-000612,ilegivel,2025,nao_se_aplica,nao_se_aplica,0.28,solicitar_arquivo_legivel,sim,confirmado
bom_aluno_bh,selecao_2026,BOM-SYN-0123,boletim_anterior_ilegivel,BOM-SYN-0123-M1,candidato,12,estudante,escolar,boletim_ano_atual,todo_candidato,obrigatorio,BOM-DOC-000613,ok,2026_bimestres_disponiveis,nao_se_aplica,nao_se_aplica,0.97,nenhuma,nao,confirmado
bom_aluno_bh,selecao_2026,BOM-SYN-0123,boletim_anterior_ilegivel,BOM-SYN-0123-M2,responsavel,33,responsavel_familiar,cadastro_social,folha_resumo_cadunico,familia_inscrita_no_cadunico,preferencial,BOM-DOC-000614,ok,atual,nao_se_aplica,nao_se_aplica,0.97,nenhuma,sim,parcial
bom_aluno_bh,selecao_2026,BOM-SYN-0123,boletim_anterior_ilegivel,BOM-SYN-0123-M2,responsavel,33,responsavel_familiar,residencia,comprovante_endereco,lista_detalhada_nao_publicada,a_validar,BOM-DOC-000615,ok,periodo_a_validar,nao_se_aplica,nao_se_aplica,0.97,nenhuma,sim,hipotese
bom_aluno_bh,selecao_2026,BOM-SYN-0124,boletim_atual_incompleto,BOM-SYN-0124-M1,candidato,11,estudante,inscricao,ficha_inscricao,todo_candidato,obrigatorio,BOM-DOC-000616,ok,2026,nao_se_aplica,nao_se_aplica,0.97,nenhuma,nao,confirmado
bom_aluno_bh,selecao_2026,BOM-SYN-0124,boletim_atual_incompleto,BOM-SYN-0124-M1,candidato,11,estudante,escolar,boletim_ano_anterior,todo_candidato,obrigatorio,BOM-DOC-000617,ok,2025,nao_se_aplica,nao_se_aplica,0.97,nenhuma,nao,confirmado
bom_aluno_bh,selecao_2026,BOM-SYN-0124,boletim_atual_incompleto,BOM-SYN-0124-M1,candidato,11,estudante,escolar,boletim_ano_atual,todo_candidato,obrigatorio,BOM-DOC-000618,periodo_incompleto,2026_bimestres_disponiveis,nao_se_aplica,nao_se_aplica,0.89,solicitar_competencias_ausentes,sim,confirmado
bom_aluno_bh,selecao_2026,BOM-SYN-0124,boletim_atual_incompleto,BOM-SYN-0124-M2,responsavel,34,responsavel_familiar,cadastro_social,folha_resumo_cadunico,familia_inscrita_no_cadunico,preferencial,BOM-DOC-000619,ok,atual,nao_se_aplica,nao_se_aplica,0.97,nenhuma,sim,parcial
bom_aluno_bh,selecao_2026,BOM-SYN-0124,boletim_atual_incompleto,BOM-SYN-0124-M2,responsavel,34,responsavel_familiar,renda,comprovante_renda_familiar,criterio_de_renda_publicado_documento_nao_enumerado,a_validar,BOM-DOC-000620,ok,periodo_a_validar,1638.00,1638.00,0.97,nenhuma,sim,hipotese
bom_aluno_bh,selecao_2026,BOM-SYN-0125,renda_declarada_divergente,BOM-SYN-0125-M1,candidato,12,estudante,inscricao,ficha_inscricao,todo_candidato,obrigatorio,BOM-DOC-000621,ok,2026,nao_se_aplica,nao_se_aplica,0.97,nenhuma,nao,confirmado
bom_aluno_bh,selecao_2026,BOM-SYN-0125,renda_declarada_divergente,BOM-SYN-0125-M1,candidato,12,estudante,escolar,boletim_ano_anterior,todo_candidato,obrigatorio,BOM-DOC-000622,ok,2025,nao_se_aplica,nao_se_aplica,0.97,nenhuma,nao,confirmado
bom_aluno_bh,selecao_2026,BOM-SYN-0125,renda_declarada_divergente,BOM-SYN-0125-M1,candidato,12,estudante,escolar,boletim_ano_atual,todo_candidato,obrigatorio,BOM-DOC-000623,ok,2026_bimestres_disponiveis,nao_se_aplica,nao_se_aplica,0.97,nenhuma,nao,confirmado
bom_aluno_bh,selecao_2026,BOM-SYN-0125,renda_declarada_divergente,BOM-SYN-0125-M2,responsavel,35,responsavel_familiar,cadastro_social,folha_resumo_cadunico,familia_inscrita_no_cadunico,preferencial,BOM-DOC-000624,ok,atual,nao_se_aplica,nao_se_aplica,0.97,nenhuma,sim,parcial
bom_aluno_bh,selecao_2026,BOM-SYN-0125,renda_declarada_divergente,BOM-SYN-0125-M2,responsavel,35,responsavel_familiar,renda,comprovante_renda_familiar,criterio_de_renda_publicado_documento_nao_enumerado,a_validar,BOM-DOC-000625,divergente,periodo_a_validar,1775.00,2425.00,0.93,comparar_declaracao_e_documento,sim,hipotese
bom_aluno_bh,selecao_2026,BOM-SYN-0126,cadunico_desatualizado,BOM-SYN-0126-M1,candidato,11,estudante,inscricao,ficha_inscricao,todo_candidato,obrigatorio,BOM-DOC-000626,ok,2026,nao_se_aplica,nao_se_aplica,0.97,nenhuma,nao,confirmado
bom_aluno_bh,selecao_2026,BOM-SYN-0126,cadunico_desatualizado,BOM-SYN-0126-M1,candidato,11,estudante,escolar,boletim_ano_anterior,todo_candidato,obrigatorio,BOM-DOC-000627,ok,2025,nao_se_aplica,nao_se_aplica,0.97,nenhuma,nao,confirmado
bom_aluno_bh,selecao_2026,BOM-SYN-0126,cadunico_desatualizado,BOM-SYN-0126-M1,candidato,11,estudante,escolar,boletim_ano_atual,todo_candidato,obrigatorio,BOM-DOC-000628,ok,2026_bimestres_disponiveis,nao_se_aplica,nao_se_aplica,0.97,nenhuma,nao,confirmado
bom_aluno_bh,selecao_2026,BOM-SYN-0126,cadunico_desatualizado,BOM-SYN-0126-M2,responsavel,36,responsavel_familiar,cadastro_social,folha_resumo_cadunico,familia_inscrita_no_cadunico,preferencial,BOM-DOC-000629,desatualizado,atual,nao_se_aplica,nao_se_aplica,0.95,solicitar_documento_atualizado,sim,parcial
bom_aluno_bh,selecao_2026,BOM-SYN-0126,cadunico_desatualizado,BOM-SYN-0126-M2,responsavel,36,responsavel_familiar,identificacao,rg_cpf_responsavel,lista_detalhada_nao_publicada,a_validar,BOM-DOC-000630,ok,periodo_a_validar,nao_se_aplica,nao_se_aplica,0.97,nenhuma,sim,hipotese
bom_aluno_bh,selecao_2026,BOM-SYN-0127,inscricao_inicial_completa,BOM-SYN-0127-M1,candidato,12,estudante,inscricao,ficha_inscricao,todo_candidato,obrigatorio,BOM-DOC-000631,ok,2026,nao_se_aplica,nao_se_aplica,0.97,nenhuma,nao,confirmado
bom_aluno_bh,selecao_2026,BOM-SYN-0127,inscricao_inicial_completa,BOM-SYN-0127-M1,candidato,12,estudante,escolar,boletim_ano_anterior,todo_candidato,obrigatorio,BOM-DOC-000632,ok,2025,nao_se_aplica,nao_se_aplica,0.97,nenhuma,nao,confirmado
bom_aluno_bh,selecao_2026,BOM-SYN-0127,inscricao_inicial_completa,BOM-SYN-0127-M1,candidato,12,estudante,escolar,boletim_ano_atual,todo_candidato,obrigatorio,BOM-DOC-000633,ok,2026_bimestres_disponiveis,nao_se_aplica,nao_se_aplica,0.97,nenhuma,nao,confirmado
bom_aluno_bh,selecao_2026,BOM-SYN-0127,inscricao_inicial_completa,BOM-SYN-0127-M2,responsavel,37,responsavel_familiar,cadastro_social,folha_resumo_cadunico,familia_inscrita_no_cadunico,preferencial,BOM-DOC-000634,ok,atual,nao_se_aplica,nao_se_aplica,0.97,nenhuma,sim,parcial
bom_aluno_bh,selecao_2026,BOM-SYN-0127,inscricao_inicial_completa,BOM-SYN-0127-M2,responsavel,37,responsavel_familiar,residencia,comprovante_endereco,lista_detalhada_nao_publicada,a_validar,BOM-DOC-000635,ok,periodo_a_validar,nao_se_aplica,nao_se_aplica,0.97,nenhuma,sim,hipotese
bom_aluno_bh,selecao_2026,BOM-SYN-0128,boletim_atual_faltante,BOM-SYN-0128-M1,candidato,11,estudante,inscricao,ficha_inscricao,todo_candidato,obrigatorio,BOM-DOC-000636,ok,2026,nao_se_aplica,nao_se_aplica,0.97,nenhuma,nao,confirmado
bom_aluno_bh,selecao_2026,BOM-SYN-0128,boletim_atual_faltante,BOM-SYN-0128-M1,candidato,11,estudante,escolar,boletim_ano_anterior,todo_candidato,obrigatorio,BOM-DOC-000637,ok,2025,nao_se_aplica,nao_se_aplica,0.97,nenhuma,nao,confirmado
bom_aluno_bh,selecao_2026,BOM-SYN-0128,boletim_atual_faltante,BOM-SYN-0128-M1,candidato,11,estudante,escolar,boletim_ano_atual,todo_candidato,obrigatorio,ausente,faltante,2026_bimestres_disponiveis,nao_se_aplica,nao_se_aplica,0.00,solicitar_documento_faltante,sim,confirmado
bom_aluno_bh,selecao_2026,BOM-SYN-0128,boletim_atual_faltante,BOM-SYN-0128-M2,responsavel,38,responsavel_familiar,cadastro_social,folha_resumo_cadunico,familia_inscrita_no_cadunico,preferencial,BOM-DOC-000639,ok,atual,nao_se_aplica,nao_se_aplica,0.97,nenhuma,sim,parcial
bom_aluno_bh,selecao_2026,BOM-SYN-0128,boletim_atual_faltante,BOM-SYN-0128-M2,responsavel,38,responsavel_familiar,renda,comprovante_renda_familiar,criterio_de_renda_publicado_documento_nao_enumerado,a_validar,BOM-DOC-000640,ok,periodo_a_validar,2186.00,2186.00,0.97,nenhuma,sim,hipotese
bom_aluno_bh,selecao_2026,BOM-SYN-0129,boletim_anterior_ilegivel,BOM-SYN-0129-M1,candidato,12,estudante,inscricao,ficha_inscricao,todo_candidato,obrigatorio,BOM-DOC-000641,ok,2026,nao_se_aplica,nao_se_aplica,0.97,nenhuma,nao,confirmado
bom_aluno_bh,selecao_2026,BOM-SYN-0129,boletim_anterior_ilegivel,BOM-SYN-0129-M1,candidato,12,estudante,escolar,boletim_ano_anterior,todo_candidato,obrigatorio,BOM-DOC-000642,ilegivel,2025,nao_se_aplica,nao_se_aplica,0.28,solicitar_arquivo_legivel,sim,confirmado
bom_aluno_bh,selecao_2026,BOM-SYN-0129,boletim_anterior_ilegivel,BOM-SYN-0129-M1,candidato,12,estudante,escolar,boletim_ano_atual,todo_candidato,obrigatorio,BOM-DOC-000643,ok,2026_bimestres_disponiveis,nao_se_aplica,nao_se_aplica,0.97,nenhuma,nao,confirmado
bom_aluno_bh,selecao_2026,BOM-SYN-0129,boletim_anterior_ilegivel,BOM-SYN-0129-M2,responsavel,39,responsavel_familiar,cadastro_social,folha_resumo_cadunico,familia_inscrita_no_cadunico,preferencial,BOM-DOC-000644,ok,atual,nao_se_aplica,nao_se_aplica,0.97,nenhuma,sim,parcial
bom_aluno_bh,selecao_2026,BOM-SYN-0129,boletim_anterior_ilegivel,BOM-SYN-0129-M1,candidato,12,estudante,identificacao,certidao_ou_rg_candidato,lista_detalhada_nao_publicada,a_validar,BOM-DOC-000645,ok,periodo_a_validar,nao_se_aplica,nao_se_aplica,0.97,nenhuma,sim,hipotese
bom_aluno_bh,selecao_2026,BOM-SYN-0130,boletim_atual_incompleto,BOM-SYN-0130-M1,candidato,11,estudante,inscricao,ficha_inscricao,todo_candidato,obrigatorio,BOM-DOC-000646,ok,2026,nao_se_aplica,nao_se_aplica,0.97,nenhuma,nao,confirmado
bom_aluno_bh,selecao_2026,BOM-SYN-0130,boletim_atual_incompleto,BOM-SYN-0130-M1,candidato,11,estudante,escolar,boletim_ano_anterior,todo_candidato,obrigatorio,BOM-DOC-000647,ok,2025,nao_se_aplica,nao_se_aplica,0.97,nenhuma,nao,confirmado
bom_aluno_bh,selecao_2026,BOM-SYN-0130,boletim_atual_incompleto,BOM-SYN-0130-M1,candidato,11,estudante,escolar,boletim_ano_atual,todo_candidato,obrigatorio,BOM-DOC-000648,periodo_incompleto,2026_bimestres_disponiveis,nao_se_aplica,nao_se_aplica,0.89,solicitar_competencias_ausentes,sim,confirmado
bom_aluno_bh,selecao_2026,BOM-SYN-0130,boletim_atual_incompleto,BOM-SYN-0130-M2,responsavel,40,responsavel_familiar,cadastro_social,folha_resumo_cadunico,familia_inscrita_no_cadunico,preferencial,BOM-DOC-000649,ok,atual,nao_se_aplica,nao_se_aplica,0.97,nenhuma,sim,parcial
bom_aluno_bh,selecao_2026,BOM-SYN-0130,boletim_atual_incompleto,BOM-SYN-0130-M2,responsavel,40,responsavel_familiar,identificacao,rg_cpf_responsavel,lista_detalhada_nao_publicada,a_validar,BOM-DOC-000650,ok,periodo_a_validar,nao_se_aplica,nao_se_aplica,0.97,nenhuma,sim,hipotese
bom_aluno_bh,selecao_2026,BOM-SYN-0131,renda_declarada_divergente,BOM-SYN-0131-M1,candidato,12,estudante,inscricao,ficha_inscricao,todo_candidato,obrigatorio,BOM-DOC-000651,ok,2026,nao_se_aplica,nao_se_aplica,0.97,nenhuma,nao,confirmado
bom_aluno_bh,selecao_2026,BOM-SYN-0131,renda_declarada_divergente,BOM-SYN-0131-M1,candidato,12,estudante,escolar,boletim_ano_anterior,todo_candidato,obrigatorio,BOM-DOC-000652,ok,2025,nao_se_aplica,nao_se_aplica,0.97,nenhuma,nao,confirmado
bom_aluno_bh,selecao_2026,BOM-SYN-0131,renda_declarada_divergente,BOM-SYN-0131-M1,candidato,12,estudante,escolar,boletim_ano_atual,todo_candidato,obrigatorio,BOM-DOC-000653,ok,2026_bimestres_disponiveis,nao_se_aplica,nao_se_aplica,0.97,nenhuma,nao,confirmado
bom_aluno_bh,selecao_2026,BOM-SYN-0131,renda_declarada_divergente,BOM-SYN-0131-M2,responsavel,41,responsavel_familiar,cadastro_social,folha_resumo_cadunico,familia_inscrita_no_cadunico,preferencial,BOM-DOC-000654,ok,atual,nao_se_aplica,nao_se_aplica,0.97,nenhuma,sim,parcial
bom_aluno_bh,selecao_2026,BOM-SYN-0131,renda_declarada_divergente,BOM-SYN-0131-M2,responsavel,41,responsavel_familiar,renda,comprovante_renda_familiar,criterio_de_renda_publicado_documento_nao_enumerado,a_validar,BOM-DOC-000655,divergente,periodo_a_validar,2597.00,3247.00,0.93,comparar_declaracao_e_documento,sim,hipotese
bom_aluno_bh,selecao_2026,BOM-SYN-0132,cadunico_desatualizado,BOM-SYN-0132-M1,candidato,11,estudante,inscricao,ficha_inscricao,todo_candidato,obrigatorio,BOM-DOC-000656,ok,2026,nao_se_aplica,nao_se_aplica,0.97,nenhuma,nao,confirmado
bom_aluno_bh,selecao_2026,BOM-SYN-0132,cadunico_desatualizado,BOM-SYN-0132-M1,candidato,11,estudante,escolar,boletim_ano_anterior,todo_candidato,obrigatorio,BOM-DOC-000657,ok,2025,nao_se_aplica,nao_se_aplica,0.97,nenhuma,nao,confirmado
bom_aluno_bh,selecao_2026,BOM-SYN-0132,cadunico_desatualizado,BOM-SYN-0132-M1,candidato,11,estudante,escolar,boletim_ano_atual,todo_candidato,obrigatorio,BOM-DOC-000658,ok,2026_bimestres_disponiveis,nao_se_aplica,nao_se_aplica,0.97,nenhuma,nao,confirmado
bom_aluno_bh,selecao_2026,BOM-SYN-0132,cadunico_desatualizado,BOM-SYN-0132-M2,responsavel,42,responsavel_familiar,cadastro_social,folha_resumo_cadunico,familia_inscrita_no_cadunico,preferencial,BOM-DOC-000659,desatualizado,atual,nao_se_aplica,nao_se_aplica,0.95,solicitar_documento_atualizado,sim,parcial
bom_aluno_bh,selecao_2026,BOM-SYN-0132,cadunico_desatualizado,BOM-SYN-0132-M2,responsavel,42,responsavel_familiar,renda,comprovante_renda_familiar,criterio_de_renda_publicado_documento_nao_enumerado,a_validar,BOM-DOC-000660,ok,periodo_a_validar,2734.00,2734.00,0.97,nenhuma,sim,hipotese
bom_aluno_bh,selecao_2026,BOM-SYN-0133,inscricao_inicial_completa,BOM-SYN-0133-M1,candidato,12,estudante,inscricao,ficha_inscricao,todo_candidato,obrigatorio,BOM-DOC-000661,ok,2026,nao_se_aplica,nao_se_aplica,0.97,nenhuma,nao,confirmado
bom_aluno_bh,selecao_2026,BOM-SYN-0133,inscricao_inicial_completa,BOM-SYN-0133-M1,candidato,12,estudante,escolar,boletim_ano_anterior,todo_candidato,obrigatorio,BOM-DOC-000662,ok,2025,nao_se_aplica,nao_se_aplica,0.97,nenhuma,nao,confirmado
bom_aluno_bh,selecao_2026,BOM-SYN-0133,inscricao_inicial_completa,BOM-SYN-0133-M1,candidato,12,estudante,escolar,boletim_ano_atual,todo_candidato,obrigatorio,BOM-DOC-000663,ok,2026_bimestres_disponiveis,nao_se_aplica,nao_se_aplica,0.97,nenhuma,nao,confirmado
bom_aluno_bh,selecao_2026,BOM-SYN-0133,inscricao_inicial_completa,BOM-SYN-0133-M2,responsavel,43,responsavel_familiar,cadastro_social,folha_resumo_cadunico,familia_inscrita_no_cadunico,preferencial,BOM-DOC-000664,ok,atual,nao_se_aplica,nao_se_aplica,0.97,nenhuma,sim,parcial
bom_aluno_bh,selecao_2026,BOM-SYN-0133,inscricao_inicial_completa,BOM-SYN-0133-M1,candidato,12,estudante,identificacao,certidao_ou_rg_candidato,lista_detalhada_nao_publicada,a_validar,BOM-DOC-000665,ok,periodo_a_validar,nao_se_aplica,nao_se_aplica,0.97,nenhuma,sim,hipotese
bom_aluno_bh,selecao_2026,BOM-SYN-0134,boletim_atual_faltante,BOM-SYN-0134-M1,candidato,11,estudante,inscricao,ficha_inscricao,todo_candidato,obrigatorio,BOM-DOC-000666,ok,2026,nao_se_aplica,nao_se_aplica,0.97,nenhuma,nao,confirmado
bom_aluno_bh,selecao_2026,BOM-SYN-0134,boletim_atual_faltante,BOM-SYN-0134-M1,candidato,11,estudante,escolar,boletim_ano_anterior,todo_candidato,obrigatorio,BOM-DOC-000667,ok,2025,nao_se_aplica,nao_se_aplica,0.97,nenhuma,nao,confirmado
bom_aluno_bh,selecao_2026,BOM-SYN-0134,boletim_atual_faltante,BOM-SYN-0134-M1,candidato,11,estudante,escolar,boletim_ano_atual,todo_candidato,obrigatorio,ausente,faltante,2026_bimestres_disponiveis,nao_se_aplica,nao_se_aplica,0.00,solicitar_documento_faltante,sim,confirmado
bom_aluno_bh,selecao_2026,BOM-SYN-0134,boletim_atual_faltante,BOM-SYN-0134-M2,responsavel,44,responsavel_familiar,cadastro_social,folha_resumo_cadunico,familia_inscrita_no_cadunico,preferencial,BOM-DOC-000669,ok,atual,nao_se_aplica,nao_se_aplica,0.97,nenhuma,sim,parcial
bom_aluno_bh,selecao_2026,BOM-SYN-0134,boletim_atual_faltante,BOM-SYN-0134-M2,responsavel,44,responsavel_familiar,identificacao,rg_cpf_responsavel,lista_detalhada_nao_publicada,a_validar,BOM-DOC-000670,ok,periodo_a_validar,nao_se_aplica,nao_se_aplica,0.97,nenhuma,sim,hipotese
bom_aluno_bh,selecao_2026,BOM-SYN-0135,boletim_anterior_ilegivel,BOM-SYN-0135-M1,candidato,12,estudante,inscricao,ficha_inscricao,todo_candidato,obrigatorio,BOM-DOC-000671,ok,2026,nao_se_aplica,nao_se_aplica,0.97,nenhuma,nao,confirmado
bom_aluno_bh,selecao_2026,BOM-SYN-0135,boletim_anterior_ilegivel,BOM-SYN-0135-M1,candidato,12,estudante,escolar,boletim_ano_anterior,todo_candidato,obrigatorio,BOM-DOC-000672,ilegivel,2025,nao_se_aplica,nao_se_aplica,0.28,solicitar_arquivo_legivel,sim,confirmado
bom_aluno_bh,selecao_2026,BOM-SYN-0135,boletim_anterior_ilegivel,BOM-SYN-0135-M1,candidato,12,estudante,escolar,boletim_ano_atual,todo_candidato,obrigatorio,BOM-DOC-000673,ok,2026_bimestres_disponiveis,nao_se_aplica,nao_se_aplica,0.97,nenhuma,nao,confirmado
bom_aluno_bh,selecao_2026,BOM-SYN-0135,boletim_anterior_ilegivel,BOM-SYN-0135-M2,responsavel,45,responsavel_familiar,cadastro_social,folha_resumo_cadunico,familia_inscrita_no_cadunico,preferencial,BOM-DOC-000674,ok,atual,nao_se_aplica,nao_se_aplica,0.97,nenhuma,sim,parcial
bom_aluno_bh,selecao_2026,BOM-SYN-0135,boletim_anterior_ilegivel,BOM-SYN-0135-M2,responsavel,45,responsavel_familiar,residencia,comprovante_endereco,lista_detalhada_nao_publicada,a_validar,BOM-DOC-000675,ok,periodo_a_validar,nao_se_aplica,nao_se_aplica,0.97,nenhuma,sim,hipotese
bom_aluno_bh,selecao_2026,BOM-SYN-0136,boletim_atual_incompleto,BOM-SYN-0136-M1,candidato,11,estudante,inscricao,ficha_inscricao,todo_candidato,obrigatorio,BOM-DOC-000676,ok,2026,nao_se_aplica,nao_se_aplica,0.97,nenhuma,nao,confirmado
bom_aluno_bh,selecao_2026,BOM-SYN-0136,boletim_atual_incompleto,BOM-SYN-0136-M1,candidato,11,estudante,escolar,boletim_ano_anterior,todo_candidato,obrigatorio,BOM-DOC-000677,ok,2025,nao_se_aplica,nao_se_aplica,0.97,nenhuma,nao,confirmado
bom_aluno_bh,selecao_2026,BOM-SYN-0136,boletim_atual_incompleto,BOM-SYN-0136-M1,candidato,11,estudante,escolar,boletim_ano_atual,todo_candidato,obrigatorio,BOM-DOC-000678,periodo_incompleto,2026_bimestres_disponiveis,nao_se_aplica,nao_se_aplica,0.89,solicitar_competencias_ausentes,sim,confirmado
bom_aluno_bh,selecao_2026,BOM-SYN-0136,boletim_atual_incompleto,BOM-SYN-0136-M2,responsavel,46,responsavel_familiar,cadastro_social,folha_resumo_cadunico,familia_inscrita_no_cadunico,preferencial,BOM-DOC-000679,ok,atual,nao_se_aplica,nao_se_aplica,0.97,nenhuma,sim,parcial
bom_aluno_bh,selecao_2026,BOM-SYN-0136,boletim_atual_incompleto,BOM-SYN-0136-M2,responsavel,46,responsavel_familiar,renda,comprovante_renda_familiar,criterio_de_renda_publicado_documento_nao_enumerado,a_validar,BOM-DOC-000680,ok,periodo_a_validar,3282.00,3282.00,0.97,nenhuma,sim,hipotese
bom_aluno_bh,selecao_2026,BOM-SYN-0137,renda_declarada_divergente,BOM-SYN-0137-M1,candidato,12,estudante,inscricao,ficha_inscricao,todo_candidato,obrigatorio,BOM-DOC-000681,ok,2026,nao_se_aplica,nao_se_aplica,0.97,nenhuma,nao,confirmado
bom_aluno_bh,selecao_2026,BOM-SYN-0137,renda_declarada_divergente,BOM-SYN-0137-M1,candidato,12,estudante,escolar,boletim_ano_anterior,todo_candidato,obrigatorio,BOM-DOC-000682,ok,2025,nao_se_aplica,nao_se_aplica,0.97,nenhuma,nao,confirmado
bom_aluno_bh,selecao_2026,BOM-SYN-0137,renda_declarada_divergente,BOM-SYN-0137-M1,candidato,12,estudante,escolar,boletim_ano_atual,todo_candidato,obrigatorio,BOM-DOC-000683,ok,2026_bimestres_disponiveis,nao_se_aplica,nao_se_aplica,0.97,nenhuma,nao,confirmado
bom_aluno_bh,selecao_2026,BOM-SYN-0137,renda_declarada_divergente,BOM-SYN-0137-M2,responsavel,47,responsavel_familiar,cadastro_social,folha_resumo_cadunico,familia_inscrita_no_cadunico,preferencial,BOM-DOC-000684,ok,atual,nao_se_aplica,nao_se_aplica,0.97,nenhuma,sim,parcial
bom_aluno_bh,selecao_2026,BOM-SYN-0137,renda_declarada_divergente,BOM-SYN-0137-M2,responsavel,47,responsavel_familiar,renda,comprovante_renda_familiar,criterio_de_renda_publicado_documento_nao_enumerado,a_validar,BOM-DOC-000685,divergente,periodo_a_validar,3419.00,4069.00,0.93,comparar_declaracao_e_documento,sim,hipotese
bom_aluno_bh,selecao_2026,BOM-SYN-0138,cadunico_desatualizado,BOM-SYN-0138-M1,candidato,11,estudante,inscricao,ficha_inscricao,todo_candidato,obrigatorio,BOM-DOC-000686,ok,2026,nao_se_aplica,nao_se_aplica,0.97,nenhuma,nao,confirmado
bom_aluno_bh,selecao_2026,BOM-SYN-0138,cadunico_desatualizado,BOM-SYN-0138-M1,candidato,11,estudante,escolar,boletim_ano_anterior,todo_candidato,obrigatorio,BOM-DOC-000687,ok,2025,nao_se_aplica,nao_se_aplica,0.97,nenhuma,nao,confirmado
bom_aluno_bh,selecao_2026,BOM-SYN-0138,cadunico_desatualizado,BOM-SYN-0138-M1,candidato,11,estudante,escolar,boletim_ano_atual,todo_candidato,obrigatorio,BOM-DOC-000688,ok,2026_bimestres_disponiveis,nao_se_aplica,nao_se_aplica,0.97,nenhuma,nao,confirmado
bom_aluno_bh,selecao_2026,BOM-SYN-0138,cadunico_desatualizado,BOM-SYN-0138-M2,responsavel,48,responsavel_familiar,cadastro_social,folha_resumo_cadunico,familia_inscrita_no_cadunico,preferencial,BOM-DOC-000689,desatualizado,atual,nao_se_aplica,nao_se_aplica,0.95,solicitar_documento_atualizado,sim,parcial
bom_aluno_bh,selecao_2026,BOM-SYN-0138,cadunico_desatualizado,BOM-SYN-0138-M2,responsavel,48,responsavel_familiar,identificacao,rg_cpf_responsavel,lista_detalhada_nao_publicada,a_validar,BOM-DOC-000690,ok,periodo_a_validar,nao_se_aplica,nao_se_aplica,0.97,nenhuma,sim,hipotese
bom_aluno_bh,selecao_2026,BOM-SYN-0139,inscricao_inicial_completa,BOM-SYN-0139-M1,candidato,12,estudante,inscricao,ficha_inscricao,todo_candidato,obrigatorio,BOM-DOC-000691,ok,2026,nao_se_aplica,nao_se_aplica,0.97,nenhuma,nao,confirmado
bom_aluno_bh,selecao_2026,BOM-SYN-0139,inscricao_inicial_completa,BOM-SYN-0139-M1,candidato,12,estudante,escolar,boletim_ano_anterior,todo_candidato,obrigatorio,BOM-DOC-000692,ok,2025,nao_se_aplica,nao_se_aplica,0.97,nenhuma,nao,confirmado
bom_aluno_bh,selecao_2026,BOM-SYN-0139,inscricao_inicial_completa,BOM-SYN-0139-M1,candidato,12,estudante,escolar,boletim_ano_atual,todo_candidato,obrigatorio,BOM-DOC-000693,ok,2026_bimestres_disponiveis,nao_se_aplica,nao_se_aplica,0.97,nenhuma,nao,confirmado
bom_aluno_bh,selecao_2026,BOM-SYN-0139,inscricao_inicial_completa,BOM-SYN-0139-M2,responsavel,49,responsavel_familiar,cadastro_social,folha_resumo_cadunico,familia_inscrita_no_cadunico,preferencial,BOM-DOC-000694,ok,atual,nao_se_aplica,nao_se_aplica,0.97,nenhuma,sim,parcial
bom_aluno_bh,selecao_2026,BOM-SYN-0139,inscricao_inicial_completa,BOM-SYN-0139-M2,responsavel,49,responsavel_familiar,residencia,comprovante_endereco,lista_detalhada_nao_publicada,a_validar,BOM-DOC-000695,ok,periodo_a_validar,nao_se_aplica,nao_se_aplica,0.97,nenhuma,sim,hipotese
bom_aluno_bh,selecao_2026,BOM-SYN-0140,boletim_atual_faltante,BOM-SYN-0140-M1,candidato,11,estudante,inscricao,ficha_inscricao,todo_candidato,obrigatorio,BOM-DOC-000696,ok,2026,nao_se_aplica,nao_se_aplica,0.97,nenhuma,nao,confirmado
bom_aluno_bh,selecao_2026,BOM-SYN-0140,boletim_atual_faltante,BOM-SYN-0140-M1,candidato,11,estudante,escolar,boletim_ano_anterior,todo_candidato,obrigatorio,BOM-DOC-000697,ok,2025,nao_se_aplica,nao_se_aplica,0.97,nenhuma,nao,confirmado
bom_aluno_bh,selecao_2026,BOM-SYN-0140,boletim_atual_faltante,BOM-SYN-0140-M1,candidato,11,estudante,escolar,boletim_ano_atual,todo_candidato,obrigatorio,ausente,faltante,2026_bimestres_disponiveis,nao_se_aplica,nao_se_aplica,0.00,solicitar_documento_faltante,sim,confirmado
bom_aluno_bh,selecao_2026,BOM-SYN-0140,boletim_atual_faltante,BOM-SYN-0140-M2,responsavel,50,responsavel_familiar,cadastro_social,folha_resumo_cadunico,familia_inscrita_no_cadunico,preferencial,BOM-DOC-000699,ok,atual,nao_se_aplica,nao_se_aplica,0.97,nenhuma,sim,parcial
bom_aluno_bh,selecao_2026,BOM-SYN-0140,boletim_atual_faltante,BOM-SYN-0140-M2,responsavel,50,responsavel_familiar,renda,comprovante_renda_familiar,criterio_de_renda_publicado_documento_nao_enumerado,a_validar,BOM-DOC-000700,ok,periodo_a_validar,3830.00,3830.00,0.97,nenhuma,sim,hipotese
bom_aluno_bh,selecao_2026,BOM-SYN-0141,boletim_anterior_ilegivel,BOM-SYN-0141-M1,candidato,12,estudante,inscricao,ficha_inscricao,todo_candidato,obrigatorio,BOM-DOC-000701,ok,2026,nao_se_aplica,nao_se_aplica,0.97,nenhuma,nao,confirmado
bom_aluno_bh,selecao_2026,BOM-SYN-0141,boletim_anterior_ilegivel,BOM-SYN-0141-M1,candidato,12,estudante,escolar,boletim_ano_anterior,todo_candidato,obrigatorio,BOM-DOC-000702,ilegivel,2025,nao_se_aplica,nao_se_aplica,0.28,solicitar_arquivo_legivel,sim,confirmado
bom_aluno_bh,selecao_2026,BOM-SYN-0141,boletim_anterior_ilegivel,BOM-SYN-0141-M1,candidato,12,estudante,escolar,boletim_ano_atual,todo_candidato,obrigatorio,BOM-DOC-000703,ok,2026_bimestres_disponiveis,nao_se_aplica,nao_se_aplica,0.97,nenhuma,nao,confirmado
bom_aluno_bh,selecao_2026,BOM-SYN-0141,boletim_anterior_ilegivel,BOM-SYN-0141-M2,responsavel,51,responsavel_familiar,cadastro_social,folha_resumo_cadunico,familia_inscrita_no_cadunico,preferencial,BOM-DOC-000704,ok,atual,nao_se_aplica,nao_se_aplica,0.97,nenhuma,sim,parcial
bom_aluno_bh,selecao_2026,BOM-SYN-0141,boletim_anterior_ilegivel,BOM-SYN-0141-M1,candidato,12,estudante,identificacao,certidao_ou_rg_candidato,lista_detalhada_nao_publicada,a_validar,BOM-DOC-000705,ok,periodo_a_validar,nao_se_aplica,nao_se_aplica,0.97,nenhuma,sim,hipotese
bom_aluno_bh,selecao_2026,BOM-SYN-0142,boletim_atual_incompleto,BOM-SYN-0142-M1,candidato,11,estudante,inscricao,ficha_inscricao,todo_candidato,obrigatorio,BOM-DOC-000706,ok,2026,nao_se_aplica,nao_se_aplica,0.97,nenhuma,nao,confirmado
bom_aluno_bh,selecao_2026,BOM-SYN-0142,boletim_atual_incompleto,BOM-SYN-0142-M1,candidato,11,estudante,escolar,boletim_ano_anterior,todo_candidato,obrigatorio,BOM-DOC-000707,ok,2025,nao_se_aplica,nao_se_aplica,0.97,nenhuma,nao,confirmado
bom_aluno_bh,selecao_2026,BOM-SYN-0142,boletim_atual_incompleto,BOM-SYN-0142-M1,candidato,11,estudante,escolar,boletim_ano_atual,todo_candidato,obrigatorio,BOM-DOC-000708,periodo_incompleto,2026_bimestres_disponiveis,nao_se_aplica,nao_se_aplica,0.89,solicitar_competencias_ausentes,sim,confirmado
bom_aluno_bh,selecao_2026,BOM-SYN-0142,boletim_atual_incompleto,BOM-SYN-0142-M2,responsavel,52,responsavel_familiar,cadastro_social,folha_resumo_cadunico,familia_inscrita_no_cadunico,preferencial,BOM-DOC-000709,ok,atual,nao_se_aplica,nao_se_aplica,0.97,nenhuma,sim,parcial
bom_aluno_bh,selecao_2026,BOM-SYN-0142,boletim_atual_incompleto,BOM-SYN-0142-M2,responsavel,52,responsavel_familiar,identificacao,rg_cpf_responsavel,lista_detalhada_nao_publicada,a_validar,BOM-DOC-000710,ok,periodo_a_validar,nao_se_aplica,nao_se_aplica,0.97,nenhuma,sim,hipotese
bom_aluno_bh,selecao_2026,BOM-SYN-0143,renda_declarada_divergente,BOM-SYN-0143-M1,candidato,12,estudante,inscricao,ficha_inscricao,todo_candidato,obrigatorio,BOM-DOC-000711,ok,2026,nao_se_aplica,nao_se_aplica,0.97,nenhuma,nao,confirmado
bom_aluno_bh,selecao_2026,BOM-SYN-0143,renda_declarada_divergente,BOM-SYN-0143-M1,candidato,12,estudante,escolar,boletim_ano_anterior,todo_candidato,obrigatorio,BOM-DOC-000712,ok,2025,nao_se_aplica,nao_se_aplica,0.97,nenhuma,nao,confirmado
bom_aluno_bh,selecao_2026,BOM-SYN-0143,renda_declarada_divergente,BOM-SYN-0143-M1,candidato,12,estudante,escolar,boletim_ano_atual,todo_candidato,obrigatorio,BOM-DOC-000713,ok,2026_bimestres_disponiveis,nao_se_aplica,nao_se_aplica,0.97,nenhuma,nao,confirmado
bom_aluno_bh,selecao_2026,BOM-SYN-0143,renda_declarada_divergente,BOM-SYN-0143-M2,responsavel,53,responsavel_familiar,cadastro_social,folha_resumo_cadunico,familia_inscrita_no_cadunico,preferencial,BOM-DOC-000714,ok,atual,nao_se_aplica,nao_se_aplica,0.97,nenhuma,sim,parcial
bom_aluno_bh,selecao_2026,BOM-SYN-0143,renda_declarada_divergente,BOM-SYN-0143-M2,responsavel,53,responsavel_familiar,renda,comprovante_renda_familiar,criterio_de_renda_publicado_documento_nao_enumerado,a_validar,BOM-DOC-000715,divergente,periodo_a_validar,4241.00,4891.00,0.93,comparar_declaracao_e_documento,sim,hipotese
bom_aluno_bh,selecao_2026,BOM-SYN-0144,cadunico_desatualizado,BOM-SYN-0144-M1,candidato,11,estudante,inscricao,ficha_inscricao,todo_candidato,obrigatorio,BOM-DOC-000716,ok,2026,nao_se_aplica,nao_se_aplica,0.97,nenhuma,nao,confirmado
bom_aluno_bh,selecao_2026,BOM-SYN-0144,cadunico_desatualizado,BOM-SYN-0144-M1,candidato,11,estudante,escolar,boletim_ano_anterior,todo_candidato,obrigatorio,BOM-DOC-000717,ok,2025,nao_se_aplica,nao_se_aplica,0.97,nenhuma,nao,confirmado
bom_aluno_bh,selecao_2026,BOM-SYN-0144,cadunico_desatualizado,BOM-SYN-0144-M1,candidato,11,estudante,escolar,boletim_ano_atual,todo_candidato,obrigatorio,BOM-DOC-000718,ok,2026_bimestres_disponiveis,nao_se_aplica,nao_se_aplica,0.97,nenhuma,nao,confirmado
bom_aluno_bh,selecao_2026,BOM-SYN-0144,cadunico_desatualizado,BOM-SYN-0144-M2,responsavel,54,responsavel_familiar,cadastro_social,folha_resumo_cadunico,familia_inscrita_no_cadunico,preferencial,BOM-DOC-000719,desatualizado,atual,nao_se_aplica,nao_se_aplica,0.95,solicitar_documento_atualizado,sim,parcial
bom_aluno_bh,selecao_2026,BOM-SYN-0144,cadunico_desatualizado,BOM-SYN-0144-M2,responsavel,54,responsavel_familiar,renda,comprovante_renda_familiar,criterio_de_renda_publicado_documento_nao_enumerado,a_validar,BOM-DOC-000720,ok,periodo_a_validar,4378.00,4378.00,0.97,nenhuma,sim,hipotese
bom_aluno_bh,selecao_2026,BOM-SYN-0145,inscricao_inicial_completa,BOM-SYN-0145-M1,candidato,12,estudante,inscricao,ficha_inscricao,todo_candidato,obrigatorio,BOM-DOC-000721,ok,2026,nao_se_aplica,nao_se_aplica,0.97,nenhuma,nao,confirmado
bom_aluno_bh,selecao_2026,BOM-SYN-0145,inscricao_inicial_completa,BOM-SYN-0145-M1,candidato,12,estudante,escolar,boletim_ano_anterior,todo_candidato,obrigatorio,BOM-DOC-000722,ok,2025,nao_se_aplica,nao_se_aplica,0.97,nenhuma,nao,confirmado
bom_aluno_bh,selecao_2026,BOM-SYN-0145,inscricao_inicial_completa,BOM-SYN-0145-M1,candidato,12,estudante,escolar,boletim_ano_atual,todo_candidato,obrigatorio,BOM-DOC-000723,ok,2026_bimestres_disponiveis,nao_se_aplica,nao_se_aplica,0.97,nenhuma,nao,confirmado
bom_aluno_bh,selecao_2026,BOM-SYN-0145,inscricao_inicial_completa,BOM-SYN-0145-M2,responsavel,55,responsavel_familiar,cadastro_social,folha_resumo_cadunico,familia_inscrita_no_cadunico,preferencial,BOM-DOC-000724,ok,atual,nao_se_aplica,nao_se_aplica,0.97,nenhuma,sim,parcial
bom_aluno_bh,selecao_2026,BOM-SYN-0145,inscricao_inicial_completa,BOM-SYN-0145-M1,candidato,12,estudante,identificacao,certidao_ou_rg_candidato,lista_detalhada_nao_publicada,a_validar,BOM-DOC-000725,ok,periodo_a_validar,nao_se_aplica,nao_se_aplica,0.97,nenhuma,sim,hipotese
bom_aluno_bh,selecao_2026,BOM-SYN-0146,boletim_atual_faltante,BOM-SYN-0146-M1,candidato,11,estudante,inscricao,ficha_inscricao,todo_candidato,obrigatorio,BOM-DOC-000726,ok,2026,nao_se_aplica,nao_se_aplica,0.97,nenhuma,nao,confirmado
bom_aluno_bh,selecao_2026,BOM-SYN-0146,boletim_atual_faltante,BOM-SYN-0146-M1,candidato,11,estudante,escolar,boletim_ano_anterior,todo_candidato,obrigatorio,BOM-DOC-000727,ok,2025,nao_se_aplica,nao_se_aplica,0.97,nenhuma,nao,confirmado
bom_aluno_bh,selecao_2026,BOM-SYN-0146,boletim_atual_faltante,BOM-SYN-0146-M1,candidato,11,estudante,escolar,boletim_ano_atual,todo_candidato,obrigatorio,ausente,faltante,2026_bimestres_disponiveis,nao_se_aplica,nao_se_aplica,0.00,solicitar_documento_faltante,sim,confirmado
bom_aluno_bh,selecao_2026,BOM-SYN-0146,boletim_atual_faltante,BOM-SYN-0146-M2,responsavel,56,responsavel_familiar,cadastro_social,folha_resumo_cadunico,familia_inscrita_no_cadunico,preferencial,BOM-DOC-000729,ok,atual,nao_se_aplica,nao_se_aplica,0.97,nenhuma,sim,parcial
bom_aluno_bh,selecao_2026,BOM-SYN-0146,boletim_atual_faltante,BOM-SYN-0146-M2,responsavel,56,responsavel_familiar,identificacao,rg_cpf_responsavel,lista_detalhada_nao_publicada,a_validar,BOM-DOC-000730,ok,periodo_a_validar,nao_se_aplica,nao_se_aplica,0.97,nenhuma,sim,hipotese
bom_aluno_bh,selecao_2026,BOM-SYN-0147,boletim_anterior_ilegivel,BOM-SYN-0147-M1,candidato,12,estudante,inscricao,ficha_inscricao,todo_candidato,obrigatorio,BOM-DOC-000731,ok,2026,nao_se_aplica,nao_se_aplica,0.97,nenhuma,nao,confirmado
bom_aluno_bh,selecao_2026,BOM-SYN-0147,boletim_anterior_ilegivel,BOM-SYN-0147-M1,candidato,12,estudante,escolar,boletim_ano_anterior,todo_candidato,obrigatorio,BOM-DOC-000732,ilegivel,2025,nao_se_aplica,nao_se_aplica,0.28,solicitar_arquivo_legivel,sim,confirmado
bom_aluno_bh,selecao_2026,BOM-SYN-0147,boletim_anterior_ilegivel,BOM-SYN-0147-M1,candidato,12,estudante,escolar,boletim_ano_atual,todo_candidato,obrigatorio,BOM-DOC-000733,ok,2026_bimestres_disponiveis,nao_se_aplica,nao_se_aplica,0.97,nenhuma,nao,confirmado
bom_aluno_bh,selecao_2026,BOM-SYN-0147,boletim_anterior_ilegivel,BOM-SYN-0147-M2,responsavel,57,responsavel_familiar,cadastro_social,folha_resumo_cadunico,familia_inscrita_no_cadunico,preferencial,BOM-DOC-000734,ok,atual,nao_se_aplica,nao_se_aplica,0.97,nenhuma,sim,parcial
bom_aluno_bh,selecao_2026,BOM-SYN-0147,boletim_anterior_ilegivel,BOM-SYN-0147-M2,responsavel,57,responsavel_familiar,residencia,comprovante_endereco,lista_detalhada_nao_publicada,a_validar,BOM-DOC-000735,ok,periodo_a_validar,nao_se_aplica,nao_se_aplica,0.97,nenhuma,sim,hipotese
bom_aluno_bh,selecao_2026,BOM-SYN-0148,boletim_atual_incompleto,BOM-SYN-0148-M1,candidato,11,estudante,inscricao,ficha_inscricao,todo_candidato,obrigatorio,BOM-DOC-000736,ok,2026,nao_se_aplica,nao_se_aplica,0.97,nenhuma,nao,confirmado
bom_aluno_bh,selecao_2026,BOM-SYN-0148,boletim_atual_incompleto,BOM-SYN-0148-M1,candidato,11,estudante,escolar,boletim_ano_anterior,todo_candidato,obrigatorio,BOM-DOC-000737,ok,2025,nao_se_aplica,nao_se_aplica,0.97,nenhuma,nao,confirmado
bom_aluno_bh,selecao_2026,BOM-SYN-0148,boletim_atual_incompleto,BOM-SYN-0148-M1,candidato,11,estudante,escolar,boletim_ano_atual,todo_candidato,obrigatorio,BOM-DOC-000738,periodo_incompleto,2026_bimestres_disponiveis,nao_se_aplica,nao_se_aplica,0.89,solicitar_competencias_ausentes,sim,confirmado
bom_aluno_bh,selecao_2026,BOM-SYN-0148,boletim_atual_incompleto,BOM-SYN-0148-M2,responsavel,58,responsavel_familiar,cadastro_social,folha_resumo_cadunico,familia_inscrita_no_cadunico,preferencial,BOM-DOC-000739,ok,atual,nao_se_aplica,nao_se_aplica,0.97,nenhuma,sim,parcial
bom_aluno_bh,selecao_2026,BOM-SYN-0148,boletim_atual_incompleto,BOM-SYN-0148-M2,responsavel,58,responsavel_familiar,renda,comprovante_renda_familiar,criterio_de_renda_publicado_documento_nao_enumerado,a_validar,BOM-DOC-000740,ok,periodo_a_validar,4926.00,4926.00,0.97,nenhuma,sim,hipotese
bom_aluno_bh,selecao_2026,BOM-SYN-0149,renda_declarada_divergente,BOM-SYN-0149-M1,candidato,12,estudante,inscricao,ficha_inscricao,todo_candidato,obrigatorio,BOM-DOC-000741,ok,2026,nao_se_aplica,nao_se_aplica,0.97,nenhuma,nao,confirmado
bom_aluno_bh,selecao_2026,BOM-SYN-0149,renda_declarada_divergente,BOM-SYN-0149-M1,candidato,12,estudante,escolar,boletim_ano_anterior,todo_candidato,obrigatorio,BOM-DOC-000742,ok,2025,nao_se_aplica,nao_se_aplica,0.97,nenhuma,nao,confirmado
bom_aluno_bh,selecao_2026,BOM-SYN-0149,renda_declarada_divergente,BOM-SYN-0149-M1,candidato,12,estudante,escolar,boletim_ano_atual,todo_candidato,obrigatorio,BOM-DOC-000743,ok,2026_bimestres_disponiveis,nao_se_aplica,nao_se_aplica,0.97,nenhuma,nao,confirmado
bom_aluno_bh,selecao_2026,BOM-SYN-0149,renda_declarada_divergente,BOM-SYN-0149-M2,responsavel,59,responsavel_familiar,cadastro_social,folha_resumo_cadunico,familia_inscrita_no_cadunico,preferencial,BOM-DOC-000744,ok,atual,nao_se_aplica,nao_se_aplica,0.97,nenhuma,sim,parcial
bom_aluno_bh,selecao_2026,BOM-SYN-0149,renda_declarada_divergente,BOM-SYN-0149-M2,responsavel,59,responsavel_familiar,renda,comprovante_renda_familiar,criterio_de_renda_publicado_documento_nao_enumerado,a_validar,BOM-DOC-000745,divergente,periodo_a_validar,5063.00,5713.00,0.93,comparar_declaracao_e_documento,sim,hipotese
bom_aluno_bh,selecao_2026,BOM-SYN-0150,cadunico_desatualizado,BOM-SYN-0150-M1,candidato,11,estudante,inscricao,ficha_inscricao,todo_candidato,obrigatorio,BOM-DOC-000746,ok,2026,nao_se_aplica,nao_se_aplica,0.97,nenhuma,nao,confirmado
bom_aluno_bh,selecao_2026,BOM-SYN-0150,cadunico_desatualizado,BOM-SYN-0150-M1,candidato,11,estudante,escolar,boletim_ano_anterior,todo_candidato,obrigatorio,BOM-DOC-000747,ok,2025,nao_se_aplica,nao_se_aplica,0.97,nenhuma,nao,confirmado
bom_aluno_bh,selecao_2026,BOM-SYN-0150,cadunico_desatualizado,BOM-SYN-0150-M1,candidato,11,estudante,escolar,boletim_ano_atual,todo_candidato,obrigatorio,BOM-DOC-000748,ok,2026_bimestres_disponiveis,nao_se_aplica,nao_se_aplica,0.97,nenhuma,nao,confirmado
bom_aluno_bh,selecao_2026,BOM-SYN-0150,cadunico_desatualizado,BOM-SYN-0150-M2,responsavel,30,responsavel_familiar,cadastro_social,folha_resumo_cadunico,familia_inscrita_no_cadunico,preferencial,BOM-DOC-000749,desatualizado,atual,nao_se_aplica,nao_se_aplica,0.95,solicitar_documento_atualizado,sim,parcial
bom_aluno_bh,selecao_2026,BOM-SYN-0150,cadunico_desatualizado,BOM-SYN-0150-M2,responsavel,30,responsavel_familiar,identificacao,rg_cpf_responsavel,lista_detalhada_nao_publicada,a_validar,BOM-DOC-000750,ok,periodo_a_validar,nao_se_aplica,nao_se_aplica,0.97,nenhuma,sim,hipotese
bom_aluno_bh,selecao_2026,BOM-SYN-0151,inscricao_inicial_completa,BOM-SYN-0151-M1,candidato,12,estudante,inscricao,ficha_inscricao,todo_candidato,obrigatorio,BOM-DOC-000751,ok,2026,nao_se_aplica,nao_se_aplica,0.97,nenhuma,nao,confirmado
bom_aluno_bh,selecao_2026,BOM-SYN-0151,inscricao_inicial_completa,BOM-SYN-0151-M1,candidato,12,estudante,escolar,boletim_ano_anterior,todo_candidato,obrigatorio,BOM-DOC-000752,ok,2025,nao_se_aplica,nao_se_aplica,0.97,nenhuma,nao,confirmado
bom_aluno_bh,selecao_2026,BOM-SYN-0151,inscricao_inicial_completa,BOM-SYN-0151-M1,candidato,12,estudante,escolar,boletim_ano_atual,todo_candidato,obrigatorio,BOM-DOC-000753,ok,2026_bimestres_disponiveis,nao_se_aplica,nao_se_aplica,0.97,nenhuma,nao,confirmado
bom_aluno_bh,selecao_2026,BOM-SYN-0151,inscricao_inicial_completa,BOM-SYN-0151-M2,responsavel,31,responsavel_familiar,cadastro_social,folha_resumo_cadunico,familia_inscrita_no_cadunico,preferencial,BOM-DOC-000754,ok,atual,nao_se_aplica,nao_se_aplica,0.97,nenhuma,sim,parcial
bom_aluno_bh,selecao_2026,BOM-SYN-0151,inscricao_inicial_completa,BOM-SYN-0151-M2,responsavel,31,responsavel_familiar,residencia,comprovante_endereco,lista_detalhada_nao_publicada,a_validar,BOM-DOC-000755,ok,periodo_a_validar,nao_se_aplica,nao_se_aplica,0.97,nenhuma,sim,hipotese
bom_aluno_bh,selecao_2026,BOM-SYN-0152,boletim_atual_faltante,BOM-SYN-0152-M1,candidato,11,estudante,inscricao,ficha_inscricao,todo_candidato,obrigatorio,BOM-DOC-000756,ok,2026,nao_se_aplica,nao_se_aplica,0.97,nenhuma,nao,confirmado
bom_aluno_bh,selecao_2026,BOM-SYN-0152,boletim_atual_faltante,BOM-SYN-0152-M1,candidato,11,estudante,escolar,boletim_ano_anterior,todo_candidato,obrigatorio,BOM-DOC-000757,ok,2025,nao_se_aplica,nao_se_aplica,0.97,nenhuma,nao,confirmado
bom_aluno_bh,selecao_2026,BOM-SYN-0152,boletim_atual_faltante,BOM-SYN-0152-M1,candidato,11,estudante,escolar,boletim_ano_atual,todo_candidato,obrigatorio,ausente,faltante,2026_bimestres_disponiveis,nao_se_aplica,nao_se_aplica,0.00,solicitar_documento_faltante,sim,confirmado
bom_aluno_bh,selecao_2026,BOM-SYN-0152,boletim_atual_faltante,BOM-SYN-0152-M2,responsavel,32,responsavel_familiar,cadastro_social,folha_resumo_cadunico,familia_inscrita_no_cadunico,preferencial,BOM-DOC-000759,ok,atual,nao_se_aplica,nao_se_aplica,0.97,nenhuma,sim,parcial
bom_aluno_bh,selecao_2026,BOM-SYN-0152,boletim_atual_faltante,BOM-SYN-0152-M2,responsavel,32,responsavel_familiar,renda,comprovante_renda_familiar,criterio_de_renda_publicado_documento_nao_enumerado,a_validar,BOM-DOC-000760,ok,periodo_a_validar,5474.00,5474.00,0.97,nenhuma,sim,hipotese
bom_aluno_bh,selecao_2026,BOM-SYN-0153,boletim_anterior_ilegivel,BOM-SYN-0153-M1,candidato,12,estudante,inscricao,ficha_inscricao,todo_candidato,obrigatorio,BOM-DOC-000761,ok,2026,nao_se_aplica,nao_se_aplica,0.97,nenhuma,nao,confirmado
bom_aluno_bh,selecao_2026,BOM-SYN-0153,boletim_anterior_ilegivel,BOM-SYN-0153-M1,candidato,12,estudante,escolar,boletim_ano_anterior,todo_candidato,obrigatorio,BOM-DOC-000762,ilegivel,2025,nao_se_aplica,nao_se_aplica,0.28,solicitar_arquivo_legivel,sim,confirmado
bom_aluno_bh,selecao_2026,BOM-SYN-0153,boletim_anterior_ilegivel,BOM-SYN-0153-M1,candidato,12,estudante,escolar,boletim_ano_atual,todo_candidato,obrigatorio,BOM-DOC-000763,ok,2026_bimestres_disponiveis,nao_se_aplica,nao_se_aplica,0.97,nenhuma,nao,confirmado
bom_aluno_bh,selecao_2026,BOM-SYN-0153,boletim_anterior_ilegivel,BOM-SYN-0153-M2,responsavel,33,responsavel_familiar,cadastro_social,folha_resumo_cadunico,familia_inscrita_no_cadunico,preferencial,BOM-DOC-000764,ok,atual,nao_se_aplica,nao_se_aplica,0.97,nenhuma,sim,parcial
bom_aluno_bh,selecao_2026,BOM-SYN-0153,boletim_anterior_ilegivel,BOM-SYN-0153-M1,candidato,12,estudante,identificacao,certidao_ou_rg_candidato,lista_detalhada_nao_publicada,a_validar,BOM-DOC-000765,ok,periodo_a_validar,nao_se_aplica,nao_se_aplica,0.97,nenhuma,sim,hipotese
bom_aluno_bh,selecao_2026,BOM-SYN-0154,boletim_atual_incompleto,BOM-SYN-0154-M1,candidato,11,estudante,inscricao,ficha_inscricao,todo_candidato,obrigatorio,BOM-DOC-000766,ok,2026,nao_se_aplica,nao_se_aplica,0.97,nenhuma,nao,confirmado
bom_aluno_bh,selecao_2026,BOM-SYN-0154,boletim_atual_incompleto,BOM-SYN-0154-M1,candidato,11,estudante,escolar,boletim_ano_anterior,todo_candidato,obrigatorio,BOM-DOC-000767,ok,2025,nao_se_aplica,nao_se_aplica,0.97,nenhuma,nao,confirmado
bom_aluno_bh,selecao_2026,BOM-SYN-0154,boletim_atual_incompleto,BOM-SYN-0154-M1,candidato,11,estudante,escolar,boletim_ano_atual,todo_candidato,obrigatorio,BOM-DOC-000768,periodo_incompleto,2026_bimestres_disponiveis,nao_se_aplica,nao_se_aplica,0.89,solicitar_competencias_ausentes,sim,confirmado
bom_aluno_bh,selecao_2026,BOM-SYN-0154,boletim_atual_incompleto,BOM-SYN-0154-M2,responsavel,34,responsavel_familiar,cadastro_social,folha_resumo_cadunico,familia_inscrita_no_cadunico,preferencial,BOM-DOC-000769,ok,atual,nao_se_aplica,nao_se_aplica,0.97,nenhuma,sim,parcial
bom_aluno_bh,selecao_2026,BOM-SYN-0154,boletim_atual_incompleto,BOM-SYN-0154-M2,responsavel,34,responsavel_familiar,identificacao,rg_cpf_responsavel,lista_detalhada_nao_publicada,a_validar,BOM-DOC-000770,ok,periodo_a_validar,nao_se_aplica,nao_se_aplica,0.97,nenhuma,sim,hipotese
bom_aluno_bh,selecao_2026,BOM-SYN-0155,renda_declarada_divergente,BOM-SYN-0155-M1,candidato,12,estudante,inscricao,ficha_inscricao,todo_candidato,obrigatorio,BOM-DOC-000771,ok,2026,nao_se_aplica,nao_se_aplica,0.97,nenhuma,nao,confirmado
bom_aluno_bh,selecao_2026,BOM-SYN-0155,renda_declarada_divergente,BOM-SYN-0155-M1,candidato,12,estudante,escolar,boletim_ano_anterior,todo_candidato,obrigatorio,BOM-DOC-000772,ok,2025,nao_se_aplica,nao_se_aplica,0.97,nenhuma,nao,confirmado
bom_aluno_bh,selecao_2026,BOM-SYN-0155,renda_declarada_divergente,BOM-SYN-0155-M1,candidato,12,estudante,escolar,boletim_ano_atual,todo_candidato,obrigatorio,BOM-DOC-000773,ok,2026_bimestres_disponiveis,nao_se_aplica,nao_se_aplica,0.97,nenhuma,nao,confirmado
bom_aluno_bh,selecao_2026,BOM-SYN-0155,renda_declarada_divergente,BOM-SYN-0155-M2,responsavel,35,responsavel_familiar,cadastro_social,folha_resumo_cadunico,familia_inscrita_no_cadunico,preferencial,BOM-DOC-000774,ok,atual,nao_se_aplica,nao_se_aplica,0.97,nenhuma,sim,parcial
bom_aluno_bh,selecao_2026,BOM-SYN-0155,renda_declarada_divergente,BOM-SYN-0155-M2,responsavel,35,responsavel_familiar,renda,comprovante_renda_familiar,criterio_de_renda_publicado_documento_nao_enumerado,a_validar,BOM-DOC-000775,divergente,periodo_a_validar,1685.00,2335.00,0.93,comparar_declaracao_e_documento,sim,hipotese
bom_aluno_bh,selecao_2026,BOM-SYN-0156,cadunico_desatualizado,BOM-SYN-0156-M1,candidato,11,estudante,inscricao,ficha_inscricao,todo_candidato,obrigatorio,BOM-DOC-000776,ok,2026,nao_se_aplica,nao_se_aplica,0.97,nenhuma,nao,confirmado
bom_aluno_bh,selecao_2026,BOM-SYN-0156,cadunico_desatualizado,BOM-SYN-0156-M1,candidato,11,estudante,escolar,boletim_ano_anterior,todo_candidato,obrigatorio,BOM-DOC-000777,ok,2025,nao_se_aplica,nao_se_aplica,0.97,nenhuma,nao,confirmado
bom_aluno_bh,selecao_2026,BOM-SYN-0156,cadunico_desatualizado,BOM-SYN-0156-M1,candidato,11,estudante,escolar,boletim_ano_atual,todo_candidato,obrigatorio,BOM-DOC-000778,ok,2026_bimestres_disponiveis,nao_se_aplica,nao_se_aplica,0.97,nenhuma,nao,confirmado
bom_aluno_bh,selecao_2026,BOM-SYN-0156,cadunico_desatualizado,BOM-SYN-0156-M2,responsavel,36,responsavel_familiar,cadastro_social,folha_resumo_cadunico,familia_inscrita_no_cadunico,preferencial,BOM-DOC-000779,desatualizado,atual,nao_se_aplica,nao_se_aplica,0.95,solicitar_documento_atualizado,sim,parcial
bom_aluno_bh,selecao_2026,BOM-SYN-0156,cadunico_desatualizado,BOM-SYN-0156-M2,responsavel,36,responsavel_familiar,renda,comprovante_renda_familiar,criterio_de_renda_publicado_documento_nao_enumerado,a_validar,BOM-DOC-000780,ok,periodo_a_validar,1822.00,1822.00,0.97,nenhuma,sim,hipotese
bom_aluno_bh,selecao_2026,BOM-SYN-0157,inscricao_inicial_completa,BOM-SYN-0157-M1,candidato,12,estudante,inscricao,ficha_inscricao,todo_candidato,obrigatorio,BOM-DOC-000781,ok,2026,nao_se_aplica,nao_se_aplica,0.97,nenhuma,nao,confirmado
bom_aluno_bh,selecao_2026,BOM-SYN-0157,inscricao_inicial_completa,BOM-SYN-0157-M1,candidato,12,estudante,escolar,boletim_ano_anterior,todo_candidato,obrigatorio,BOM-DOC-000782,ok,2025,nao_se_aplica,nao_se_aplica,0.97,nenhuma,nao,confirmado
bom_aluno_bh,selecao_2026,BOM-SYN-0157,inscricao_inicial_completa,BOM-SYN-0157-M1,candidato,12,estudante,escolar,boletim_ano_atual,todo_candidato,obrigatorio,BOM-DOC-000783,ok,2026_bimestres_disponiveis,nao_se_aplica,nao_se_aplica,0.97,nenhuma,nao,confirmado
bom_aluno_bh,selecao_2026,BOM-SYN-0157,inscricao_inicial_completa,BOM-SYN-0157-M2,responsavel,37,responsavel_familiar,cadastro_social,folha_resumo_cadunico,familia_inscrita_no_cadunico,preferencial,BOM-DOC-000784,ok,atual,nao_se_aplica,nao_se_aplica,0.97,nenhuma,sim,parcial
bom_aluno_bh,selecao_2026,BOM-SYN-0157,inscricao_inicial_completa,BOM-SYN-0157-M1,candidato,12,estudante,identificacao,certidao_ou_rg_candidato,lista_detalhada_nao_publicada,a_validar,BOM-DOC-000785,ok,periodo_a_validar,nao_se_aplica,nao_se_aplica,0.97,nenhuma,sim,hipotese
bom_aluno_bh,selecao_2026,BOM-SYN-0158,boletim_atual_faltante,BOM-SYN-0158-M1,candidato,11,estudante,inscricao,ficha_inscricao,todo_candidato,obrigatorio,BOM-DOC-000786,ok,2026,nao_se_aplica,nao_se_aplica,0.97,nenhuma,nao,confirmado
bom_aluno_bh,selecao_2026,BOM-SYN-0158,boletim_atual_faltante,BOM-SYN-0158-M1,candidato,11,estudante,escolar,boletim_ano_anterior,todo_candidato,obrigatorio,BOM-DOC-000787,ok,2025,nao_se_aplica,nao_se_aplica,0.97,nenhuma,nao,confirmado
bom_aluno_bh,selecao_2026,BOM-SYN-0158,boletim_atual_faltante,BOM-SYN-0158-M1,candidato,11,estudante,escolar,boletim_ano_atual,todo_candidato,obrigatorio,ausente,faltante,2026_bimestres_disponiveis,nao_se_aplica,nao_se_aplica,0.00,solicitar_documento_faltante,sim,confirmado
bom_aluno_bh,selecao_2026,BOM-SYN-0158,boletim_atual_faltante,BOM-SYN-0158-M2,responsavel,38,responsavel_familiar,cadastro_social,folha_resumo_cadunico,familia_inscrita_no_cadunico,preferencial,BOM-DOC-000789,ok,atual,nao_se_aplica,nao_se_aplica,0.97,nenhuma,sim,parcial
bom_aluno_bh,selecao_2026,BOM-SYN-0158,boletim_atual_faltante,BOM-SYN-0158-M2,responsavel,38,responsavel_familiar,identificacao,rg_cpf_responsavel,lista_detalhada_nao_publicada,a_validar,BOM-DOC-000790,ok,periodo_a_validar,nao_se_aplica,nao_se_aplica,0.97,nenhuma,sim,hipotese
bom_aluno_bh,selecao_2026,BOM-SYN-0159,boletim_anterior_ilegivel,BOM-SYN-0159-M1,candidato,12,estudante,inscricao,ficha_inscricao,todo_candidato,obrigatorio,BOM-DOC-000791,ok,2026,nao_se_aplica,nao_se_aplica,0.97,nenhuma,nao,confirmado
bom_aluno_bh,selecao_2026,BOM-SYN-0159,boletim_anterior_ilegivel,BOM-SYN-0159-M1,candidato,12,estudante,escolar,boletim_ano_anterior,todo_candidato,obrigatorio,BOM-DOC-000792,ilegivel,2025,nao_se_aplica,nao_se_aplica,0.28,solicitar_arquivo_legivel,sim,confirmado
bom_aluno_bh,selecao_2026,BOM-SYN-0159,boletim_anterior_ilegivel,BOM-SYN-0159-M1,candidato,12,estudante,escolar,boletim_ano_atual,todo_candidato,obrigatorio,BOM-DOC-000793,ok,2026_bimestres_disponiveis,nao_se_aplica,nao_se_aplica,0.97,nenhuma,nao,confirmado
bom_aluno_bh,selecao_2026,BOM-SYN-0159,boletim_anterior_ilegivel,BOM-SYN-0159-M2,responsavel,39,responsavel_familiar,cadastro_social,folha_resumo_cadunico,familia_inscrita_no_cadunico,preferencial,BOM-DOC-000794,ok,atual,nao_se_aplica,nao_se_aplica,0.97,nenhuma,sim,parcial
bom_aluno_bh,selecao_2026,BOM-SYN-0159,boletim_anterior_ilegivel,BOM-SYN-0159-M2,responsavel,39,responsavel_familiar,residencia,comprovante_endereco,lista_detalhada_nao_publicada,a_validar,BOM-DOC-000795,ok,periodo_a_validar,nao_se_aplica,nao_se_aplica,0.97,nenhuma,sim,hipotese
bom_aluno_bh,selecao_2026,BOM-SYN-0160,boletim_atual_incompleto,BOM-SYN-0160-M1,candidato,11,estudante,inscricao,ficha_inscricao,todo_candidato,obrigatorio,BOM-DOC-000796,ok,2026,nao_se_aplica,nao_se_aplica,0.97,nenhuma,nao,confirmado
bom_aluno_bh,selecao_2026,BOM-SYN-0160,boletim_atual_incompleto,BOM-SYN-0160-M1,candidato,11,estudante,escolar,boletim_ano_anterior,todo_candidato,obrigatorio,BOM-DOC-000797,ok,2025,nao_se_aplica,nao_se_aplica,0.97,nenhuma,nao,confirmado
bom_aluno_bh,selecao_2026,BOM-SYN-0160,boletim_atual_incompleto,BOM-SYN-0160-M1,candidato,11,estudante,escolar,boletim_ano_atual,todo_candidato,obrigatorio,BOM-DOC-000798,periodo_incompleto,2026_bimestres_disponiveis,nao_se_aplica,nao_se_aplica,0.89,solicitar_competencias_ausentes,sim,confirmado
bom_aluno_bh,selecao_2026,BOM-SYN-0160,boletim_atual_incompleto,BOM-SYN-0160-M2,responsavel,40,responsavel_familiar,cadastro_social,folha_resumo_cadunico,familia_inscrita_no_cadunico,preferencial,BOM-DOC-000799,ok,atual,nao_se_aplica,nao_se_aplica,0.97,nenhuma,sim,parcial
bom_aluno_bh,selecao_2026,BOM-SYN-0160,boletim_atual_incompleto,BOM-SYN-0160-M2,responsavel,40,responsavel_familiar,renda,comprovante_renda_familiar,criterio_de_renda_publicado_documento_nao_enumerado,a_validar,BOM-DOC-000800,ok,periodo_a_validar,2370.00,2370.00,0.97,nenhuma,sim,hipotese
bom_aluno_bh,selecao_2026,BOM-SYN-0161,renda_declarada_divergente,BOM-SYN-0161-M1,candidato,12,estudante,inscricao,ficha_inscricao,todo_candidato,obrigatorio,BOM-DOC-000801,ok,2026,nao_se_aplica,nao_se_aplica,0.97,nenhuma,nao,confirmado
bom_aluno_bh,selecao_2026,BOM-SYN-0161,renda_declarada_divergente,BOM-SYN-0161-M1,candidato,12,estudante,escolar,boletim_ano_anterior,todo_candidato,obrigatorio,BOM-DOC-000802,ok,2025,nao_se_aplica,nao_se_aplica,0.97,nenhuma,nao,confirmado
bom_aluno_bh,selecao_2026,BOM-SYN-0161,renda_declarada_divergente,BOM-SYN-0161-M1,candidato,12,estudante,escolar,boletim_ano_atual,todo_candidato,obrigatorio,BOM-DOC-000803,ok,2026_bimestres_disponiveis,nao_se_aplica,nao_se_aplica,0.97,nenhuma,nao,confirmado
bom_aluno_bh,selecao_2026,BOM-SYN-0161,renda_declarada_divergente,BOM-SYN-0161-M2,responsavel,41,responsavel_familiar,cadastro_social,folha_resumo_cadunico,familia_inscrita_no_cadunico,preferencial,BOM-DOC-000804,ok,atual,nao_se_aplica,nao_se_aplica,0.97,nenhuma,sim,parcial
bom_aluno_bh,selecao_2026,BOM-SYN-0161,renda_declarada_divergente,BOM-SYN-0161-M2,responsavel,41,responsavel_familiar,renda,comprovante_renda_familiar,criterio_de_renda_publicado_documento_nao_enumerado,a_validar,BOM-DOC-000805,divergente,periodo_a_validar,2507.00,3157.00,0.93,comparar_declaracao_e_documento,sim,hipotese
bom_aluno_bh,selecao_2026,BOM-SYN-0162,cadunico_desatualizado,BOM-SYN-0162-M1,candidato,11,estudante,inscricao,ficha_inscricao,todo_candidato,obrigatorio,BOM-DOC-000806,ok,2026,nao_se_aplica,nao_se_aplica,0.97,nenhuma,nao,confirmado
bom_aluno_bh,selecao_2026,BOM-SYN-0162,cadunico_desatualizado,BOM-SYN-0162-M1,candidato,11,estudante,escolar,boletim_ano_anterior,todo_candidato,obrigatorio,BOM-DOC-000807,ok,2025,nao_se_aplica,nao_se_aplica,0.97,nenhuma,nao,confirmado
bom_aluno_bh,selecao_2026,BOM-SYN-0162,cadunico_desatualizado,BOM-SYN-0162-M1,candidato,11,estudante,escolar,boletim_ano_atual,todo_candidato,obrigatorio,BOM-DOC-000808,ok,2026_bimestres_disponiveis,nao_se_aplica,nao_se_aplica,0.97,nenhuma,nao,confirmado
bom_aluno_bh,selecao_2026,BOM-SYN-0162,cadunico_desatualizado,BOM-SYN-0162-M2,responsavel,42,responsavel_familiar,cadastro_social,folha_resumo_cadunico,familia_inscrita_no_cadunico,preferencial,BOM-DOC-000809,desatualizado,atual,nao_se_aplica,nao_se_aplica,0.95,solicitar_documento_atualizado,sim,parcial
bom_aluno_bh,selecao_2026,BOM-SYN-0162,cadunico_desatualizado,BOM-SYN-0162-M2,responsavel,42,responsavel_familiar,identificacao,rg_cpf_responsavel,lista_detalhada_nao_publicada,a_validar,BOM-DOC-000810,ok,periodo_a_validar,nao_se_aplica,nao_se_aplica,0.97,nenhuma,sim,hipotese
bom_aluno_bh,selecao_2026,BOM-SYN-0163,inscricao_inicial_completa,BOM-SYN-0163-M1,candidato,12,estudante,inscricao,ficha_inscricao,todo_candidato,obrigatorio,BOM-DOC-000811,ok,2026,nao_se_aplica,nao_se_aplica,0.97,nenhuma,nao,confirmado
bom_aluno_bh,selecao_2026,BOM-SYN-0163,inscricao_inicial_completa,BOM-SYN-0163-M1,candidato,12,estudante,escolar,boletim_ano_anterior,todo_candidato,obrigatorio,BOM-DOC-000812,ok,2025,nao_se_aplica,nao_se_aplica,0.97,nenhuma,nao,confirmado
bom_aluno_bh,selecao_2026,BOM-SYN-0163,inscricao_inicial_completa,BOM-SYN-0163-M1,candidato,12,estudante,escolar,boletim_ano_atual,todo_candidato,obrigatorio,BOM-DOC-000813,ok,2026_bimestres_disponiveis,nao_se_aplica,nao_se_aplica,0.97,nenhuma,nao,confirmado
bom_aluno_bh,selecao_2026,BOM-SYN-0163,inscricao_inicial_completa,BOM-SYN-0163-M2,responsavel,43,responsavel_familiar,cadastro_social,folha_resumo_cadunico,familia_inscrita_no_cadunico,preferencial,BOM-DOC-000814,ok,atual,nao_se_aplica,nao_se_aplica,0.97,nenhuma,sim,parcial
bom_aluno_bh,selecao_2026,BOM-SYN-0163,inscricao_inicial_completa,BOM-SYN-0163-M2,responsavel,43,responsavel_familiar,residencia,comprovante_endereco,lista_detalhada_nao_publicada,a_validar,BOM-DOC-000815,ok,periodo_a_validar,nao_se_aplica,nao_se_aplica,0.97,nenhuma,sim,hipotese
bom_aluno_bh,selecao_2026,BOM-SYN-0164,boletim_atual_faltante,BOM-SYN-0164-M1,candidato,11,estudante,inscricao,ficha_inscricao,todo_candidato,obrigatorio,BOM-DOC-000816,ok,2026,nao_se_aplica,nao_se_aplica,0.97,nenhuma,nao,confirmado
bom_aluno_bh,selecao_2026,BOM-SYN-0164,boletim_atual_faltante,BOM-SYN-0164-M1,candidato,11,estudante,escolar,boletim_ano_anterior,todo_candidato,obrigatorio,BOM-DOC-000817,ok,2025,nao_se_aplica,nao_se_aplica,0.97,nenhuma,nao,confirmado
bom_aluno_bh,selecao_2026,BOM-SYN-0164,boletim_atual_faltante,BOM-SYN-0164-M1,candidato,11,estudante,escolar,boletim_ano_atual,todo_candidato,obrigatorio,ausente,faltante,2026_bimestres_disponiveis,nao_se_aplica,nao_se_aplica,0.00,solicitar_documento_faltante,sim,confirmado
bom_aluno_bh,selecao_2026,BOM-SYN-0164,boletim_atual_faltante,BOM-SYN-0164-M2,responsavel,44,responsavel_familiar,cadastro_social,folha_resumo_cadunico,familia_inscrita_no_cadunico,preferencial,BOM-DOC-000819,ok,atual,nao_se_aplica,nao_se_aplica,0.97,nenhuma,sim,parcial
bom_aluno_bh,selecao_2026,BOM-SYN-0164,boletim_atual_faltante,BOM-SYN-0164-M2,responsavel,44,responsavel_familiar,renda,comprovante_renda_familiar,criterio_de_renda_publicado_documento_nao_enumerado,a_validar,BOM-DOC-000820,ok,periodo_a_validar,2918.00,2918.00,0.97,nenhuma,sim,hipotese
bom_aluno_bh,selecao_2026,BOM-SYN-0165,boletim_anterior_ilegivel,BOM-SYN-0165-M1,candidato,12,estudante,inscricao,ficha_inscricao,todo_candidato,obrigatorio,BOM-DOC-000821,ok,2026,nao_se_aplica,nao_se_aplica,0.97,nenhuma,nao,confirmado
bom_aluno_bh,selecao_2026,BOM-SYN-0165,boletim_anterior_ilegivel,BOM-SYN-0165-M1,candidato,12,estudante,escolar,boletim_ano_anterior,todo_candidato,obrigatorio,BOM-DOC-000822,ilegivel,2025,nao_se_aplica,nao_se_aplica,0.28,solicitar_arquivo_legivel,sim,confirmado
bom_aluno_bh,selecao_2026,BOM-SYN-0165,boletim_anterior_ilegivel,BOM-SYN-0165-M1,candidato,12,estudante,escolar,boletim_ano_atual,todo_candidato,obrigatorio,BOM-DOC-000823,ok,2026_bimestres_disponiveis,nao_se_aplica,nao_se_aplica,0.97,nenhuma,nao,confirmado
bom_aluno_bh,selecao_2026,BOM-SYN-0165,boletim_anterior_ilegivel,BOM-SYN-0165-M2,responsavel,45,responsavel_familiar,cadastro_social,folha_resumo_cadunico,familia_inscrita_no_cadunico,preferencial,BOM-DOC-000824,ok,atual,nao_se_aplica,nao_se_aplica,0.97,nenhuma,sim,parcial
bom_aluno_bh,selecao_2026,BOM-SYN-0165,boletim_anterior_ilegivel,BOM-SYN-0165-M1,candidato,12,estudante,identificacao,certidao_ou_rg_candidato,lista_detalhada_nao_publicada,a_validar,BOM-DOC-000825,ok,periodo_a_validar,nao_se_aplica,nao_se_aplica,0.97,nenhuma,sim,hipotese
bom_aluno_bh,selecao_2026,BOM-SYN-0166,boletim_atual_incompleto,BOM-SYN-0166-M1,candidato,11,estudante,inscricao,ficha_inscricao,todo_candidato,obrigatorio,BOM-DOC-000826,ok,2026,nao_se_aplica,nao_se_aplica,0.97,nenhuma,nao,confirmado
bom_aluno_bh,selecao_2026,BOM-SYN-0166,boletim_atual_incompleto,BOM-SYN-0166-M1,candidato,11,estudante,escolar,boletim_ano_anterior,todo_candidato,obrigatorio,BOM-DOC-000827,ok,2025,nao_se_aplica,nao_se_aplica,0.97,nenhuma,nao,confirmado
bom_aluno_bh,selecao_2026,BOM-SYN-0166,boletim_atual_incompleto,BOM-SYN-0166-M1,candidato,11,estudante,escolar,boletim_ano_atual,todo_candidato,obrigatorio,BOM-DOC-000828,periodo_incompleto,2026_bimestres_disponiveis,nao_se_aplica,nao_se_aplica,0.89,solicitar_competencias_ausentes,sim,confirmado
bom_aluno_bh,selecao_2026,BOM-SYN-0166,boletim_atual_incompleto,BOM-SYN-0166-M2,responsavel,46,responsavel_familiar,cadastro_social,folha_resumo_cadunico,familia_inscrita_no_cadunico,preferencial,BOM-DOC-000829,ok,atual,nao_se_aplica,nao_se_aplica,0.97,nenhuma,sim,parcial
bom_aluno_bh,selecao_2026,BOM-SYN-0166,boletim_atual_incompleto,BOM-SYN-0166-M2,responsavel,46,responsavel_familiar,identificacao,rg_cpf_responsavel,lista_detalhada_nao_publicada,a_validar,BOM-DOC-000830,ok,periodo_a_validar,nao_se_aplica,nao_se_aplica,0.97,nenhuma,sim,hipotese
bom_aluno_bh,selecao_2026,BOM-SYN-0167,renda_declarada_divergente,BOM-SYN-0167-M1,candidato,12,estudante,inscricao,ficha_inscricao,todo_candidato,obrigatorio,BOM-DOC-000831,ok,2026,nao_se_aplica,nao_se_aplica,0.97,nenhuma,nao,confirmado
bom_aluno_bh,selecao_2026,BOM-SYN-0167,renda_declarada_divergente,BOM-SYN-0167-M1,candidato,12,estudante,escolar,boletim_ano_anterior,todo_candidato,obrigatorio,BOM-DOC-000832,ok,2025,nao_se_aplica,nao_se_aplica,0.97,nenhuma,nao,confirmado
bom_aluno_bh,selecao_2026,BOM-SYN-0167,renda_declarada_divergente,BOM-SYN-0167-M1,candidato,12,estudante,escolar,boletim_ano_atual,todo_candidato,obrigatorio,BOM-DOC-000833,ok,2026_bimestres_disponiveis,nao_se_aplica,nao_se_aplica,0.97,nenhuma,nao,confirmado
bom_aluno_bh,selecao_2026,BOM-SYN-0167,renda_declarada_divergente,BOM-SYN-0167-M2,responsavel,47,responsavel_familiar,cadastro_social,folha_resumo_cadunico,familia_inscrita_no_cadunico,preferencial,BOM-DOC-000834,ok,atual,nao_se_aplica,nao_se_aplica,0.97,nenhuma,sim,parcial
bom_aluno_bh,selecao_2026,BOM-SYN-0167,renda_declarada_divergente,BOM-SYN-0167-M2,responsavel,47,responsavel_familiar,renda,comprovante_renda_familiar,criterio_de_renda_publicado_documento_nao_enumerado,a_validar,BOM-DOC-000835,divergente,periodo_a_validar,3329.00,3979.00,0.93,comparar_declaracao_e_documento,sim,hipotese
bom_aluno_bh,selecao_2026,BOM-SYN-0168,cadunico_desatualizado,BOM-SYN-0168-M1,candidato,11,estudante,inscricao,ficha_inscricao,todo_candidato,obrigatorio,BOM-DOC-000836,ok,2026,nao_se_aplica,nao_se_aplica,0.97,nenhuma,nao,confirmado
bom_aluno_bh,selecao_2026,BOM-SYN-0168,cadunico_desatualizado,BOM-SYN-0168-M1,candidato,11,estudante,escolar,boletim_ano_anterior,todo_candidato,obrigatorio,BOM-DOC-000837,ok,2025,nao_se_aplica,nao_se_aplica,0.97,nenhuma,nao,confirmado
bom_aluno_bh,selecao_2026,BOM-SYN-0168,cadunico_desatualizado,BOM-SYN-0168-M1,candidato,11,estudante,escolar,boletim_ano_atual,todo_candidato,obrigatorio,BOM-DOC-000838,ok,2026_bimestres_disponiveis,nao_se_aplica,nao_se_aplica,0.97,nenhuma,nao,confirmado
bom_aluno_bh,selecao_2026,BOM-SYN-0168,cadunico_desatualizado,BOM-SYN-0168-M2,responsavel,48,responsavel_familiar,cadastro_social,folha_resumo_cadunico,familia_inscrita_no_cadunico,preferencial,BOM-DOC-000839,desatualizado,atual,nao_se_aplica,nao_se_aplica,0.95,solicitar_documento_atualizado,sim,parcial
bom_aluno_bh,selecao_2026,BOM-SYN-0168,cadunico_desatualizado,BOM-SYN-0168-M2,responsavel,48,responsavel_familiar,renda,comprovante_renda_familiar,criterio_de_renda_publicado_documento_nao_enumerado,a_validar,BOM-DOC-000840,ok,periodo_a_validar,3466.00,3466.00,0.97,nenhuma,sim,hipotese
bom_aluno_bh,selecao_2026,BOM-SYN-0169,inscricao_inicial_completa,BOM-SYN-0169-M1,candidato,12,estudante,inscricao,ficha_inscricao,todo_candidato,obrigatorio,BOM-DOC-000841,ok,2026,nao_se_aplica,nao_se_aplica,0.97,nenhuma,nao,confirmado
bom_aluno_bh,selecao_2026,BOM-SYN-0169,inscricao_inicial_completa,BOM-SYN-0169-M1,candidato,12,estudante,escolar,boletim_ano_anterior,todo_candidato,obrigatorio,BOM-DOC-000842,ok,2025,nao_se_aplica,nao_se_aplica,0.97,nenhuma,nao,confirmado
bom_aluno_bh,selecao_2026,BOM-SYN-0169,inscricao_inicial_completa,BOM-SYN-0169-M1,candidato,12,estudante,escolar,boletim_ano_atual,todo_candidato,obrigatorio,BOM-DOC-000843,ok,2026_bimestres_disponiveis,nao_se_aplica,nao_se_aplica,0.97,nenhuma,nao,confirmado
bom_aluno_bh,selecao_2026,BOM-SYN-0169,inscricao_inicial_completa,BOM-SYN-0169-M2,responsavel,49,responsavel_familiar,cadastro_social,folha_resumo_cadunico,familia_inscrita_no_cadunico,preferencial,BOM-DOC-000844,ok,atual,nao_se_aplica,nao_se_aplica,0.97,nenhuma,sim,parcial
bom_aluno_bh,selecao_2026,BOM-SYN-0169,inscricao_inicial_completa,BOM-SYN-0169-M1,candidato,12,estudante,identificacao,certidao_ou_rg_candidato,lista_detalhada_nao_publicada,a_validar,BOM-DOC-000845,ok,periodo_a_validar,nao_se_aplica,nao_se_aplica,0.97,nenhuma,sim,hipotese
bom_aluno_bh,selecao_2026,BOM-SYN-0170,boletim_atual_faltante,BOM-SYN-0170-M1,candidato,11,estudante,inscricao,ficha_inscricao,todo_candidato,obrigatorio,BOM-DOC-000846,ok,2026,nao_se_aplica,nao_se_aplica,0.97,nenhuma,nao,confirmado
bom_aluno_bh,selecao_2026,BOM-SYN-0170,boletim_atual_faltante,BOM-SYN-0170-M1,candidato,11,estudante,escolar,boletim_ano_anterior,todo_candidato,obrigatorio,BOM-DOC-000847,ok,2025,nao_se_aplica,nao_se_aplica,0.97,nenhuma,nao,confirmado
bom_aluno_bh,selecao_2026,BOM-SYN-0170,boletim_atual_faltante,BOM-SYN-0170-M1,candidato,11,estudante,escolar,boletim_ano_atual,todo_candidato,obrigatorio,ausente,faltante,2026_bimestres_disponiveis,nao_se_aplica,nao_se_aplica,0.00,solicitar_documento_faltante,sim,confirmado
bom_aluno_bh,selecao_2026,BOM-SYN-0170,boletim_atual_faltante,BOM-SYN-0170-M2,responsavel,50,responsavel_familiar,cadastro_social,folha_resumo_cadunico,familia_inscrita_no_cadunico,preferencial,BOM-DOC-000849,ok,atual,nao_se_aplica,nao_se_aplica,0.97,nenhuma,sim,parcial
bom_aluno_bh,selecao_2026,BOM-SYN-0170,boletim_atual_faltante,BOM-SYN-0170-M2,responsavel,50,responsavel_familiar,identificacao,rg_cpf_responsavel,lista_detalhada_nao_publicada,a_validar,BOM-DOC-000850,ok,periodo_a_validar,nao_se_aplica,nao_se_aplica,0.97,nenhuma,sim,hipotese
bom_aluno_bh,selecao_2026,BOM-SYN-0171,boletim_anterior_ilegivel,BOM-SYN-0171-M1,candidato,12,estudante,inscricao,ficha_inscricao,todo_candidato,obrigatorio,BOM-DOC-000851,ok,2026,nao_se_aplica,nao_se_aplica,0.97,nenhuma,nao,confirmado
bom_aluno_bh,selecao_2026,BOM-SYN-0171,boletim_anterior_ilegivel,BOM-SYN-0171-M1,candidato,12,estudante,escolar,boletim_ano_anterior,todo_candidato,obrigatorio,BOM-DOC-000852,ilegivel,2025,nao_se_aplica,nao_se_aplica,0.28,solicitar_arquivo_legivel,sim,confirmado
bom_aluno_bh,selecao_2026,BOM-SYN-0171,boletim_anterior_ilegivel,BOM-SYN-0171-M1,candidato,12,estudante,escolar,boletim_ano_atual,todo_candidato,obrigatorio,BOM-DOC-000853,ok,2026_bimestres_disponiveis,nao_se_aplica,nao_se_aplica,0.97,nenhuma,nao,confirmado
bom_aluno_bh,selecao_2026,BOM-SYN-0171,boletim_anterior_ilegivel,BOM-SYN-0171-M2,responsavel,51,responsavel_familiar,cadastro_social,folha_resumo_cadunico,familia_inscrita_no_cadunico,preferencial,BOM-DOC-000854,ok,atual,nao_se_aplica,nao_se_aplica,0.97,nenhuma,sim,parcial
bom_aluno_bh,selecao_2026,BOM-SYN-0171,boletim_anterior_ilegivel,BOM-SYN-0171-M2,responsavel,51,responsavel_familiar,residencia,comprovante_endereco,lista_detalhada_nao_publicada,a_validar,BOM-DOC-000855,ok,periodo_a_validar,nao_se_aplica,nao_se_aplica,0.97,nenhuma,sim,hipotese
bom_aluno_bh,selecao_2026,BOM-SYN-0172,boletim_atual_incompleto,BOM-SYN-0172-M1,candidato,11,estudante,inscricao,ficha_inscricao,todo_candidato,obrigatorio,BOM-DOC-000856,ok,2026,nao_se_aplica,nao_se_aplica,0.97,nenhuma,nao,confirmado
bom_aluno_bh,selecao_2026,BOM-SYN-0172,boletim_atual_incompleto,BOM-SYN-0172-M1,candidato,11,estudante,escolar,boletim_ano_anterior,todo_candidato,obrigatorio,BOM-DOC-000857,ok,2025,nao_se_aplica,nao_se_aplica,0.97,nenhuma,nao,confirmado
bom_aluno_bh,selecao_2026,BOM-SYN-0172,boletim_atual_incompleto,BOM-SYN-0172-M1,candidato,11,estudante,escolar,boletim_ano_atual,todo_candidato,obrigatorio,BOM-DOC-000858,periodo_incompleto,2026_bimestres_disponiveis,nao_se_aplica,nao_se_aplica,0.89,solicitar_competencias_ausentes,sim,confirmado
bom_aluno_bh,selecao_2026,BOM-SYN-0172,boletim_atual_incompleto,BOM-SYN-0172-M2,responsavel,52,responsavel_familiar,cadastro_social,folha_resumo_cadunico,familia_inscrita_no_cadunico,preferencial,BOM-DOC-000859,ok,atual,nao_se_aplica,nao_se_aplica,0.97,nenhuma,sim,parcial
bom_aluno_bh,selecao_2026,BOM-SYN-0172,boletim_atual_incompleto,BOM-SYN-0172-M2,responsavel,52,responsavel_familiar,renda,comprovante_renda_familiar,criterio_de_renda_publicado_documento_nao_enumerado,a_validar,BOM-DOC-000860,ok,periodo_a_validar,4014.00,4014.00,0.97,nenhuma,sim,hipotese
bom_aluno_bh,selecao_2026,BOM-SYN-0173,renda_declarada_divergente,BOM-SYN-0173-M1,candidato,12,estudante,inscricao,ficha_inscricao,todo_candidato,obrigatorio,BOM-DOC-000861,ok,2026,nao_se_aplica,nao_se_aplica,0.97,nenhuma,nao,confirmado
bom_aluno_bh,selecao_2026,BOM-SYN-0173,renda_declarada_divergente,BOM-SYN-0173-M1,candidato,12,estudante,escolar,boletim_ano_anterior,todo_candidato,obrigatorio,BOM-DOC-000862,ok,2025,nao_se_aplica,nao_se_aplica,0.97,nenhuma,nao,confirmado
bom_aluno_bh,selecao_2026,BOM-SYN-0173,renda_declarada_divergente,BOM-SYN-0173-M1,candidato,12,estudante,escolar,boletim_ano_atual,todo_candidato,obrigatorio,BOM-DOC-000863,ok,2026_bimestres_disponiveis,nao_se_aplica,nao_se_aplica,0.97,nenhuma,nao,confirmado
bom_aluno_bh,selecao_2026,BOM-SYN-0173,renda_declarada_divergente,BOM-SYN-0173-M2,responsavel,53,responsavel_familiar,cadastro_social,folha_resumo_cadunico,familia_inscrita_no_cadunico,preferencial,BOM-DOC-000864,ok,atual,nao_se_aplica,nao_se_aplica,0.97,nenhuma,sim,parcial
bom_aluno_bh,selecao_2026,BOM-SYN-0173,renda_declarada_divergente,BOM-SYN-0173-M2,responsavel,53,responsavel_familiar,renda,comprovante_renda_familiar,criterio_de_renda_publicado_documento_nao_enumerado,a_validar,BOM-DOC-000865,divergente,periodo_a_validar,4151.00,4801.00,0.93,comparar_declaracao_e_documento,sim,hipotese
bom_aluno_bh,selecao_2026,BOM-SYN-0174,cadunico_desatualizado,BOM-SYN-0174-M1,candidato,11,estudante,inscricao,ficha_inscricao,todo_candidato,obrigatorio,BOM-DOC-000866,ok,2026,nao_se_aplica,nao_se_aplica,0.97,nenhuma,nao,confirmado
bom_aluno_bh,selecao_2026,BOM-SYN-0174,cadunico_desatualizado,BOM-SYN-0174-M1,candidato,11,estudante,escolar,boletim_ano_anterior,todo_candidato,obrigatorio,BOM-DOC-000867,ok,2025,nao_se_aplica,nao_se_aplica,0.97,nenhuma,nao,confirmado
bom_aluno_bh,selecao_2026,BOM-SYN-0174,cadunico_desatualizado,BOM-SYN-0174-M1,candidato,11,estudante,escolar,boletim_ano_atual,todo_candidato,obrigatorio,BOM-DOC-000868,ok,2026_bimestres_disponiveis,nao_se_aplica,nao_se_aplica,0.97,nenhuma,nao,confirmado
bom_aluno_bh,selecao_2026,BOM-SYN-0174,cadunico_desatualizado,BOM-SYN-0174-M2,responsavel,54,responsavel_familiar,cadastro_social,folha_resumo_cadunico,familia_inscrita_no_cadunico,preferencial,BOM-DOC-000869,desatualizado,atual,nao_se_aplica,nao_se_aplica,0.95,solicitar_documento_atualizado,sim,parcial
bom_aluno_bh,selecao_2026,BOM-SYN-0174,cadunico_desatualizado,BOM-SYN-0174-M2,responsavel,54,responsavel_familiar,identificacao,rg_cpf_responsavel,lista_detalhada_nao_publicada,a_validar,BOM-DOC-000870,ok,periodo_a_validar,nao_se_aplica,nao_se_aplica,0.97,nenhuma,sim,hipotese
bom_aluno_bh,selecao_2026,BOM-SYN-0175,inscricao_inicial_completa,BOM-SYN-0175-M1,candidato,12,estudante,inscricao,ficha_inscricao,todo_candidato,obrigatorio,BOM-DOC-000871,ok,2026,nao_se_aplica,nao_se_aplica,0.97,nenhuma,nao,confirmado
bom_aluno_bh,selecao_2026,BOM-SYN-0175,inscricao_inicial_completa,BOM-SYN-0175-M1,candidato,12,estudante,escolar,boletim_ano_anterior,todo_candidato,obrigatorio,BOM-DOC-000872,ok,2025,nao_se_aplica,nao_se_aplica,0.97,nenhuma,nao,confirmado
bom_aluno_bh,selecao_2026,BOM-SYN-0175,inscricao_inicial_completa,BOM-SYN-0175-M1,candidato,12,estudante,escolar,boletim_ano_atual,todo_candidato,obrigatorio,BOM-DOC-000873,ok,2026_bimestres_disponiveis,nao_se_aplica,nao_se_aplica,0.97,nenhuma,nao,confirmado
bom_aluno_bh,selecao_2026,BOM-SYN-0175,inscricao_inicial_completa,BOM-SYN-0175-M2,responsavel,55,responsavel_familiar,cadastro_social,folha_resumo_cadunico,familia_inscrita_no_cadunico,preferencial,BOM-DOC-000874,ok,atual,nao_se_aplica,nao_se_aplica,0.97,nenhuma,sim,parcial
bom_aluno_bh,selecao_2026,BOM-SYN-0175,inscricao_inicial_completa,BOM-SYN-0175-M2,responsavel,55,responsavel_familiar,residencia,comprovante_endereco,lista_detalhada_nao_publicada,a_validar,BOM-DOC-000875,ok,periodo_a_validar,nao_se_aplica,nao_se_aplica,0.97,nenhuma,sim,hipotese
bom_aluno_bh,selecao_2026,BOM-SYN-0176,boletim_atual_faltante,BOM-SYN-0176-M1,candidato,11,estudante,inscricao,ficha_inscricao,todo_candidato,obrigatorio,BOM-DOC-000876,ok,2026,nao_se_aplica,nao_se_aplica,0.97,nenhuma,nao,confirmado
bom_aluno_bh,selecao_2026,BOM-SYN-0176,boletim_atual_faltante,BOM-SYN-0176-M1,candidato,11,estudante,escolar,boletim_ano_anterior,todo_candidato,obrigatorio,BOM-DOC-000877,ok,2025,nao_se_aplica,nao_se_aplica,0.97,nenhuma,nao,confirmado
bom_aluno_bh,selecao_2026,BOM-SYN-0176,boletim_atual_faltante,BOM-SYN-0176-M1,candidato,11,estudante,escolar,boletim_ano_atual,todo_candidato,obrigatorio,ausente,faltante,2026_bimestres_disponiveis,nao_se_aplica,nao_se_aplica,0.00,solicitar_documento_faltante,sim,confirmado
bom_aluno_bh,selecao_2026,BOM-SYN-0176,boletim_atual_faltante,BOM-SYN-0176-M2,responsavel,56,responsavel_familiar,cadastro_social,folha_resumo_cadunico,familia_inscrita_no_cadunico,preferencial,BOM-DOC-000879,ok,atual,nao_se_aplica,nao_se_aplica,0.97,nenhuma,sim,parcial
bom_aluno_bh,selecao_2026,BOM-SYN-0176,boletim_atual_faltante,BOM-SYN-0176-M2,responsavel,56,responsavel_familiar,renda,comprovante_renda_familiar,criterio_de_renda_publicado_documento_nao_enumerado,a_validar,BOM-DOC-000880,ok,periodo_a_validar,4562.00,4562.00,0.97,nenhuma,sim,hipotese
bom_aluno_bh,selecao_2026,BOM-SYN-0177,boletim_anterior_ilegivel,BOM-SYN-0177-M1,candidato,12,estudante,inscricao,ficha_inscricao,todo_candidato,obrigatorio,BOM-DOC-000881,ok,2026,nao_se_aplica,nao_se_aplica,0.97,nenhuma,nao,confirmado
bom_aluno_bh,selecao_2026,BOM-SYN-0177,boletim_anterior_ilegivel,BOM-SYN-0177-M1,candidato,12,estudante,escolar,boletim_ano_anterior,todo_candidato,obrigatorio,BOM-DOC-000882,ilegivel,2025,nao_se_aplica,nao_se_aplica,0.28,solicitar_arquivo_legivel,sim,confirmado
bom_aluno_bh,selecao_2026,BOM-SYN-0177,boletim_anterior_ilegivel,BOM-SYN-0177-M1,candidato,12,estudante,escolar,boletim_ano_atual,todo_candidato,obrigatorio,BOM-DOC-000883,ok,2026_bimestres_disponiveis,nao_se_aplica,nao_se_aplica,0.97,nenhuma,nao,confirmado
bom_aluno_bh,selecao_2026,BOM-SYN-0177,boletim_anterior_ilegivel,BOM-SYN-0177-M2,responsavel,57,responsavel_familiar,cadastro_social,folha_resumo_cadunico,familia_inscrita_no_cadunico,preferencial,BOM-DOC-000884,ok,atual,nao_se_aplica,nao_se_aplica,0.97,nenhuma,sim,parcial
bom_aluno_bh,selecao_2026,BOM-SYN-0177,boletim_anterior_ilegivel,BOM-SYN-0177-M1,candidato,12,estudante,identificacao,certidao_ou_rg_candidato,lista_detalhada_nao_publicada,a_validar,BOM-DOC-000885,ok,periodo_a_validar,nao_se_aplica,nao_se_aplica,0.97,nenhuma,sim,hipotese
bom_aluno_bh,selecao_2026,BOM-SYN-0178,boletim_atual_incompleto,BOM-SYN-0178-M1,candidato,11,estudante,inscricao,ficha_inscricao,todo_candidato,obrigatorio,BOM-DOC-000886,ok,2026,nao_se_aplica,nao_se_aplica,0.97,nenhuma,nao,confirmado
bom_aluno_bh,selecao_2026,BOM-SYN-0178,boletim_atual_incompleto,BOM-SYN-0178-M1,candidato,11,estudante,escolar,boletim_ano_anterior,todo_candidato,obrigatorio,BOM-DOC-000887,ok,2025,nao_se_aplica,nao_se_aplica,0.97,nenhuma,nao,confirmado
bom_aluno_bh,selecao_2026,BOM-SYN-0178,boletim_atual_incompleto,BOM-SYN-0178-M1,candidato,11,estudante,escolar,boletim_ano_atual,todo_candidato,obrigatorio,BOM-DOC-000888,periodo_incompleto,2026_bimestres_disponiveis,nao_se_aplica,nao_se_aplica,0.89,solicitar_competencias_ausentes,sim,confirmado
bom_aluno_bh,selecao_2026,BOM-SYN-0178,boletim_atual_incompleto,BOM-SYN-0178-M2,responsavel,58,responsavel_familiar,cadastro_social,folha_resumo_cadunico,familia_inscrita_no_cadunico,preferencial,BOM-DOC-000889,ok,atual,nao_se_aplica,nao_se_aplica,0.97,nenhuma,sim,parcial
bom_aluno_bh,selecao_2026,BOM-SYN-0178,boletim_atual_incompleto,BOM-SYN-0178-M2,responsavel,58,responsavel_familiar,identificacao,rg_cpf_responsavel,lista_detalhada_nao_publicada,a_validar,BOM-DOC-000890,ok,periodo_a_validar,nao_se_aplica,nao_se_aplica,0.97,nenhuma,sim,hipotese
bom_aluno_bh,selecao_2026,BOM-SYN-0179,renda_declarada_divergente,BOM-SYN-0179-M1,candidato,12,estudante,inscricao,ficha_inscricao,todo_candidato,obrigatorio,BOM-DOC-000891,ok,2026,nao_se_aplica,nao_se_aplica,0.97,nenhuma,nao,confirmado
bom_aluno_bh,selecao_2026,BOM-SYN-0179,renda_declarada_divergente,BOM-SYN-0179-M1,candidato,12,estudante,escolar,boletim_ano_anterior,todo_candidato,obrigatorio,BOM-DOC-000892,ok,2025,nao_se_aplica,nao_se_aplica,0.97,nenhuma,nao,confirmado
bom_aluno_bh,selecao_2026,BOM-SYN-0179,renda_declarada_divergente,BOM-SYN-0179-M1,candidato,12,estudante,escolar,boletim_ano_atual,todo_candidato,obrigatorio,BOM-DOC-000893,ok,2026_bimestres_disponiveis,nao_se_aplica,nao_se_aplica,0.97,nenhuma,nao,confirmado
bom_aluno_bh,selecao_2026,BOM-SYN-0179,renda_declarada_divergente,BOM-SYN-0179-M2,responsavel,59,responsavel_familiar,cadastro_social,folha_resumo_cadunico,familia_inscrita_no_cadunico,preferencial,BOM-DOC-000894,ok,atual,nao_se_aplica,nao_se_aplica,0.97,nenhuma,sim,parcial
bom_aluno_bh,selecao_2026,BOM-SYN-0179,renda_declarada_divergente,BOM-SYN-0179-M2,responsavel,59,responsavel_familiar,renda,comprovante_renda_familiar,criterio_de_renda_publicado_documento_nao_enumerado,a_validar,BOM-DOC-000895,divergente,periodo_a_validar,4973.00,5623.00,0.93,comparar_declaracao_e_documento,sim,hipotese
bom_aluno_bh,selecao_2026,BOM-SYN-0180,cadunico_desatualizado,BOM-SYN-0180-M1,candidato,11,estudante,inscricao,ficha_inscricao,todo_candidato,obrigatorio,BOM-DOC-000896,ok,2026,nao_se_aplica,nao_se_aplica,0.97,nenhuma,nao,confirmado
bom_aluno_bh,selecao_2026,BOM-SYN-0180,cadunico_desatualizado,BOM-SYN-0180-M1,candidato,11,estudante,escolar,boletim_ano_anterior,todo_candidato,obrigatorio,BOM-DOC-000897,ok,2025,nao_se_aplica,nao_se_aplica,0.97,nenhuma,nao,confirmado
bom_aluno_bh,selecao_2026,BOM-SYN-0180,cadunico_desatualizado,BOM-SYN-0180-M1,candidato,11,estudante,escolar,boletim_ano_atual,todo_candidato,obrigatorio,BOM-DOC-000898,ok,2026_bimestres_disponiveis,nao_se_aplica,nao_se_aplica,0.97,nenhuma,nao,confirmado
bom_aluno_bh,selecao_2026,BOM-SYN-0180,cadunico_desatualizado,BOM-SYN-0180-M2,responsavel,30,responsavel_familiar,cadastro_social,folha_resumo_cadunico,familia_inscrita_no_cadunico,preferencial,BOM-DOC-000899,desatualizado,atual,nao_se_aplica,nao_se_aplica,0.95,solicitar_documento_atualizado,sim,parcial
bom_aluno_bh,selecao_2026,BOM-SYN-0180,cadunico_desatualizado,BOM-SYN-0180-M2,responsavel,30,responsavel_familiar,renda,comprovante_renda_familiar,criterio_de_renda_publicado_documento_nao_enumerado,a_validar,BOM-DOC-000900,ok,periodo_a_validar,5110.00,5110.00,0.97,nenhuma,sim,hipotese
bom_aluno_bh,selecao_2026,BOM-SYN-0181,inscricao_inicial_completa,BOM-SYN-0181-M1,candidato,12,estudante,inscricao,ficha_inscricao,todo_candidato,obrigatorio,BOM-DOC-000901,ok,2026,nao_se_aplica,nao_se_aplica,0.97,nenhuma,nao,confirmado
bom_aluno_bh,selecao_2026,BOM-SYN-0181,inscricao_inicial_completa,BOM-SYN-0181-M1,candidato,12,estudante,escolar,boletim_ano_anterior,todo_candidato,obrigatorio,BOM-DOC-000902,ok,2025,nao_se_aplica,nao_se_aplica,0.97,nenhuma,nao,confirmado
bom_aluno_bh,selecao_2026,BOM-SYN-0181,inscricao_inicial_completa,BOM-SYN-0181-M1,candidato,12,estudante,escolar,boletim_ano_atual,todo_candidato,obrigatorio,BOM-DOC-000903,ok,2026_bimestres_disponiveis,nao_se_aplica,nao_se_aplica,0.97,nenhuma,nao,confirmado
bom_aluno_bh,selecao_2026,BOM-SYN-0181,inscricao_inicial_completa,BOM-SYN-0181-M2,responsavel,31,responsavel_familiar,cadastro_social,folha_resumo_cadunico,familia_inscrita_no_cadunico,preferencial,BOM-DOC-000904,ok,atual,nao_se_aplica,nao_se_aplica,0.97,nenhuma,sim,parcial
bom_aluno_bh,selecao_2026,BOM-SYN-0181,inscricao_inicial_completa,BOM-SYN-0181-M1,candidato,12,estudante,identificacao,certidao_ou_rg_candidato,lista_detalhada_nao_publicada,a_validar,BOM-DOC-000905,ok,periodo_a_validar,nao_se_aplica,nao_se_aplica,0.97,nenhuma,sim,hipotese
bom_aluno_bh,selecao_2026,BOM-SYN-0182,boletim_atual_faltante,BOM-SYN-0182-M1,candidato,11,estudante,inscricao,ficha_inscricao,todo_candidato,obrigatorio,BOM-DOC-000906,ok,2026,nao_se_aplica,nao_se_aplica,0.97,nenhuma,nao,confirmado
bom_aluno_bh,selecao_2026,BOM-SYN-0182,boletim_atual_faltante,BOM-SYN-0182-M1,candidato,11,estudante,escolar,boletim_ano_anterior,todo_candidato,obrigatorio,BOM-DOC-000907,ok,2025,nao_se_aplica,nao_se_aplica,0.97,nenhuma,nao,confirmado
bom_aluno_bh,selecao_2026,BOM-SYN-0182,boletim_atual_faltante,BOM-SYN-0182-M1,candidato,11,estudante,escolar,boletim_ano_atual,todo_candidato,obrigatorio,ausente,faltante,2026_bimestres_disponiveis,nao_se_aplica,nao_se_aplica,0.00,solicitar_documento_faltante,sim,confirmado
bom_aluno_bh,selecao_2026,BOM-SYN-0182,boletim_atual_faltante,BOM-SYN-0182-M2,responsavel,32,responsavel_familiar,cadastro_social,folha_resumo_cadunico,familia_inscrita_no_cadunico,preferencial,BOM-DOC-000909,ok,atual,nao_se_aplica,nao_se_aplica,0.97,nenhuma,sim,parcial
bom_aluno_bh,selecao_2026,BOM-SYN-0182,boletim_atual_faltante,BOM-SYN-0182-M2,responsavel,32,responsavel_familiar,identificacao,rg_cpf_responsavel,lista_detalhada_nao_publicada,a_validar,BOM-DOC-000910,ok,periodo_a_validar,nao_se_aplica,nao_se_aplica,0.97,nenhuma,sim,hipotese
bom_aluno_bh,selecao_2026,BOM-SYN-0183,boletim_anterior_ilegivel,BOM-SYN-0183-M1,candidato,12,estudante,inscricao,ficha_inscricao,todo_candidato,obrigatorio,BOM-DOC-000911,ok,2026,nao_se_aplica,nao_se_aplica,0.97,nenhuma,nao,confirmado
bom_aluno_bh,selecao_2026,BOM-SYN-0183,boletim_anterior_ilegivel,BOM-SYN-0183-M1,candidato,12,estudante,escolar,boletim_ano_anterior,todo_candidato,obrigatorio,BOM-DOC-000912,ilegivel,2025,nao_se_aplica,nao_se_aplica,0.28,solicitar_arquivo_legivel,sim,confirmado
bom_aluno_bh,selecao_2026,BOM-SYN-0183,boletim_anterior_ilegivel,BOM-SYN-0183-M1,candidato,12,estudante,escolar,boletim_ano_atual,todo_candidato,obrigatorio,BOM-DOC-000913,ok,2026_bimestres_disponiveis,nao_se_aplica,nao_se_aplica,0.97,nenhuma,nao,confirmado
bom_aluno_bh,selecao_2026,BOM-SYN-0183,boletim_anterior_ilegivel,BOM-SYN-0183-M2,responsavel,33,responsavel_familiar,cadastro_social,folha_resumo_cadunico,familia_inscrita_no_cadunico,preferencial,BOM-DOC-000914,ok,atual,nao_se_aplica,nao_se_aplica,0.97,nenhuma,sim,parcial
bom_aluno_bh,selecao_2026,BOM-SYN-0183,boletim_anterior_ilegivel,BOM-SYN-0183-M2,responsavel,33,responsavel_familiar,residencia,comprovante_endereco,lista_detalhada_nao_publicada,a_validar,BOM-DOC-000915,ok,periodo_a_validar,nao_se_aplica,nao_se_aplica,0.97,nenhuma,sim,hipotese
bom_aluno_bh,selecao_2026,BOM-SYN-0184,boletim_atual_incompleto,BOM-SYN-0184-M1,candidato,11,estudante,inscricao,ficha_inscricao,todo_candidato,obrigatorio,BOM-DOC-000916,ok,2026,nao_se_aplica,nao_se_aplica,0.97,nenhuma,nao,confirmado
bom_aluno_bh,selecao_2026,BOM-SYN-0184,boletim_atual_incompleto,BOM-SYN-0184-M1,candidato,11,estudante,escolar,boletim_ano_anterior,todo_candidato,obrigatorio,BOM-DOC-000917,ok,2025,nao_se_aplica,nao_se_aplica,0.97,nenhuma,nao,confirmado
bom_aluno_bh,selecao_2026,BOM-SYN-0184,boletim_atual_incompleto,BOM-SYN-0184-M1,candidato,11,estudante,escolar,boletim_ano_atual,todo_candidato,obrigatorio,BOM-DOC-000918,periodo_incompleto,2026_bimestres_disponiveis,nao_se_aplica,nao_se_aplica,0.89,solicitar_competencias_ausentes,sim,confirmado
bom_aluno_bh,selecao_2026,BOM-SYN-0184,boletim_atual_incompleto,BOM-SYN-0184-M2,responsavel,34,responsavel_familiar,cadastro_social,folha_resumo_cadunico,familia_inscrita_no_cadunico,preferencial,BOM-DOC-000919,ok,atual,nao_se_aplica,nao_se_aplica,0.97,nenhuma,sim,parcial
bom_aluno_bh,selecao_2026,BOM-SYN-0184,boletim_atual_incompleto,BOM-SYN-0184-M2,responsavel,34,responsavel_familiar,renda,comprovante_renda_familiar,criterio_de_renda_publicado_documento_nao_enumerado,a_validar,BOM-DOC-000920,ok,periodo_a_validar,1458.00,1458.00,0.97,nenhuma,sim,hipotese
bom_aluno_bh,selecao_2026,BOM-SYN-0185,renda_declarada_divergente,BOM-SYN-0185-M1,candidato,12,estudante,inscricao,ficha_inscricao,todo_candidato,obrigatorio,BOM-DOC-000921,ok,2026,nao_se_aplica,nao_se_aplica,0.97,nenhuma,nao,confirmado
bom_aluno_bh,selecao_2026,BOM-SYN-0185,renda_declarada_divergente,BOM-SYN-0185-M1,candidato,12,estudante,escolar,boletim_ano_anterior,todo_candidato,obrigatorio,BOM-DOC-000922,ok,2025,nao_se_aplica,nao_se_aplica,0.97,nenhuma,nao,confirmado
bom_aluno_bh,selecao_2026,BOM-SYN-0185,renda_declarada_divergente,BOM-SYN-0185-M1,candidato,12,estudante,escolar,boletim_ano_atual,todo_candidato,obrigatorio,BOM-DOC-000923,ok,2026_bimestres_disponiveis,nao_se_aplica,nao_se_aplica,0.97,nenhuma,nao,confirmado
bom_aluno_bh,selecao_2026,BOM-SYN-0185,renda_declarada_divergente,BOM-SYN-0185-M2,responsavel,35,responsavel_familiar,cadastro_social,folha_resumo_cadunico,familia_inscrita_no_cadunico,preferencial,BOM-DOC-000924,ok,atual,nao_se_aplica,nao_se_aplica,0.97,nenhuma,sim,parcial
bom_aluno_bh,selecao_2026,BOM-SYN-0185,renda_declarada_divergente,BOM-SYN-0185-M2,responsavel,35,responsavel_familiar,renda,comprovante_renda_familiar,criterio_de_renda_publicado_documento_nao_enumerado,a_validar,BOM-DOC-000925,divergente,periodo_a_validar,1595.00,2245.00,0.93,comparar_declaracao_e_documento,sim,hipotese
bom_aluno_bh,selecao_2026,BOM-SYN-0186,cadunico_desatualizado,BOM-SYN-0186-M1,candidato,11,estudante,inscricao,ficha_inscricao,todo_candidato,obrigatorio,BOM-DOC-000926,ok,2026,nao_se_aplica,nao_se_aplica,0.97,nenhuma,nao,confirmado
bom_aluno_bh,selecao_2026,BOM-SYN-0186,cadunico_desatualizado,BOM-SYN-0186-M1,candidato,11,estudante,escolar,boletim_ano_anterior,todo_candidato,obrigatorio,BOM-DOC-000927,ok,2025,nao_se_aplica,nao_se_aplica,0.97,nenhuma,nao,confirmado
bom_aluno_bh,selecao_2026,BOM-SYN-0186,cadunico_desatualizado,BOM-SYN-0186-M1,candidato,11,estudante,escolar,boletim_ano_atual,todo_candidato,obrigatorio,BOM-DOC-000928,ok,2026_bimestres_disponiveis,nao_se_aplica,nao_se_aplica,0.97,nenhuma,nao,confirmado
bom_aluno_bh,selecao_2026,BOM-SYN-0186,cadunico_desatualizado,BOM-SYN-0186-M2,responsavel,36,responsavel_familiar,cadastro_social,folha_resumo_cadunico,familia_inscrita_no_cadunico,preferencial,BOM-DOC-000929,desatualizado,atual,nao_se_aplica,nao_se_aplica,0.95,solicitar_documento_atualizado,sim,parcial
bom_aluno_bh,selecao_2026,BOM-SYN-0186,cadunico_desatualizado,BOM-SYN-0186-M2,responsavel,36,responsavel_familiar,identificacao,rg_cpf_responsavel,lista_detalhada_nao_publicada,a_validar,BOM-DOC-000930,ok,periodo_a_validar,nao_se_aplica,nao_se_aplica,0.97,nenhuma,sim,hipotese
bom_aluno_bh,selecao_2026,BOM-SYN-0187,inscricao_inicial_completa,BOM-SYN-0187-M1,candidato,12,estudante,inscricao,ficha_inscricao,todo_candidato,obrigatorio,BOM-DOC-000931,ok,2026,nao_se_aplica,nao_se_aplica,0.97,nenhuma,nao,confirmado
bom_aluno_bh,selecao_2026,BOM-SYN-0187,inscricao_inicial_completa,BOM-SYN-0187-M1,candidato,12,estudante,escolar,boletim_ano_anterior,todo_candidato,obrigatorio,BOM-DOC-000932,ok,2025,nao_se_aplica,nao_se_aplica,0.97,nenhuma,nao,confirmado
bom_aluno_bh,selecao_2026,BOM-SYN-0187,inscricao_inicial_completa,BOM-SYN-0187-M1,candidato,12,estudante,escolar,boletim_ano_atual,todo_candidato,obrigatorio,BOM-DOC-000933,ok,2026_bimestres_disponiveis,nao_se_aplica,nao_se_aplica,0.97,nenhuma,nao,confirmado
bom_aluno_bh,selecao_2026,BOM-SYN-0187,inscricao_inicial_completa,BOM-SYN-0187-M2,responsavel,37,responsavel_familiar,cadastro_social,folha_resumo_cadunico,familia_inscrita_no_cadunico,preferencial,BOM-DOC-000934,ok,atual,nao_se_aplica,nao_se_aplica,0.97,nenhuma,sim,parcial
bom_aluno_bh,selecao_2026,BOM-SYN-0187,inscricao_inicial_completa,BOM-SYN-0187-M2,responsavel,37,responsavel_familiar,residencia,comprovante_endereco,lista_detalhada_nao_publicada,a_validar,BOM-DOC-000935,ok,periodo_a_validar,nao_se_aplica,nao_se_aplica,0.97,nenhuma,sim,hipotese
bom_aluno_bh,selecao_2026,BOM-SYN-0188,boletim_atual_faltante,BOM-SYN-0188-M1,candidato,11,estudante,inscricao,ficha_inscricao,todo_candidato,obrigatorio,BOM-DOC-000936,ok,2026,nao_se_aplica,nao_se_aplica,0.97,nenhuma,nao,confirmado
bom_aluno_bh,selecao_2026,BOM-SYN-0188,boletim_atual_faltante,BOM-SYN-0188-M1,candidato,11,estudante,escolar,boletim_ano_anterior,todo_candidato,obrigatorio,BOM-DOC-000937,ok,2025,nao_se_aplica,nao_se_aplica,0.97,nenhuma,nao,confirmado
bom_aluno_bh,selecao_2026,BOM-SYN-0188,boletim_atual_faltante,BOM-SYN-0188-M1,candidato,11,estudante,escolar,boletim_ano_atual,todo_candidato,obrigatorio,ausente,faltante,2026_bimestres_disponiveis,nao_se_aplica,nao_se_aplica,0.00,solicitar_documento_faltante,sim,confirmado
bom_aluno_bh,selecao_2026,BOM-SYN-0188,boletim_atual_faltante,BOM-SYN-0188-M2,responsavel,38,responsavel_familiar,cadastro_social,folha_resumo_cadunico,familia_inscrita_no_cadunico,preferencial,BOM-DOC-000939,ok,atual,nao_se_aplica,nao_se_aplica,0.97,nenhuma,sim,parcial
bom_aluno_bh,selecao_2026,BOM-SYN-0188,boletim_atual_faltante,BOM-SYN-0188-M2,responsavel,38,responsavel_familiar,renda,comprovante_renda_familiar,criterio_de_renda_publicado_documento_nao_enumerado,a_validar,BOM-DOC-000940,ok,periodo_a_validar,2006.00,2006.00,0.97,nenhuma,sim,hipotese
bom_aluno_bh,selecao_2026,BOM-SYN-0189,boletim_anterior_ilegivel,BOM-SYN-0189-M1,candidato,12,estudante,inscricao,ficha_inscricao,todo_candidato,obrigatorio,BOM-DOC-000941,ok,2026,nao_se_aplica,nao_se_aplica,0.97,nenhuma,nao,confirmado
bom_aluno_bh,selecao_2026,BOM-SYN-0189,boletim_anterior_ilegivel,BOM-SYN-0189-M1,candidato,12,estudante,escolar,boletim_ano_anterior,todo_candidato,obrigatorio,BOM-DOC-000942,ilegivel,2025,nao_se_aplica,nao_se_aplica,0.28,solicitar_arquivo_legivel,sim,confirmado
bom_aluno_bh,selecao_2026,BOM-SYN-0189,boletim_anterior_ilegivel,BOM-SYN-0189-M1,candidato,12,estudante,escolar,boletim_ano_atual,todo_candidato,obrigatorio,BOM-DOC-000943,ok,2026_bimestres_disponiveis,nao_se_aplica,nao_se_aplica,0.97,nenhuma,nao,confirmado
bom_aluno_bh,selecao_2026,BOM-SYN-0189,boletim_anterior_ilegivel,BOM-SYN-0189-M2,responsavel,39,responsavel_familiar,cadastro_social,folha_resumo_cadunico,familia_inscrita_no_cadunico,preferencial,BOM-DOC-000944,ok,atual,nao_se_aplica,nao_se_aplica,0.97,nenhuma,sim,parcial
bom_aluno_bh,selecao_2026,BOM-SYN-0189,boletim_anterior_ilegivel,BOM-SYN-0189-M1,candidato,12,estudante,identificacao,certidao_ou_rg_candidato,lista_detalhada_nao_publicada,a_validar,BOM-DOC-000945,ok,periodo_a_validar,nao_se_aplica,nao_se_aplica,0.97,nenhuma,sim,hipotese
bom_aluno_bh,selecao_2026,BOM-SYN-0190,boletim_atual_incompleto,BOM-SYN-0190-M1,candidato,11,estudante,inscricao,ficha_inscricao,todo_candidato,obrigatorio,BOM-DOC-000946,ok,2026,nao_se_aplica,nao_se_aplica,0.97,nenhuma,nao,confirmado
bom_aluno_bh,selecao_2026,BOM-SYN-0190,boletim_atual_incompleto,BOM-SYN-0190-M1,candidato,11,estudante,escolar,boletim_ano_anterior,todo_candidato,obrigatorio,BOM-DOC-000947,ok,2025,nao_se_aplica,nao_se_aplica,0.97,nenhuma,nao,confirmado
bom_aluno_bh,selecao_2026,BOM-SYN-0190,boletim_atual_incompleto,BOM-SYN-0190-M1,candidato,11,estudante,escolar,boletim_ano_atual,todo_candidato,obrigatorio,BOM-DOC-000948,periodo_incompleto,2026_bimestres_disponiveis,nao_se_aplica,nao_se_aplica,0.89,solicitar_competencias_ausentes,sim,confirmado
bom_aluno_bh,selecao_2026,BOM-SYN-0190,boletim_atual_incompleto,BOM-SYN-0190-M2,responsavel,40,responsavel_familiar,cadastro_social,folha_resumo_cadunico,familia_inscrita_no_cadunico,preferencial,BOM-DOC-000949,ok,atual,nao_se_aplica,nao_se_aplica,0.97,nenhuma,sim,parcial
bom_aluno_bh,selecao_2026,BOM-SYN-0190,boletim_atual_incompleto,BOM-SYN-0190-M2,responsavel,40,responsavel_familiar,identificacao,rg_cpf_responsavel,lista_detalhada_nao_publicada,a_validar,BOM-DOC-000950,ok,periodo_a_validar,nao_se_aplica,nao_se_aplica,0.97,nenhuma,sim,hipotese
bom_aluno_bh,selecao_2026,BOM-SYN-0191,renda_declarada_divergente,BOM-SYN-0191-M1,candidato,12,estudante,inscricao,ficha_inscricao,todo_candidato,obrigatorio,BOM-DOC-000951,ok,2026,nao_se_aplica,nao_se_aplica,0.97,nenhuma,nao,confirmado
bom_aluno_bh,selecao_2026,BOM-SYN-0191,renda_declarada_divergente,BOM-SYN-0191-M1,candidato,12,estudante,escolar,boletim_ano_anterior,todo_candidato,obrigatorio,BOM-DOC-000952,ok,2025,nao_se_aplica,nao_se_aplica,0.97,nenhuma,nao,confirmado
bom_aluno_bh,selecao_2026,BOM-SYN-0191,renda_declarada_divergente,BOM-SYN-0191-M1,candidato,12,estudante,escolar,boletim_ano_atual,todo_candidato,obrigatorio,BOM-DOC-000953,ok,2026_bimestres_disponiveis,nao_se_aplica,nao_se_aplica,0.97,nenhuma,nao,confirmado
bom_aluno_bh,selecao_2026,BOM-SYN-0191,renda_declarada_divergente,BOM-SYN-0191-M2,responsavel,41,responsavel_familiar,cadastro_social,folha_resumo_cadunico,familia_inscrita_no_cadunico,preferencial,BOM-DOC-000954,ok,atual,nao_se_aplica,nao_se_aplica,0.97,nenhuma,sim,parcial
bom_aluno_bh,selecao_2026,BOM-SYN-0191,renda_declarada_divergente,BOM-SYN-0191-M2,responsavel,41,responsavel_familiar,renda,comprovante_renda_familiar,criterio_de_renda_publicado_documento_nao_enumerado,a_validar,BOM-DOC-000955,divergente,periodo_a_validar,2417.00,3067.00,0.93,comparar_declaracao_e_documento,sim,hipotese
bom_aluno_bh,selecao_2026,BOM-SYN-0192,cadunico_desatualizado,BOM-SYN-0192-M1,candidato,11,estudante,inscricao,ficha_inscricao,todo_candidato,obrigatorio,BOM-DOC-000956,ok,2026,nao_se_aplica,nao_se_aplica,0.97,nenhuma,nao,confirmado
bom_aluno_bh,selecao_2026,BOM-SYN-0192,cadunico_desatualizado,BOM-SYN-0192-M1,candidato,11,estudante,escolar,boletim_ano_anterior,todo_candidato,obrigatorio,BOM-DOC-000957,ok,2025,nao_se_aplica,nao_se_aplica,0.97,nenhuma,nao,confirmado
bom_aluno_bh,selecao_2026,BOM-SYN-0192,cadunico_desatualizado,BOM-SYN-0192-M1,candidato,11,estudante,escolar,boletim_ano_atual,todo_candidato,obrigatorio,BOM-DOC-000958,ok,2026_bimestres_disponiveis,nao_se_aplica,nao_se_aplica,0.97,nenhuma,nao,confirmado
bom_aluno_bh,selecao_2026,BOM-SYN-0192,cadunico_desatualizado,BOM-SYN-0192-M2,responsavel,42,responsavel_familiar,cadastro_social,folha_resumo_cadunico,familia_inscrita_no_cadunico,preferencial,BOM-DOC-000959,desatualizado,atual,nao_se_aplica,nao_se_aplica,0.95,solicitar_documento_atualizado,sim,parcial
bom_aluno_bh,selecao_2026,BOM-SYN-0192,cadunico_desatualizado,BOM-SYN-0192-M2,responsavel,42,responsavel_familiar,renda,comprovante_renda_familiar,criterio_de_renda_publicado_documento_nao_enumerado,a_validar,BOM-DOC-000960,ok,periodo_a_validar,2554.00,2554.00,0.97,nenhuma,sim,hipotese
bom_aluno_bh,selecao_2026,BOM-SYN-0193,inscricao_inicial_completa,BOM-SYN-0193-M1,candidato,12,estudante,inscricao,ficha_inscricao,todo_candidato,obrigatorio,BOM-DOC-000961,ok,2026,nao_se_aplica,nao_se_aplica,0.97,nenhuma,nao,confirmado
bom_aluno_bh,selecao_2026,BOM-SYN-0193,inscricao_inicial_completa,BOM-SYN-0193-M1,candidato,12,estudante,escolar,boletim_ano_anterior,todo_candidato,obrigatorio,BOM-DOC-000962,ok,2025,nao_se_aplica,nao_se_aplica,0.97,nenhuma,nao,confirmado
bom_aluno_bh,selecao_2026,BOM-SYN-0193,inscricao_inicial_completa,BOM-SYN-0193-M1,candidato,12,estudante,escolar,boletim_ano_atual,todo_candidato,obrigatorio,BOM-DOC-000963,ok,2026_bimestres_disponiveis,nao_se_aplica,nao_se_aplica,0.97,nenhuma,nao,confirmado
bom_aluno_bh,selecao_2026,BOM-SYN-0193,inscricao_inicial_completa,BOM-SYN-0193-M2,responsavel,43,responsavel_familiar,cadastro_social,folha_resumo_cadunico,familia_inscrita_no_cadunico,preferencial,BOM-DOC-000964,ok,atual,nao_se_aplica,nao_se_aplica,0.97,nenhuma,sim,parcial
bom_aluno_bh,selecao_2026,BOM-SYN-0193,inscricao_inicial_completa,BOM-SYN-0193-M1,candidato,12,estudante,identificacao,certidao_ou_rg_candidato,lista_detalhada_nao_publicada,a_validar,BOM-DOC-000965,ok,periodo_a_validar,nao_se_aplica,nao_se_aplica,0.97,nenhuma,sim,hipotese
bom_aluno_bh,selecao_2026,BOM-SYN-0194,boletim_atual_faltante,BOM-SYN-0194-M1,candidato,11,estudante,inscricao,ficha_inscricao,todo_candidato,obrigatorio,BOM-DOC-000966,ok,2026,nao_se_aplica,nao_se_aplica,0.97,nenhuma,nao,confirmado
bom_aluno_bh,selecao_2026,BOM-SYN-0194,boletim_atual_faltante,BOM-SYN-0194-M1,candidato,11,estudante,escolar,boletim_ano_anterior,todo_candidato,obrigatorio,BOM-DOC-000967,ok,2025,nao_se_aplica,nao_se_aplica,0.97,nenhuma,nao,confirmado
bom_aluno_bh,selecao_2026,BOM-SYN-0194,boletim_atual_faltante,BOM-SYN-0194-M1,candidato,11,estudante,escolar,boletim_ano_atual,todo_candidato,obrigatorio,ausente,faltante,2026_bimestres_disponiveis,nao_se_aplica,nao_se_aplica,0.00,solicitar_documento_faltante,sim,confirmado
bom_aluno_bh,selecao_2026,BOM-SYN-0194,boletim_atual_faltante,BOM-SYN-0194-M2,responsavel,44,responsavel_familiar,cadastro_social,folha_resumo_cadunico,familia_inscrita_no_cadunico,preferencial,BOM-DOC-000969,ok,atual,nao_se_aplica,nao_se_aplica,0.97,nenhuma,sim,parcial
bom_aluno_bh,selecao_2026,BOM-SYN-0194,boletim_atual_faltante,BOM-SYN-0194-M2,responsavel,44,responsavel_familiar,identificacao,rg_cpf_responsavel,lista_detalhada_nao_publicada,a_validar,BOM-DOC-000970,ok,periodo_a_validar,nao_se_aplica,nao_se_aplica,0.97,nenhuma,sim,hipotese
bom_aluno_bh,selecao_2026,BOM-SYN-0195,boletim_anterior_ilegivel,BOM-SYN-0195-M1,candidato,12,estudante,inscricao,ficha_inscricao,todo_candidato,obrigatorio,BOM-DOC-000971,ok,2026,nao_se_aplica,nao_se_aplica,0.97,nenhuma,nao,confirmado
bom_aluno_bh,selecao_2026,BOM-SYN-0195,boletim_anterior_ilegivel,BOM-SYN-0195-M1,candidato,12,estudante,escolar,boletim_ano_anterior,todo_candidato,obrigatorio,BOM-DOC-000972,ilegivel,2025,nao_se_aplica,nao_se_aplica,0.28,solicitar_arquivo_legivel,sim,confirmado
bom_aluno_bh,selecao_2026,BOM-SYN-0195,boletim_anterior_ilegivel,BOM-SYN-0195-M1,candidato,12,estudante,escolar,boletim_ano_atual,todo_candidato,obrigatorio,BOM-DOC-000973,ok,2026_bimestres_disponiveis,nao_se_aplica,nao_se_aplica,0.97,nenhuma,nao,confirmado
bom_aluno_bh,selecao_2026,BOM-SYN-0195,boletim_anterior_ilegivel,BOM-SYN-0195-M2,responsavel,45,responsavel_familiar,cadastro_social,folha_resumo_cadunico,familia_inscrita_no_cadunico,preferencial,BOM-DOC-000974,ok,atual,nao_se_aplica,nao_se_aplica,0.97,nenhuma,sim,parcial
bom_aluno_bh,selecao_2026,BOM-SYN-0195,boletim_anterior_ilegivel,BOM-SYN-0195-M2,responsavel,45,responsavel_familiar,residencia,comprovante_endereco,lista_detalhada_nao_publicada,a_validar,BOM-DOC-000975,ok,periodo_a_validar,nao_se_aplica,nao_se_aplica,0.97,nenhuma,sim,hipotese
bom_aluno_bh,selecao_2026,BOM-SYN-0196,boletim_atual_incompleto,BOM-SYN-0196-M1,candidato,11,estudante,inscricao,ficha_inscricao,todo_candidato,obrigatorio,BOM-DOC-000976,ok,2026,nao_se_aplica,nao_se_aplica,0.97,nenhuma,nao,confirmado
bom_aluno_bh,selecao_2026,BOM-SYN-0196,boletim_atual_incompleto,BOM-SYN-0196-M1,candidato,11,estudante,escolar,boletim_ano_anterior,todo_candidato,obrigatorio,BOM-DOC-000977,ok,2025,nao_se_aplica,nao_se_aplica,0.97,nenhuma,nao,confirmado
bom_aluno_bh,selecao_2026,BOM-SYN-0196,boletim_atual_incompleto,BOM-SYN-0196-M1,candidato,11,estudante,escolar,boletim_ano_atual,todo_candidato,obrigatorio,BOM-DOC-000978,periodo_incompleto,2026_bimestres_disponiveis,nao_se_aplica,nao_se_aplica,0.89,solicitar_competencias_ausentes,sim,confirmado
bom_aluno_bh,selecao_2026,BOM-SYN-0196,boletim_atual_incompleto,BOM-SYN-0196-M2,responsavel,46,responsavel_familiar,cadastro_social,folha_resumo_cadunico,familia_inscrita_no_cadunico,preferencial,BOM-DOC-000979,ok,atual,nao_se_aplica,nao_se_aplica,0.97,nenhuma,sim,parcial
bom_aluno_bh,selecao_2026,BOM-SYN-0196,boletim_atual_incompleto,BOM-SYN-0196-M2,responsavel,46,responsavel_familiar,renda,comprovante_renda_familiar,criterio_de_renda_publicado_documento_nao_enumerado,a_validar,BOM-DOC-000980,ok,periodo_a_validar,3102.00,3102.00,0.97,nenhuma,sim,hipotese
bom_aluno_bh,selecao_2026,BOM-SYN-0197,renda_declarada_divergente,BOM-SYN-0197-M1,candidato,12,estudante,inscricao,ficha_inscricao,todo_candidato,obrigatorio,BOM-DOC-000981,ok,2026,nao_se_aplica,nao_se_aplica,0.97,nenhuma,nao,confirmado
bom_aluno_bh,selecao_2026,BOM-SYN-0197,renda_declarada_divergente,BOM-SYN-0197-M1,candidato,12,estudante,escolar,boletim_ano_anterior,todo_candidato,obrigatorio,BOM-DOC-000982,ok,2025,nao_se_aplica,nao_se_aplica,0.97,nenhuma,nao,confirmado
bom_aluno_bh,selecao_2026,BOM-SYN-0197,renda_declarada_divergente,BOM-SYN-0197-M1,candidato,12,estudante,escolar,boletim_ano_atual,todo_candidato,obrigatorio,BOM-DOC-000983,ok,2026_bimestres_disponiveis,nao_se_aplica,nao_se_aplica,0.97,nenhuma,nao,confirmado
bom_aluno_bh,selecao_2026,BOM-SYN-0197,renda_declarada_divergente,BOM-SYN-0197-M2,responsavel,47,responsavel_familiar,cadastro_social,folha_resumo_cadunico,familia_inscrita_no_cadunico,preferencial,BOM-DOC-000984,ok,atual,nao_se_aplica,nao_se_aplica,0.97,nenhuma,sim,parcial
bom_aluno_bh,selecao_2026,BOM-SYN-0197,renda_declarada_divergente,BOM-SYN-0197-M2,responsavel,47,responsavel_familiar,renda,comprovante_renda_familiar,criterio_de_renda_publicado_documento_nao_enumerado,a_validar,BOM-DOC-000985,divergente,periodo_a_validar,3239.00,3889.00,0.93,comparar_declaracao_e_documento,sim,hipotese
bom_aluno_bh,selecao_2026,BOM-SYN-0198,cadunico_desatualizado,BOM-SYN-0198-M1,candidato,11,estudante,inscricao,ficha_inscricao,todo_candidato,obrigatorio,BOM-DOC-000986,ok,2026,nao_se_aplica,nao_se_aplica,0.97,nenhuma,nao,confirmado
bom_aluno_bh,selecao_2026,BOM-SYN-0198,cadunico_desatualizado,BOM-SYN-0198-M1,candidato,11,estudante,escolar,boletim_ano_anterior,todo_candidato,obrigatorio,BOM-DOC-000987,ok,2025,nao_se_aplica,nao_se_aplica,0.97,nenhuma,nao,confirmado
bom_aluno_bh,selecao_2026,BOM-SYN-0198,cadunico_desatualizado,BOM-SYN-0198-M1,candidato,11,estudante,escolar,boletim_ano_atual,todo_candidato,obrigatorio,BOM-DOC-000988,ok,2026_bimestres_disponiveis,nao_se_aplica,nao_se_aplica,0.97,nenhuma,nao,confirmado
bom_aluno_bh,selecao_2026,BOM-SYN-0198,cadunico_desatualizado,BOM-SYN-0198-M2,responsavel,48,responsavel_familiar,cadastro_social,folha_resumo_cadunico,familia_inscrita_no_cadunico,preferencial,BOM-DOC-000989,desatualizado,atual,nao_se_aplica,nao_se_aplica,0.95,solicitar_documento_atualizado,sim,parcial
bom_aluno_bh,selecao_2026,BOM-SYN-0198,cadunico_desatualizado,BOM-SYN-0198-M2,responsavel,48,responsavel_familiar,identificacao,rg_cpf_responsavel,lista_detalhada_nao_publicada,a_validar,BOM-DOC-000990,ok,periodo_a_validar,nao_se_aplica,nao_se_aplica,0.97,nenhuma,sim,hipotese
bom_aluno_bh,selecao_2026,BOM-SYN-0199,inscricao_inicial_completa,BOM-SYN-0199-M1,candidato,12,estudante,inscricao,ficha_inscricao,todo_candidato,obrigatorio,BOM-DOC-000991,ok,2026,nao_se_aplica,nao_se_aplica,0.97,nenhuma,nao,confirmado
bom_aluno_bh,selecao_2026,BOM-SYN-0199,inscricao_inicial_completa,BOM-SYN-0199-M1,candidato,12,estudante,escolar,boletim_ano_anterior,todo_candidato,obrigatorio,BOM-DOC-000992,ok,2025,nao_se_aplica,nao_se_aplica,0.97,nenhuma,nao,confirmado
bom_aluno_bh,selecao_2026,BOM-SYN-0199,inscricao_inicial_completa,BOM-SYN-0199-M1,candidato,12,estudante,escolar,boletim_ano_atual,todo_candidato,obrigatorio,BOM-DOC-000993,ok,2026_bimestres_disponiveis,nao_se_aplica,nao_se_aplica,0.97,nenhuma,nao,confirmado
bom_aluno_bh,selecao_2026,BOM-SYN-0199,inscricao_inicial_completa,BOM-SYN-0199-M2,responsavel,49,responsavel_familiar,cadastro_social,folha_resumo_cadunico,familia_inscrita_no_cadunico,preferencial,BOM-DOC-000994,ok,atual,nao_se_aplica,nao_se_aplica,0.97,nenhuma,sim,parcial
bom_aluno_bh,selecao_2026,BOM-SYN-0199,inscricao_inicial_completa,BOM-SYN-0199-M2,responsavel,49,responsavel_familiar,residencia,comprovante_endereco,lista_detalhada_nao_publicada,a_validar,BOM-DOC-000995,ok,periodo_a_validar,nao_se_aplica,nao_se_aplica,0.97,nenhuma,sim,hipotese
bom_aluno_bh,selecao_2026,BOM-SYN-0200,boletim_atual_faltante,BOM-SYN-0200-M1,candidato,11,estudante,inscricao,ficha_inscricao,todo_candidato,obrigatorio,BOM-DOC-000996,ok,2026,nao_se_aplica,nao_se_aplica,0.97,nenhuma,nao,confirmado
bom_aluno_bh,selecao_2026,BOM-SYN-0200,boletim_atual_faltante,BOM-SYN-0200-M1,candidato,11,estudante,escolar,boletim_ano_anterior,todo_candidato,obrigatorio,BOM-DOC-000997,ok,2025,nao_se_aplica,nao_se_aplica,0.97,nenhuma,nao,confirmado
bom_aluno_bh,selecao_2026,BOM-SYN-0200,boletim_atual_faltante,BOM-SYN-0200-M1,candidato,11,estudante,escolar,boletim_ano_atual,todo_candidato,obrigatorio,ausente,faltante,2026_bimestres_disponiveis,nao_se_aplica,nao_se_aplica,0.00,solicitar_documento_faltante,sim,confirmado
bom_aluno_bh,selecao_2026,BOM-SYN-0200,boletim_atual_faltante,BOM-SYN-0200-M2,responsavel,50,responsavel_familiar,cadastro_social,folha_resumo_cadunico,familia_inscrita_no_cadunico,preferencial,BOM-DOC-000999,ok,atual,nao_se_aplica,nao_se_aplica,0.97,nenhuma,sim,parcial
bom_aluno_bh,selecao_2026,BOM-SYN-0200,boletim_atual_faltante,BOM-SYN-0200-M2,responsavel,50,responsavel_familiar,renda,comprovante_renda_familiar,criterio_de_renda_publicado_documento_nao_enumerado,a_validar,BOM-DOC-001000,ok,periodo_a_validar,3650.00,3650.00,0.97,nenhuma,sim,hipotese
