instituicao,edicao,candidatura_id,cenario_teste,membro_id,relacao,idade,ocupacao,categoria_documental,tipo_documento,regra_aplicabilidade,obrigatoriedade,arquivo_id,status_documento,competencia,valor_declarado,valor_extraido,confianca_extracao,pendencia_esperada,revisao_humana_esperada,nivel_confirmacao_fonte
inteli,graduacao_2026,INT-SYN-0001,dossie_completo,INT-SYN-0001-M1,candidato,18,sem_renda,identificacao,rg_ou_cnh_candidato,todo_candidato,obrigatorio,INT-DOC-000001,ok,atual,nao_se_aplica,nao_se_aplica,0.97,nenhuma,nao,confirmado
inteli,graduacao_2026,INT-SYN-0001,dossie_completo,INT-SYN-0001-M2,responsavel,35,assalariado,identificacao,rg_cpf_adulto,todo_adulto,obrigatorio,INT-DOC-000002,ok,atual,nao_se_aplica,nao_se_aplica,0.97,nenhuma,nao,confirmado
inteli,graduacao_2026,INT-SYN-0001,dossie_completo,INT-SYN-0001-M2,responsavel,35,assalariado,residencia,comprovante_residencia_ultimo_mes,todo_grupo_familiar,obrigatorio,INT-DOC-000003,ok,2025-09,nao_se_aplica,nao_se_aplica,0.97,nenhuma,nao,confirmado
inteli,graduacao_2026,INT-SYN-0001,dossie_completo,INT-SYN-0001-M2,responsavel,35,assalariado,moradia,irpf_ou_iptu,moradia_propria,condicional,INT-DOC-000004,ok,2025-09,1200.00,1200.00,0.97,nenhuma,nao,confirmado
inteli,graduacao_2026,INT-SYN-0001,dossie_completo,INT-SYN-0001-M2,responsavel,35,assalariado,trabalho,ctps,todo_adulto,obrigatorio,INT-DOC-000005,ok,atual,nao_se_aplica,nao_se_aplica,0.97,nenhuma,nao,confirmado
inteli,graduacao_2026,INT-SYN-0001,dossie_completo,INT-SYN-0001-M2,responsavel,35,assalariado,trabalho,cnis_completo,todo_adulto,obrigatorio,INT-DOC-000006,ok,atual,nao_se_aplica,nao_se_aplica,0.97,nenhuma,nao,confirmado
inteli,graduacao_2026,INT-SYN-0001,dossie_completo,INT-SYN-0001-M2,responsavel,35,assalariado,tributario,irpf_com_recibo_ou_nada_consta,todo_adulto,obrigatorio,INT-DOC-000007,ok,exercicio_2025_ano_base_2024,nao_se_aplica,nao_se_aplica,0.97,nenhuma,nao,confirmado
inteli,graduacao_2026,INT-SYN-0001,dossie_completo,INT-SYN-0001-M2,responsavel,35,assalariado,financeiro,extratos_todas_contas,todo_adulto,obrigatorio,INT-DOC-000008,ok,2025-07|2025-08|2025-09,1587.00,1587.00,0.97,nenhuma,nao,confirmado
inteli,graduacao_2026,INT-SYN-0001,dossie_completo,INT-SYN-0001-M2,responsavel,35,assalariado,renda,holerites_3_meses,renda_assalariado,condicional,INT-DOC-000009,ok,2025-07|2025-08|2025-09,1587.00,1587.00,0.97,nenhuma,nao,confirmado
inteli,graduacao_2026,INT-SYN-0001,dossie_completo,INT-SYN-0001-M2,responsavel,35,assalariado,patrimonio,crlv_ou_renavam,grupo_possui_veiculo,condicional,INT-DOC-000010,ok,media_2025-07_a_2025-09,nao_se_aplica,nao_se_aplica,0.97,nenhuma,nao,confirmado
inteli,graduacao_2026,INT-SYN-0002,documento_faltante,INT-SYN-0002-M1,candidato,19,sem_renda,identificacao,rg_ou_cnh_candidato,todo_candidato,obrigatorio,INT-DOC-000011,ok,atual,nao_se_aplica,nao_se_aplica,0.97,nenhuma,nao,confirmado
inteli,graduacao_2026,INT-SYN-0002,documento_faltante,INT-SYN-0002-M2,responsavel,36,trabalhador_informal,identificacao,rg_cpf_adulto,todo_adulto,obrigatorio,INT-DOC-000012,ok,atual,nao_se_aplica,nao_se_aplica,0.97,nenhuma,nao,confirmado
inteli,graduacao_2026,INT-SYN-0002,documento_faltante,INT-SYN-0002-M2,responsavel,36,trabalhador_informal,residencia,comprovante_residencia_ultimo_mes,todo_grupo_familiar,obrigatorio,INT-DOC-000013,ok,2025-09,nao_se_aplica,nao_se_aplica,0.97,nenhuma,nao,confirmado
inteli,graduacao_2026,INT-SYN-0002,documento_faltante,INT-SYN-0002-M2,responsavel,36,trabalhador_informal,moradia,comprovante_aluguel_ultimo_mes,moradia_alugada,condicional,INT-DOC-000014,ok,2025-09,1200.00,1200.00,0.97,nenhuma,nao,confirmado
inteli,graduacao_2026,INT-SYN-0002,documento_faltante,INT-SYN-0002-M2,responsavel,36,trabalhador_informal,trabalho,ctps,todo_adulto,obrigatorio,INT-DOC-000015,ok,atual,nao_se_aplica,nao_se_aplica,0.97,nenhuma,nao,confirmado
inteli,graduacao_2026,INT-SYN-0002,documento_faltante,INT-SYN-0002-M2,responsavel,36,trabalhador_informal,trabalho,cnis_completo,todo_adulto,obrigatorio,INT-DOC-000016,ok,atual,nao_se_aplica,nao_se_aplica,0.97,nenhuma,nao,confirmado
inteli,graduacao_2026,INT-SYN-0002,documento_faltante,INT-SYN-0002-M2,responsavel,36,trabalhador_informal,tributario,irpf_com_recibo_ou_nada_consta,todo_adulto,obrigatorio,INT-DOC-000017,ok,exercicio_2025_ano_base_2024,nao_se_aplica,nao_se_aplica,0.97,nenhuma,nao,confirmado
inteli,graduacao_2026,INT-SYN-0002,documento_faltante,INT-SYN-0002-M2,responsavel,36,trabalhador_informal,financeiro,extratos_todas_contas,todo_adulto,obrigatorio,INT-DOC-000018,ok,2025-07|2025-08|2025-09,1724.00,1724.00,0.97,nenhuma,nao,confirmado
inteli,graduacao_2026,INT-SYN-0002,documento_faltante,INT-SYN-0002-M2,responsavel,36,trabalhador_informal,renda,declaracao_trabalho_informal,renda_trabalhador_informal,condicional,ausente,faltante,2025-07|2025-08|2025-09,1724.00,nao_extraido,0.00,solicitar_documento_faltante,sim,confirmado
inteli,graduacao_2026,INT-SYN-0002,documento_faltante,INT-SYN-0002-M2,responsavel,36,trabalhador_informal,renda,comprovante_ou_declaracao_pensao,recebe_pensao,condicional,INT-DOC-000020,ok,media_2025-07_a_2025-09,420.00,420.00,0.97,nenhuma,nao,confirmado
inteli,graduacao_2026,INT-SYN-0003,arquivo_ilegivel,INT-SYN-0003-M1,candidato,20,sem_renda,identificacao,rg_ou_cnh_candidato,todo_candidato,obrigatorio,INT-DOC-000021,ok,atual,nao_se_aplica,nao_se_aplica,0.97,nenhuma,nao,confirmado
inteli,graduacao_2026,INT-SYN-0003,arquivo_ilegivel,INT-SYN-0003-M2,responsavel,37,mei,identificacao,rg_cpf_adulto,todo_adulto,obrigatorio,INT-DOC-000022,ok,atual,nao_se_aplica,nao_se_aplica,0.97,nenhuma,nao,confirmado
inteli,graduacao_2026,INT-SYN-0003,arquivo_ilegivel,INT-SYN-0003-M2,responsavel,37,mei,residencia,comprovante_residencia_ultimo_mes,todo_grupo_familiar,obrigatorio,INT-DOC-000023,ok,2025-09,nao_se_aplica,nao_se_aplica,0.97,nenhuma,nao,confirmado
inteli,graduacao_2026,INT-SYN-0003,arquivo_ilegivel,INT-SYN-0003-M2,responsavel,37,mei,moradia,comprovante_financiamento_ultimo_mes,moradia_financiada,condicional,INT-DOC-000024,ok,2025-09,1200.00,1200.00,0.97,nenhuma,nao,confirmado
inteli,graduacao_2026,INT-SYN-0003,arquivo_ilegivel,INT-SYN-0003-M2,responsavel,37,mei,trabalho,ctps,todo_adulto,obrigatorio,INT-DOC-000025,ok,atual,nao_se_aplica,nao_se_aplica,0.97,nenhuma,nao,confirmado
inteli,graduacao_2026,INT-SYN-0003,arquivo_ilegivel,INT-SYN-0003-M2,responsavel,37,mei,trabalho,cnis_completo,todo_adulto,obrigatorio,INT-DOC-000026,ok,atual,nao_se_aplica,nao_se_aplica,0.97,nenhuma,nao,confirmado
inteli,graduacao_2026,INT-SYN-0003,arquivo_ilegivel,INT-SYN-0003-M2,responsavel,37,mei,tributario,irpf_com_recibo_ou_nada_consta,todo_adulto,obrigatorio,INT-DOC-000027,ok,exercicio_2025_ano_base_2024,nao_se_aplica,nao_se_aplica,0.97,nenhuma,nao,confirmado
inteli,graduacao_2026,INT-SYN-0003,arquivo_ilegivel,INT-SYN-0003-M2,responsavel,37,mei,financeiro,extratos_todas_contas,todo_adulto,obrigatorio,INT-DOC-000028,ilegivel,2025-07|2025-08|2025-09,1861.00,nao_extraido,0.28,solicitar_arquivo_legivel,sim,confirmado
inteli,graduacao_2026,INT-SYN-0003,arquivo_ilegivel,INT-SYN-0003-M2,responsavel,37,mei,renda,comprovante_mei_e_dasn_simei,renda_mei,condicional,INT-DOC-000029,ok,2025-07|2025-08|2025-09,1861.00,1861.00,0.97,nenhuma,nao,confirmado
inteli,graduacao_2026,INT-SYN-0003,arquivo_ilegivel,INT-SYN-0003-M2,responsavel,37,mei,gastos,comprovantes_saude,gasto_de_saude_declarado,condicional,INT-DOC-000030,ok,media_2025-07_a_2025-09,560.00,560.00,0.97,nenhuma,nao,confirmado
inteli,graduacao_2026,INT-SYN-0004,periodo_incompleto,INT-SYN-0004-M1,candidato,21,sem_renda,identificacao,rg_ou_cnh_candidato,todo_candidato,obrigatorio,INT-DOC-000031,ok,atual,nao_se_aplica,nao_se_aplica,0.97,nenhuma,nao,confirmado
inteli,graduacao_2026,INT-SYN-0004,periodo_incompleto,INT-SYN-0004-M2,responsavel,38,aposentado,identificacao,rg_cpf_adulto,todo_adulto,obrigatorio,INT-DOC-000032,ok,atual,nao_se_aplica,nao_se_aplica,0.97,nenhuma,nao,confirmado
inteli,graduacao_2026,INT-SYN-0004,periodo_incompleto,INT-SYN-0004-M2,responsavel,38,aposentado,residencia,comprovante_residencia_ultimo_mes,todo_grupo_familiar,obrigatorio,INT-DOC-000033,ok,2025-09,nao_se_aplica,nao_se_aplica,0.97,nenhuma,nao,confirmado
inteli,graduacao_2026,INT-SYN-0004,periodo_incompleto,INT-SYN-0004-M2,responsavel,38,aposentado,moradia,declaracao_cessao_imovel,moradia_cedida,condicional,INT-DOC-000034,ok,2025-09,1200.00,1200.00,0.97,nenhuma,nao,confirmado
inteli,graduacao_2026,INT-SYN-0004,periodo_incompleto,INT-SYN-0004-M2,responsavel,38,aposentado,trabalho,ctps,todo_adulto,obrigatorio,INT-DOC-000035,ok,atual,nao_se_aplica,nao_se_aplica,0.97,nenhuma,nao,confirmado
inteli,graduacao_2026,INT-SYN-0004,periodo_incompleto,INT-SYN-0004-M2,responsavel,38,aposentado,trabalho,cnis_completo,todo_adulto,obrigatorio,INT-DOC-000036,ok,atual,nao_se_aplica,nao_se_aplica,0.97,nenhuma,nao,confirmado
inteli,graduacao_2026,INT-SYN-0004,periodo_incompleto,INT-SYN-0004-M2,responsavel,38,aposentado,tributario,irpf_com_recibo_ou_nada_consta,todo_adulto,obrigatorio,INT-DOC-000037,ok,exercicio_2025_ano_base_2024,nao_se_aplica,nao_se_aplica,0.97,nenhuma,nao,confirmado
inteli,graduacao_2026,INT-SYN-0004,periodo_incompleto,INT-SYN-0004-M2,responsavel,38,aposentado,financeiro,extratos_todas_contas,todo_adulto,obrigatorio,INT-DOC-000038,periodo_incompleto,2025-07|2025-08|2025-09,1998.00,1998.00,0.89,solicitar_competencias_ausentes,sim,confirmado
inteli,graduacao_2026,INT-SYN-0004,periodo_incompleto,INT-SYN-0004-M2,responsavel,38,aposentado,renda,extrato_beneficio_3_meses,renda_aposentado,condicional,INT-DOC-000039,ok,2025-07|2025-08|2025-09,1998.00,1998.00,0.97,nenhuma,nao,confirmado
inteli,graduacao_2026,INT-SYN-0004,periodo_incompleto,INT-SYN-0004-M2,responsavel,38,aposentado,gastos,comprovantes_educacao,gasto_de_educacao_declarado,condicional,INT-DOC-000040,ok,media_2025-07_a_2025-09,250.00,250.00,0.97,nenhuma,nao,confirmado
inteli,graduacao_2026,INT-SYN-0005,valor_divergente,INT-SYN-0005-M1,candidato,22,sem_renda,identificacao,rg_ou_cnh_candidato,todo_candidato,obrigatorio,INT-DOC-000041,ok,atual,nao_se_aplica,nao_se_aplica,0.97,nenhuma,nao,confirmado
inteli,graduacao_2026,INT-SYN-0005,valor_divergente,INT-SYN-0005-M2,responsavel,39,desempregado,identificacao,rg_cpf_adulto,todo_adulto,obrigatorio,INT-DOC-000042,ok,atual,nao_se_aplica,nao_se_aplica,0.97,nenhuma,nao,confirmado
inteli,graduacao_2026,INT-SYN-0005,valor_divergente,INT-SYN-0005-M2,responsavel,39,desempregado,residencia,comprovante_residencia_ultimo_mes,todo_grupo_familiar,obrigatorio,INT-DOC-000043,ok,2025-09,nao_se_aplica,nao_se_aplica,0.97,nenhuma,nao,confirmado
inteli,graduacao_2026,INT-SYN-0005,valor_divergente,INT-SYN-0005-M2,responsavel,39,desempregado,moradia,irpf_ou_iptu,moradia_propria,condicional,INT-DOC-000044,ok,2025-09,1200.00,1200.00,0.97,nenhuma,nao,confirmado
inteli,graduacao_2026,INT-SYN-0005,valor_divergente,INT-SYN-0005-M2,responsavel,39,desempregado,trabalho,ctps,todo_adulto,obrigatorio,INT-DOC-000045,ok,atual,nao_se_aplica,nao_se_aplica,0.97,nenhuma,nao,confirmado
inteli,graduacao_2026,INT-SYN-0005,valor_divergente,INT-SYN-0005-M2,responsavel,39,desempregado,trabalho,cnis_completo,todo_adulto,obrigatorio,INT-DOC-000046,ok,atual,nao_se_aplica,nao_se_aplica,0.97,nenhuma,nao,confirmado
inteli,graduacao_2026,INT-SYN-0005,valor_divergente,INT-SYN-0005-M2,responsavel,39,desempregado,tributario,irpf_com_recibo_ou_nada_consta,todo_adulto,obrigatorio,INT-DOC-000047,ok,exercicio_2025_ano_base_2024,nao_se_aplica,nao_se_aplica,0.97,nenhuma,nao,confirmado
inteli,graduacao_2026,INT-SYN-0005,valor_divergente,INT-SYN-0005-M2,responsavel,39,desempregado,financeiro,extratos_todas_contas,todo_adulto,obrigatorio,INT-DOC-000048,divergente,2025-07|2025-08|2025-09,2135.00,2785.00,0.93,comparar_declaracao_e_documento,sim,confirmado
inteli,graduacao_2026,INT-SYN-0005,valor_divergente,INT-SYN-0005-M2,responsavel,39,desempregado,renda,rescisao_fgts_ou_declaracao_inatividade,renda_desempregado,condicional,INT-DOC-000049,ok,2025-07|2025-08|2025-09,2135.00,2135.00,0.97,nenhuma,nao,confirmado
inteli,graduacao_2026,INT-SYN-0005,valor_divergente,INT-SYN-0005-M2,responsavel,39,desempregado,patrimonio,crlv_ou_renavam,grupo_possui_veiculo,condicional,INT-DOC-000050,ok,media_2025-07_a_2025-09,nao_se_aplica,nao_se_aplica,0.97,nenhuma,nao,confirmado
inteli,graduacao_2026,INT-SYN-0006,documento_desatualizado,INT-SYN-0006-M1,candidato,23,sem_renda,identificacao,rg_ou_cnh_candidato,todo_candidato,obrigatorio,INT-DOC-000051,ok,atual,nao_se_aplica,nao_se_aplica,0.97,nenhuma,nao,confirmado
inteli,graduacao_2026,INT-SYN-0006,documento_desatualizado,INT-SYN-0006-M2,responsavel,40,autonomo,identificacao,rg_cpf_adulto,todo_adulto,obrigatorio,INT-DOC-000052,ok,atual,nao_se_aplica,nao_se_aplica,0.97,nenhuma,nao,confirmado
inteli,graduacao_2026,INT-SYN-0006,documento_desatualizado,INT-SYN-0006-M2,responsavel,40,autonomo,residencia,comprovante_residencia_ultimo_mes,todo_grupo_familiar,obrigatorio,INT-DOC-000053,desatualizado,2025-09,nao_se_aplica,nao_se_aplica,0.95,solicitar_documento_atualizado,sim,confirmado
inteli,graduacao_2026,INT-SYN-0006,documento_desatualizado,INT-SYN-0006-M2,responsavel,40,autonomo,moradia,comprovante_aluguel_ultimo_mes,moradia_alugada,condicional,INT-DOC-000054,ok,2025-09,1200.00,1200.00,0.97,nenhuma,nao,confirmado
inteli,graduacao_2026,INT-SYN-0006,documento_desatualizado,INT-SYN-0006-M2,responsavel,40,autonomo,trabalho,ctps,todo_adulto,obrigatorio,INT-DOC-000055,ok,atual,nao_se_aplica,nao_se_aplica,0.97,nenhuma,nao,confirmado
inteli,graduacao_2026,INT-SYN-0006,documento_desatualizado,INT-SYN-0006-M2,responsavel,40,autonomo,trabalho,cnis_completo,todo_adulto,obrigatorio,INT-DOC-000056,ok,atual,nao_se_aplica,nao_se_aplica,0.97,nenhuma,nao,confirmado
inteli,graduacao_2026,INT-SYN-0006,documento_desatualizado,INT-SYN-0006-M2,responsavel,40,autonomo,tributario,irpf_com_recibo_ou_nada_consta,todo_adulto,obrigatorio,INT-DOC-000057,ok,exercicio_2025_ano_base_2024,nao_se_aplica,nao_se_aplica,0.97,nenhuma,nao,confirmado
inteli,graduacao_2026,INT-SYN-0006,documento_desatualizado,INT-SYN-0006-M2,responsavel,40,autonomo,financeiro,extratos_todas_contas,todo_adulto,obrigatorio,INT-DOC-000058,ok,2025-07|2025-08|2025-09,2272.00,2272.00,0.97,nenhuma,nao,confirmado
inteli,graduacao_2026,INT-SYN-0006,documento_desatualizado,INT-SYN-0006-M2,responsavel,40,autonomo,renda,dasn_simei_ou_decore,renda_autonomo,condicional,INT-DOC-000059,ok,2025-07|2025-08|2025-09,2272.00,2272.00,0.97,nenhuma,nao,confirmado
inteli,graduacao_2026,INT-SYN-0006,documento_desatualizado,INT-SYN-0006-M2,responsavel,40,autonomo,renda,comprovante_ou_declaracao_pensao,recebe_pensao,condicional,INT-DOC-000060,ok,media_2025-07_a_2025-09,420.00,420.00,0.97,nenhuma,nao,confirmado
inteli,graduacao_2026,INT-SYN-0007,dossie_completo,INT-SYN-0007-M1,candidato,24,sem_renda,identificacao,rg_ou_cnh_candidato,todo_candidato,obrigatorio,INT-DOC-000061,ok,atual,nao_se_aplica,nao_se_aplica,0.97,nenhuma,nao,confirmado
inteli,graduacao_2026,INT-SYN-0007,dossie_completo,INT-SYN-0007-M2,responsavel,41,assalariado,identificacao,rg_cpf_adulto,todo_adulto,obrigatorio,INT-DOC-000062,ok,atual,nao_se_aplica,nao_se_aplica,0.97,nenhuma,nao,confirmado
inteli,graduacao_2026,INT-SYN-0007,dossie_completo,INT-SYN-0007-M2,responsavel,41,assalariado,residencia,comprovante_residencia_ultimo_mes,todo_grupo_familiar,obrigatorio,INT-DOC-000063,ok,2025-09,nao_se_aplica,nao_se_aplica,0.97,nenhuma,nao,confirmado
inteli,graduacao_2026,INT-SYN-0007,dossie_completo,INT-SYN-0007-M2,responsavel,41,assalariado,moradia,comprovante_financiamento_ultimo_mes,moradia_financiada,condicional,INT-DOC-000064,ok,2025-09,1200.00,1200.00,0.97,nenhuma,nao,confirmado
inteli,graduacao_2026,INT-SYN-0007,dossie_completo,INT-SYN-0007-M2,responsavel,41,assalariado,trabalho,ctps,todo_adulto,obrigatorio,INT-DOC-000065,ok,atual,nao_se_aplica,nao_se_aplica,0.97,nenhuma,nao,confirmado
inteli,graduacao_2026,INT-SYN-0007,dossie_completo,INT-SYN-0007-M2,responsavel,41,assalariado,trabalho,cnis_completo,todo_adulto,obrigatorio,INT-DOC-000066,ok,atual,nao_se_aplica,nao_se_aplica,0.97,nenhuma,nao,confirmado
inteli,graduacao_2026,INT-SYN-0007,dossie_completo,INT-SYN-0007-M2,responsavel,41,assalariado,tributario,irpf_com_recibo_ou_nada_consta,todo_adulto,obrigatorio,INT-DOC-000067,ok,exercicio_2025_ano_base_2024,nao_se_aplica,nao_se_aplica,0.97,nenhuma,nao,confirmado
inteli,graduacao_2026,INT-SYN-0007,dossie_completo,INT-SYN-0007-M2,responsavel,41,assalariado,financeiro,extratos_todas_contas,todo_adulto,obrigatorio,INT-DOC-000068,ok,2025-07|2025-08|2025-09,2409.00,2409.00,0.97,nenhuma,nao,confirmado
inteli,graduacao_2026,INT-SYN-0007,dossie_completo,INT-SYN-0007-M2,responsavel,41,assalariado,renda,holerites_3_meses,renda_assalariado,condicional,INT-DOC-000069,ok,2025-07|2025-08|2025-09,2409.00,2409.00,0.97,nenhuma,nao,confirmado
inteli,graduacao_2026,INT-SYN-0007,dossie_completo,INT-SYN-0007-M2,responsavel,41,assalariado,gastos,comprovantes_saude,gasto_de_saude_declarado,condicional,INT-DOC-000070,ok,media_2025-07_a_2025-09,560.00,560.00,0.97,nenhuma,nao,confirmado
inteli,graduacao_2026,INT-SYN-0008,documento_faltante,INT-SYN-0008-M1,candidato,17,sem_renda,identificacao,rg_ou_cnh_candidato,todo_candidato,obrigatorio,INT-DOC-000071,ok,atual,nao_se_aplica,nao_se_aplica,0.97,nenhuma,nao,confirmado
inteli,graduacao_2026,INT-SYN-0008,documento_faltante,INT-SYN-0008-M2,responsavel,42,trabalhador_informal,identificacao,rg_cpf_adulto,todo_adulto,obrigatorio,INT-DOC-000072,ok,atual,nao_se_aplica,nao_se_aplica,0.97,nenhuma,nao,confirmado
inteli,graduacao_2026,INT-SYN-0008,documento_faltante,INT-SYN-0008-M2,responsavel,42,trabalhador_informal,residencia,comprovante_residencia_ultimo_mes,todo_grupo_familiar,obrigatorio,INT-DOC-000073,ok,2025-09,nao_se_aplica,nao_se_aplica,0.97,nenhuma,nao,confirmado
inteli,graduacao_2026,INT-SYN-0008,documento_faltante,INT-SYN-0008-M2,responsavel,42,trabalhador_informal,moradia,declaracao_cessao_imovel,moradia_cedida,condicional,INT-DOC-000074,ok,2025-09,1200.00,1200.00,0.97,nenhuma,nao,confirmado
inteli,graduacao_2026,INT-SYN-0008,documento_faltante,INT-SYN-0008-M2,responsavel,42,trabalhador_informal,trabalho,ctps,todo_adulto,obrigatorio,INT-DOC-000075,ok,atual,nao_se_aplica,nao_se_aplica,0.97,nenhuma,nao,confirmado
inteli,graduacao_2026,INT-SYN-0008,documento_faltante,INT-SYN-0008-M2,responsavel,42,trabalhador_informal,trabalho,cnis_completo,todo_adulto,obrigatorio,INT-DOC-000076,ok,atual,nao_se_aplica,nao_se_aplica,0.97,nenhuma,nao,confirmado
inteli,graduacao_2026,INT-SYN-0008,documento_faltante,INT-SYN-0008-M2,responsavel,42,trabalhador_informal,tributario,irpf_com_recibo_ou_nada_consta,todo_adulto,obrigatorio,INT-DOC-000077,ok,exercicio_2025_ano_base_2024,nao_se_aplica,nao_se_aplica,0.97,nenhuma,nao,confirmado
inteli,graduacao_2026,INT-SYN-0008,documento_faltante,INT-SYN-0008-M2,responsavel,42,trabalhador_informal,financeiro,extratos_todas_contas,todo_adulto,obrigatorio,INT-DOC-000078,ok,2025-07|2025-08|2025-09,2546.00,2546.00,0.97,nenhuma,nao,confirmado
inteli,graduacao_2026,INT-SYN-0008,documento_faltante,INT-SYN-0008-M2,responsavel,42,trabalhador_informal,renda,declaracao_trabalho_informal,renda_trabalhador_informal,condicional,ausente,faltante,2025-07|2025-08|2025-09,2546.00,nao_extraido,0.00,solicitar_documento_faltante,sim,confirmado
inteli,graduacao_2026,INT-SYN-0008,documento_faltante,INT-SYN-0008-M2,responsavel,42,trabalhador_informal,gastos,comprovantes_educacao,gasto_de_educacao_declarado,condicional,INT-DOC-000080,ok,media_2025-07_a_2025-09,250.00,250.00,0.97,nenhuma,nao,confirmado
inteli,graduacao_2026,INT-SYN-0009,arquivo_ilegivel,INT-SYN-0009-M1,candidato,18,sem_renda,identificacao,rg_ou_cnh_candidato,todo_candidato,obrigatorio,INT-DOC-000081,ok,atual,nao_se_aplica,nao_se_aplica,0.97,nenhuma,nao,confirmado
inteli,graduacao_2026,INT-SYN-0009,arquivo_ilegivel,INT-SYN-0009-M2,responsavel,43,mei,identificacao,rg_cpf_adulto,todo_adulto,obrigatorio,INT-DOC-000082,ok,atual,nao_se_aplica,nao_se_aplica,0.97,nenhuma,nao,confirmado
inteli,graduacao_2026,INT-SYN-0009,arquivo_ilegivel,INT-SYN-0009-M2,responsavel,43,mei,residencia,comprovante_residencia_ultimo_mes,todo_grupo_familiar,obrigatorio,INT-DOC-000083,ok,2025-09,nao_se_aplica,nao_se_aplica,0.97,nenhuma,nao,confirmado
inteli,graduacao_2026,INT-SYN-0009,arquivo_ilegivel,INT-SYN-0009-M2,responsavel,43,mei,moradia,irpf_ou_iptu,moradia_propria,condicional,INT-DOC-000084,ok,2025-09,1200.00,1200.00,0.97,nenhuma,nao,confirmado
inteli,graduacao_2026,INT-SYN-0009,arquivo_ilegivel,INT-SYN-0009-M2,responsavel,43,mei,trabalho,ctps,todo_adulto,obrigatorio,INT-DOC-000085,ok,atual,nao_se_aplica,nao_se_aplica,0.97,nenhuma,nao,confirmado
inteli,graduacao_2026,INT-SYN-0009,arquivo_ilegivel,INT-SYN-0009-M2,responsavel,43,mei,trabalho,cnis_completo,todo_adulto,obrigatorio,INT-DOC-000086,ok,atual,nao_se_aplica,nao_se_aplica,0.97,nenhuma,nao,confirmado
inteli,graduacao_2026,INT-SYN-0009,arquivo_ilegivel,INT-SYN-0009-M2,responsavel,43,mei,tributario,irpf_com_recibo_ou_nada_consta,todo_adulto,obrigatorio,INT-DOC-000087,ok,exercicio_2025_ano_base_2024,nao_se_aplica,nao_se_aplica,0.97,nenhuma,nao,confirmado
inteli,graduacao_2026,INT-SYN-0009,arquivo_ilegivel,INT-SYN-0009-M2,responsavel,43,mei,financeiro,extratos_todas_contas,todo_adulto,obrigatorio,INT-DOC-000088,ilegivel,2025-07|2025-08|2025-09,2683.00,nao_extraido,0.28,solicitar_arquivo_legivel,sim,confirmado
inteli,graduacao_2026,INT-SYN-0009,arquivo_ilegivel,INT-SYN-0009-M2,responsavel,43,mei,renda,comprovante_mei_e_dasn_simei,renda_mei,condicional,INT-DOC-000089,ok,2025-07|2025-08|2025-09,2683.00,2683.00,0.97,nenhuma,nao,confirmado
inteli,graduacao_2026,INT-SYN-0009,arquivo_ilegivel,INT-SYN-0009-M2,responsavel,43,mei,patrimonio,crlv_ou_renavam,grupo_possui_veiculo,condicional,INT-DOC-000090,ok,media_2025-07_a_2025-09,nao_se_aplica,nao_se_aplica,0.97,nenhuma,nao,confirmado
inteli,graduacao_2026,INT-SYN-0010,periodo_incompleto,INT-SYN-0010-M1,candidato,19,sem_renda,identificacao,rg_ou_cnh_candidato,todo_candidato,obrigatorio,INT-DOC-000091,ok,atual,nao_se_aplica,nao_se_aplica,0.97,nenhuma,nao,confirmado
inteli,graduacao_2026,INT-SYN-0010,periodo_incompleto,INT-SYN-0010-M2,responsavel,44,aposentado,identificacao,rg_cpf_adulto,todo_adulto,obrigatorio,INT-DOC-000092,ok,atual,nao_se_aplica,nao_se_aplica,0.97,nenhuma,nao,confirmado
inteli,graduacao_2026,INT-SYN-0010,periodo_incompleto,INT-SYN-0010-M2,responsavel,44,aposentado,residencia,comprovante_residencia_ultimo_mes,todo_grupo_familiar,obrigatorio,INT-DOC-000093,ok,2025-09,nao_se_aplica,nao_se_aplica,0.97,nenhuma,nao,confirmado
inteli,graduacao_2026,INT-SYN-0010,periodo_incompleto,INT-SYN-0010-M2,responsavel,44,aposentado,moradia,comprovante_aluguel_ultimo_mes,moradia_alugada,condicional,INT-DOC-000094,ok,2025-09,1200.00,1200.00,0.97,nenhuma,nao,confirmado
inteli,graduacao_2026,INT-SYN-0010,periodo_incompleto,INT-SYN-0010-M2,responsavel,44,aposentado,trabalho,ctps,todo_adulto,obrigatorio,INT-DOC-000095,ok,atual,nao_se_aplica,nao_se_aplica,0.97,nenhuma,nao,confirmado
inteli,graduacao_2026,INT-SYN-0010,periodo_incompleto,INT-SYN-0010-M2,responsavel,44,aposentado,trabalho,cnis_completo,todo_adulto,obrigatorio,INT-DOC-000096,ok,atual,nao_se_aplica,nao_se_aplica,0.97,nenhuma,nao,confirmado
inteli,graduacao_2026,INT-SYN-0010,periodo_incompleto,INT-SYN-0010-M2,responsavel,44,aposentado,tributario,irpf_com_recibo_ou_nada_consta,todo_adulto,obrigatorio,INT-DOC-000097,ok,exercicio_2025_ano_base_2024,nao_se_aplica,nao_se_aplica,0.97,nenhuma,nao,confirmado
inteli,graduacao_2026,INT-SYN-0010,periodo_incompleto,INT-SYN-0010-M2,responsavel,44,aposentado,financeiro,extratos_todas_contas,todo_adulto,obrigatorio,INT-DOC-000098,periodo_incompleto,2025-07|2025-08|2025-09,2820.00,2820.00,0.89,solicitar_competencias_ausentes,sim,confirmado
inteli,graduacao_2026,INT-SYN-0010,periodo_incompleto,INT-SYN-0010-M2,responsavel,44,aposentado,renda,extrato_beneficio_3_meses,renda_aposentado,condicional,INT-DOC-000099,ok,2025-07|2025-08|2025-09,2820.00,2820.00,0.97,nenhuma,nao,confirmado
inteli,graduacao_2026,INT-SYN-0010,periodo_incompleto,INT-SYN-0010-M2,responsavel,44,aposentado,renda,comprovante_ou_declaracao_pensao,recebe_pensao,condicional,INT-DOC-000100,ok,media_2025-07_a_2025-09,420.00,420.00,0.97,nenhuma,nao,confirmado
inteli,graduacao_2026,INT-SYN-0011,valor_divergente,INT-SYN-0011-M1,candidato,20,sem_renda,identificacao,rg_ou_cnh_candidato,todo_candidato,obrigatorio,INT-DOC-000101,ok,atual,nao_se_aplica,nao_se_aplica,0.97,nenhuma,nao,confirmado
inteli,graduacao_2026,INT-SYN-0011,valor_divergente,INT-SYN-0011-M2,responsavel,45,desempregado,identificacao,rg_cpf_adulto,todo_adulto,obrigatorio,INT-DOC-000102,ok,atual,nao_se_aplica,nao_se_aplica,0.97,nenhuma,nao,confirmado
inteli,graduacao_2026,INT-SYN-0011,valor_divergente,INT-SYN-0011-M2,responsavel,45,desempregado,residencia,comprovante_residencia_ultimo_mes,todo_grupo_familiar,obrigatorio,INT-DOC-000103,ok,2025-09,nao_se_aplica,nao_se_aplica,0.97,nenhuma,nao,confirmado
inteli,graduacao_2026,INT-SYN-0011,valor_divergente,INT-SYN-0011-M2,responsavel,45,desempregado,moradia,comprovante_financiamento_ultimo_mes,moradia_financiada,condicional,INT-DOC-000104,ok,2025-09,1200.00,1200.00,0.97,nenhuma,nao,confirmado
inteli,graduacao_2026,INT-SYN-0011,valor_divergente,INT-SYN-0011-M2,responsavel,45,desempregado,trabalho,ctps,todo_adulto,obrigatorio,INT-DOC-000105,ok,atual,nao_se_aplica,nao_se_aplica,0.97,nenhuma,nao,confirmado
inteli,graduacao_2026,INT-SYN-0011,valor_divergente,INT-SYN-0011-M2,responsavel,45,desempregado,trabalho,cnis_completo,todo_adulto,obrigatorio,INT-DOC-000106,ok,atual,nao_se_aplica,nao_se_aplica,0.97,nenhuma,nao,confirmado
inteli,graduacao_2026,INT-SYN-0011,valor_divergente,INT-SYN-0011-M2,responsavel,45,desempregado,tributario,irpf_com_recibo_ou_nada_consta,todo_adulto,obrigatorio,INT-DOC-000107,ok,exercicio_2025_ano_base_2024,nao_se_aplica,nao_se_aplica,0.97,nenhuma,nao,confirmado
inteli,graduacao_2026,INT-SYN-0011,valor_divergente,INT-SYN-0011-M2,responsavel,45,desempregado,financeiro,extratos_todas_contas,todo_adulto,obrigatorio,INT-DOC-000108,divergente,2025-07|2025-08|2025-09,2957.00,3607.00,0.93,comparar_declaracao_e_documento,sim,confirmado
inteli,graduacao_2026,INT-SYN-0011,valor_divergente,INT-SYN-0011-M2,responsavel,45,desempregado,renda,rescisao_fgts_ou_declaracao_inatividade,renda_desempregado,condicional,INT-DOC-000109,ok,2025-07|2025-08|2025-09,2957.00,2957.00,0.97,nenhuma,nao,confirmado
inteli,graduacao_2026,INT-SYN-0011,valor_divergente,INT-SYN-0011-M2,responsavel,45,desempregado,gastos,comprovantes_saude,gasto_de_saude_declarado,condicional,INT-DOC-000110,ok,media_2025-07_a_2025-09,560.00,560.00,0.97,nenhuma,nao,confirmado
inteli,graduacao_2026,INT-SYN-0012,documento_desatualizado,INT-SYN-0012-M1,candidato,21,sem_renda,identificacao,rg_ou_cnh_candidato,todo_candidato,obrigatorio,INT-DOC-000111,ok,atual,nao_se_aplica,nao_se_aplica,0.97,nenhuma,nao,confirmado
inteli,graduacao_2026,INT-SYN-0012,documento_desatualizado,INT-SYN-0012-M2,responsavel,46,autonomo,identificacao,rg_cpf_adulto,todo_adulto,obrigatorio,INT-DOC-000112,ok,atual,nao_se_aplica,nao_se_aplica,0.97,nenhuma,nao,confirmado
inteli,graduacao_2026,INT-SYN-0012,documento_desatualizado,INT-SYN-0012-M2,responsavel,46,autonomo,residencia,comprovante_residencia_ultimo_mes,todo_grupo_familiar,obrigatorio,INT-DOC-000113,desatualizado,2025-09,nao_se_aplica,nao_se_aplica,0.95,solicitar_documento_atualizado,sim,confirmado
inteli,graduacao_2026,INT-SYN-0012,documento_desatualizado,INT-SYN-0012-M2,responsavel,46,autonomo,moradia,declaracao_cessao_imovel,moradia_cedida,condicional,INT-DOC-000114,ok,2025-09,1200.00,1200.00,0.97,nenhuma,nao,confirmado
inteli,graduacao_2026,INT-SYN-0012,documento_desatualizado,INT-SYN-0012-M2,responsavel,46,autonomo,trabalho,ctps,todo_adulto,obrigatorio,INT-DOC-000115,ok,atual,nao_se_aplica,nao_se_aplica,0.97,nenhuma,nao,confirmado
inteli,graduacao_2026,INT-SYN-0012,documento_desatualizado,INT-SYN-0012-M2,responsavel,46,autonomo,trabalho,cnis_completo,todo_adulto,obrigatorio,INT-DOC-000116,ok,atual,nao_se_aplica,nao_se_aplica,0.97,nenhuma,nao,confirmado
inteli,graduacao_2026,INT-SYN-0012,documento_desatualizado,INT-SYN-0012-M2,responsavel,46,autonomo,tributario,irpf_com_recibo_ou_nada_consta,todo_adulto,obrigatorio,INT-DOC-000117,ok,exercicio_2025_ano_base_2024,nao_se_aplica,nao_se_aplica,0.97,nenhuma,nao,confirmado
inteli,graduacao_2026,INT-SYN-0012,documento_desatualizado,INT-SYN-0012-M2,responsavel,46,autonomo,financeiro,extratos_todas_contas,todo_adulto,obrigatorio,INT-DOC-000118,ok,2025-07|2025-08|2025-09,3094.00,3094.00,0.97,nenhuma,nao,confirmado
inteli,graduacao_2026,INT-SYN-0012,documento_desatualizado,INT-SYN-0012-M2,responsavel,46,autonomo,renda,dasn_simei_ou_decore,renda_autonomo,condicional,INT-DOC-000119,ok,2025-07|2025-08|2025-09,3094.00,3094.00,0.97,nenhuma,nao,confirmado
inteli,graduacao_2026,INT-SYN-0012,documento_desatualizado,INT-SYN-0012-M2,responsavel,46,autonomo,gastos,comprovantes_educacao,gasto_de_educacao_declarado,condicional,INT-DOC-000120,ok,media_2025-07_a_2025-09,250.00,250.00,0.97,nenhuma,nao,confirmado
inteli,graduacao_2026,INT-SYN-0013,dossie_completo,INT-SYN-0013-M1,candidato,22,sem_renda,identificacao,rg_ou_cnh_candidato,todo_candidato,obrigatorio,INT-DOC-000121,ok,atual,nao_se_aplica,nao_se_aplica,0.97,nenhuma,nao,confirmado
inteli,graduacao_2026,INT-SYN-0013,dossie_completo,INT-SYN-0013-M2,responsavel,47,assalariado,identificacao,rg_cpf_adulto,todo_adulto,obrigatorio,INT-DOC-000122,ok,atual,nao_se_aplica,nao_se_aplica,0.97,nenhuma,nao,confirmado
inteli,graduacao_2026,INT-SYN-0013,dossie_completo,INT-SYN-0013-M2,responsavel,47,assalariado,residencia,comprovante_residencia_ultimo_mes,todo_grupo_familiar,obrigatorio,INT-DOC-000123,ok,2025-09,nao_se_aplica,nao_se_aplica,0.97,nenhuma,nao,confirmado
inteli,graduacao_2026,INT-SYN-0013,dossie_completo,INT-SYN-0013-M2,responsavel,47,assalariado,moradia,irpf_ou_iptu,moradia_propria,condicional,INT-DOC-000124,ok,2025-09,1200.00,1200.00,0.97,nenhuma,nao,confirmado
inteli,graduacao_2026,INT-SYN-0013,dossie_completo,INT-SYN-0013-M2,responsavel,47,assalariado,trabalho,ctps,todo_adulto,obrigatorio,INT-DOC-000125,ok,atual,nao_se_aplica,nao_se_aplica,0.97,nenhuma,nao,confirmado
inteli,graduacao_2026,INT-SYN-0013,dossie_completo,INT-SYN-0013-M2,responsavel,47,assalariado,trabalho,cnis_completo,todo_adulto,obrigatorio,INT-DOC-000126,ok,atual,nao_se_aplica,nao_se_aplica,0.97,nenhuma,nao,confirmado
inteli,graduacao_2026,INT-SYN-0013,dossie_completo,INT-SYN-0013-M2,responsavel,47,assalariado,tributario,irpf_com_recibo_ou_nada_consta,todo_adulto,obrigatorio,INT-DOC-000127,ok,exercicio_2025_ano_base_2024,nao_se_aplica,nao_se_aplica,0.97,nenhuma,nao,confirmado
inteli,graduacao_2026,INT-SYN-0013,dossie_completo,INT-SYN-0013-M2,responsavel,47,assalariado,financeiro,extratos_todas_contas,todo_adulto,obrigatorio,INT-DOC-000128,ok,2025-07|2025-08|2025-09,3231.00,3231.00,0.97,nenhuma,nao,confirmado
inteli,graduacao_2026,INT-SYN-0013,dossie_completo,INT-SYN-0013-M2,responsavel,47,assalariado,renda,holerites_3_meses,renda_assalariado,condicional,INT-DOC-000129,ok,2025-07|2025-08|2025-09,3231.00,3231.00,0.97,nenhuma,nao,confirmado
inteli,graduacao_2026,INT-SYN-0013,dossie_completo,INT-SYN-0013-M2,responsavel,47,assalariado,patrimonio,crlv_ou_renavam,grupo_possui_veiculo,condicional,INT-DOC-000130,ok,media_2025-07_a_2025-09,nao_se_aplica,nao_se_aplica,0.97,nenhuma,nao,confirmado
inteli,graduacao_2026,INT-SYN-0014,documento_faltante,INT-SYN-0014-M1,candidato,23,sem_renda,identificacao,rg_ou_cnh_candidato,todo_candidato,obrigatorio,INT-DOC-000131,ok,atual,nao_se_aplica,nao_se_aplica,0.97,nenhuma,nao,confirmado
inteli,graduacao_2026,INT-SYN-0014,documento_faltante,INT-SYN-0014-M2,responsavel,48,trabalhador_informal,identificacao,rg_cpf_adulto,todo_adulto,obrigatorio,INT-DOC-000132,ok,atual,nao_se_aplica,nao_se_aplica,0.97,nenhuma,nao,confirmado
inteli,graduacao_2026,INT-SYN-0014,documento_faltante,INT-SYN-0014-M2,responsavel,48,trabalhador_informal,residencia,comprovante_residencia_ultimo_mes,todo_grupo_familiar,obrigatorio,INT-DOC-000133,ok,2025-09,nao_se_aplica,nao_se_aplica,0.97,nenhuma,nao,confirmado
inteli,graduacao_2026,INT-SYN-0014,documento_faltante,INT-SYN-0014-M2,responsavel,48,trabalhador_informal,moradia,comprovante_aluguel_ultimo_mes,moradia_alugada,condicional,INT-DOC-000134,ok,2025-09,1200.00,1200.00,0.97,nenhuma,nao,confirmado
inteli,graduacao_2026,INT-SYN-0014,documento_faltante,INT-SYN-0014-M2,responsavel,48,trabalhador_informal,trabalho,ctps,todo_adulto,obrigatorio,INT-DOC-000135,ok,atual,nao_se_aplica,nao_se_aplica,0.97,nenhuma,nao,confirmado
inteli,graduacao_2026,INT-SYN-0014,documento_faltante,INT-SYN-0014-M2,responsavel,48,trabalhador_informal,trabalho,cnis_completo,todo_adulto,obrigatorio,INT-DOC-000136,ok,atual,nao_se_aplica,nao_se_aplica,0.97,nenhuma,nao,confirmado
inteli,graduacao_2026,INT-SYN-0014,documento_faltante,INT-SYN-0014-M2,responsavel,48,trabalhador_informal,tributario,irpf_com_recibo_ou_nada_consta,todo_adulto,obrigatorio,INT-DOC-000137,ok,exercicio_2025_ano_base_2024,nao_se_aplica,nao_se_aplica,0.97,nenhuma,nao,confirmado
inteli,graduacao_2026,INT-SYN-0014,documento_faltante,INT-SYN-0014-M2,responsavel,48,trabalhador_informal,financeiro,extratos_todas_contas,todo_adulto,obrigatorio,INT-DOC-000138,ok,2025-07|2025-08|2025-09,3368.00,3368.00,0.97,nenhuma,nao,confirmado
inteli,graduacao_2026,INT-SYN-0014,documento_faltante,INT-SYN-0014-M2,responsavel,48,trabalhador_informal,renda,declaracao_trabalho_informal,renda_trabalhador_informal,condicional,ausente,faltante,2025-07|2025-08|2025-09,3368.00,nao_extraido,0.00,solicitar_documento_faltante,sim,confirmado
inteli,graduacao_2026,INT-SYN-0014,documento_faltante,INT-SYN-0014-M2,responsavel,48,trabalhador_informal,renda,comprovante_ou_declaracao_pensao,recebe_pensao,condicional,INT-DOC-000140,ok,media_2025-07_a_2025-09,420.00,420.00,0.97,nenhuma,nao,confirmado
inteli,graduacao_2026,INT-SYN-0015,arquivo_ilegivel,INT-SYN-0015-M1,candidato,24,sem_renda,identificacao,rg_ou_cnh_candidato,todo_candidato,obrigatorio,INT-DOC-000141,ok,atual,nao_se_aplica,nao_se_aplica,0.97,nenhuma,nao,confirmado
inteli,graduacao_2026,INT-SYN-0015,arquivo_ilegivel,INT-SYN-0015-M2,responsavel,49,mei,identificacao,rg_cpf_adulto,todo_adulto,obrigatorio,INT-DOC-000142,ok,atual,nao_se_aplica,nao_se_aplica,0.97,nenhuma,nao,confirmado
inteli,graduacao_2026,INT-SYN-0015,arquivo_ilegivel,INT-SYN-0015-M2,responsavel,49,mei,residencia,comprovante_residencia_ultimo_mes,todo_grupo_familiar,obrigatorio,INT-DOC-000143,ok,2025-09,nao_se_aplica,nao_se_aplica,0.97,nenhuma,nao,confirmado
inteli,graduacao_2026,INT-SYN-0015,arquivo_ilegivel,INT-SYN-0015-M2,responsavel,49,mei,moradia,comprovante_financiamento_ultimo_mes,moradia_financiada,condicional,INT-DOC-000144,ok,2025-09,1200.00,1200.00,0.97,nenhuma,nao,confirmado
inteli,graduacao_2026,INT-SYN-0015,arquivo_ilegivel,INT-SYN-0015-M2,responsavel,49,mei,trabalho,ctps,todo_adulto,obrigatorio,INT-DOC-000145,ok,atual,nao_se_aplica,nao_se_aplica,0.97,nenhuma,nao,confirmado
inteli,graduacao_2026,INT-SYN-0015,arquivo_ilegivel,INT-SYN-0015-M2,responsavel,49,mei,trabalho,cnis_completo,todo_adulto,obrigatorio,INT-DOC-000146,ok,atual,nao_se_aplica,nao_se_aplica,0.97,nenhuma,nao,confirmado
inteli,graduacao_2026,INT-SYN-0015,arquivo_ilegivel,INT-SYN-0015-M2,responsavel,49,mei,tributario,irpf_com_recibo_ou_nada_consta,todo_adulto,obrigatorio,INT-DOC-000147,ok,exercicio_2025_ano_base_2024,nao_se_aplica,nao_se_aplica,0.97,nenhuma,nao,confirmado
inteli,graduacao_2026,INT-SYN-0015,arquivo_ilegivel,INT-SYN-0015-M2,responsavel,49,mei,financeiro,extratos_todas_contas,todo_adulto,obrigatorio,INT-DOC-000148,ilegivel,2025-07|2025-08|2025-09,3505.00,nao_extraido,0.28,solicitar_arquivo_legivel,sim,confirmado
inteli,graduacao_2026,INT-SYN-0015,arquivo_ilegivel,INT-SYN-0015-M2,responsavel,49,mei,renda,comprovante_mei_e_dasn_simei,renda_mei,condicional,INT-DOC-000149,ok,2025-07|2025-08|2025-09,3505.00,3505.00,0.97,nenhuma,nao,confirmado
inteli,graduacao_2026,INT-SYN-0015,arquivo_ilegivel,INT-SYN-0015-M2,responsavel,49,mei,gastos,comprovantes_saude,gasto_de_saude_declarado,condicional,INT-DOC-000150,ok,media_2025-07_a_2025-09,560.00,560.00,0.97,nenhuma,nao,confirmado
inteli,graduacao_2026,INT-SYN-0016,periodo_incompleto,INT-SYN-0016-M1,candidato,17,sem_renda,identificacao,rg_ou_cnh_candidato,todo_candidato,obrigatorio,INT-DOC-000151,ok,atual,nao_se_aplica,nao_se_aplica,0.97,nenhuma,nao,confirmado
inteli,graduacao_2026,INT-SYN-0016,periodo_incompleto,INT-SYN-0016-M2,responsavel,50,aposentado,identificacao,rg_cpf_adulto,todo_adulto,obrigatorio,INT-DOC-000152,ok,atual,nao_se_aplica,nao_se_aplica,0.97,nenhuma,nao,confirmado
inteli,graduacao_2026,INT-SYN-0016,periodo_incompleto,INT-SYN-0016-M2,responsavel,50,aposentado,residencia,comprovante_residencia_ultimo_mes,todo_grupo_familiar,obrigatorio,INT-DOC-000153,ok,2025-09,nao_se_aplica,nao_se_aplica,0.97,nenhuma,nao,confirmado
inteli,graduacao_2026,INT-SYN-0016,periodo_incompleto,INT-SYN-0016-M2,responsavel,50,aposentado,moradia,declaracao_cessao_imovel,moradia_cedida,condicional,INT-DOC-000154,ok,2025-09,1200.00,1200.00,0.97,nenhuma,nao,confirmado
inteli,graduacao_2026,INT-SYN-0016,periodo_incompleto,INT-SYN-0016-M2,responsavel,50,aposentado,trabalho,ctps,todo_adulto,obrigatorio,INT-DOC-000155,ok,atual,nao_se_aplica,nao_se_aplica,0.97,nenhuma,nao,confirmado
inteli,graduacao_2026,INT-SYN-0016,periodo_incompleto,INT-SYN-0016-M2,responsavel,50,aposentado,trabalho,cnis_completo,todo_adulto,obrigatorio,INT-DOC-000156,ok,atual,nao_se_aplica,nao_se_aplica,0.97,nenhuma,nao,confirmado
inteli,graduacao_2026,INT-SYN-0016,periodo_incompleto,INT-SYN-0016-M2,responsavel,50,aposentado,tributario,irpf_com_recibo_ou_nada_consta,todo_adulto,obrigatorio,INT-DOC-000157,ok,exercicio_2025_ano_base_2024,nao_se_aplica,nao_se_aplica,0.97,nenhuma,nao,confirmado
inteli,graduacao_2026,INT-SYN-0016,periodo_incompleto,INT-SYN-0016-M2,responsavel,50,aposentado,financeiro,extratos_todas_contas,todo_adulto,obrigatorio,INT-DOC-000158,periodo_incompleto,2025-07|2025-08|2025-09,3642.00,3642.00,0.89,solicitar_competencias_ausentes,sim,confirmado
inteli,graduacao_2026,INT-SYN-0016,periodo_incompleto,INT-SYN-0016-M2,responsavel,50,aposentado,renda,extrato_beneficio_3_meses,renda_aposentado,condicional,INT-DOC-000159,ok,2025-07|2025-08|2025-09,3642.00,3642.00,0.97,nenhuma,nao,confirmado
inteli,graduacao_2026,INT-SYN-0016,periodo_incompleto,INT-SYN-0016-M2,responsavel,50,aposentado,gastos,comprovantes_educacao,gasto_de_educacao_declarado,condicional,INT-DOC-000160,ok,media_2025-07_a_2025-09,250.00,250.00,0.97,nenhuma,nao,confirmado
inteli,graduacao_2026,INT-SYN-0017,valor_divergente,INT-SYN-0017-M1,candidato,18,sem_renda,identificacao,rg_ou_cnh_candidato,todo_candidato,obrigatorio,INT-DOC-000161,ok,atual,nao_se_aplica,nao_se_aplica,0.97,nenhuma,nao,confirmado
inteli,graduacao_2026,INT-SYN-0017,valor_divergente,INT-SYN-0017-M2,responsavel,51,desempregado,identificacao,rg_cpf_adulto,todo_adulto,obrigatorio,INT-DOC-000162,ok,atual,nao_se_aplica,nao_se_aplica,0.97,nenhuma,nao,confirmado
inteli,graduacao_2026,INT-SYN-0017,valor_divergente,INT-SYN-0017-M2,responsavel,51,desempregado,residencia,comprovante_residencia_ultimo_mes,todo_grupo_familiar,obrigatorio,INT-DOC-000163,ok,2025-09,nao_se_aplica,nao_se_aplica,0.97,nenhuma,nao,confirmado
inteli,graduacao_2026,INT-SYN-0017,valor_divergente,INT-SYN-0017-M2,responsavel,51,desempregado,moradia,irpf_ou_iptu,moradia_propria,condicional,INT-DOC-000164,ok,2025-09,1200.00,1200.00,0.97,nenhuma,nao,confirmado
inteli,graduacao_2026,INT-SYN-0017,valor_divergente,INT-SYN-0017-M2,responsavel,51,desempregado,trabalho,ctps,todo_adulto,obrigatorio,INT-DOC-000165,ok,atual,nao_se_aplica,nao_se_aplica,0.97,nenhuma,nao,confirmado
inteli,graduacao_2026,INT-SYN-0017,valor_divergente,INT-SYN-0017-M2,responsavel,51,desempregado,trabalho,cnis_completo,todo_adulto,obrigatorio,INT-DOC-000166,ok,atual,nao_se_aplica,nao_se_aplica,0.97,nenhuma,nao,confirmado
inteli,graduacao_2026,INT-SYN-0017,valor_divergente,INT-SYN-0017-M2,responsavel,51,desempregado,tributario,irpf_com_recibo_ou_nada_consta,todo_adulto,obrigatorio,INT-DOC-000167,ok,exercicio_2025_ano_base_2024,nao_se_aplica,nao_se_aplica,0.97,nenhuma,nao,confirmado
inteli,graduacao_2026,INT-SYN-0017,valor_divergente,INT-SYN-0017-M2,responsavel,51,desempregado,financeiro,extratos_todas_contas,todo_adulto,obrigatorio,INT-DOC-000168,divergente,2025-07|2025-08|2025-09,3779.00,4429.00,0.93,comparar_declaracao_e_documento,sim,confirmado
inteli,graduacao_2026,INT-SYN-0017,valor_divergente,INT-SYN-0017-M2,responsavel,51,desempregado,renda,rescisao_fgts_ou_declaracao_inatividade,renda_desempregado,condicional,INT-DOC-000169,ok,2025-07|2025-08|2025-09,3779.00,3779.00,0.97,nenhuma,nao,confirmado
inteli,graduacao_2026,INT-SYN-0017,valor_divergente,INT-SYN-0017-M2,responsavel,51,desempregado,patrimonio,crlv_ou_renavam,grupo_possui_veiculo,condicional,INT-DOC-000170,ok,media_2025-07_a_2025-09,nao_se_aplica,nao_se_aplica,0.97,nenhuma,nao,confirmado
inteli,graduacao_2026,INT-SYN-0018,documento_desatualizado,INT-SYN-0018-M1,candidato,19,sem_renda,identificacao,rg_ou_cnh_candidato,todo_candidato,obrigatorio,INT-DOC-000171,ok,atual,nao_se_aplica,nao_se_aplica,0.97,nenhuma,nao,confirmado
inteli,graduacao_2026,INT-SYN-0018,documento_desatualizado,INT-SYN-0018-M2,responsavel,52,autonomo,identificacao,rg_cpf_adulto,todo_adulto,obrigatorio,INT-DOC-000172,ok,atual,nao_se_aplica,nao_se_aplica,0.97,nenhuma,nao,confirmado
inteli,graduacao_2026,INT-SYN-0018,documento_desatualizado,INT-SYN-0018-M2,responsavel,52,autonomo,residencia,comprovante_residencia_ultimo_mes,todo_grupo_familiar,obrigatorio,INT-DOC-000173,desatualizado,2025-09,nao_se_aplica,nao_se_aplica,0.95,solicitar_documento_atualizado,sim,confirmado
inteli,graduacao_2026,INT-SYN-0018,documento_desatualizado,INT-SYN-0018-M2,responsavel,52,autonomo,moradia,comprovante_aluguel_ultimo_mes,moradia_alugada,condicional,INT-DOC-000174,ok,2025-09,1200.00,1200.00,0.97,nenhuma,nao,confirmado
inteli,graduacao_2026,INT-SYN-0018,documento_desatualizado,INT-SYN-0018-M2,responsavel,52,autonomo,trabalho,ctps,todo_adulto,obrigatorio,INT-DOC-000175,ok,atual,nao_se_aplica,nao_se_aplica,0.97,nenhuma,nao,confirmado
inteli,graduacao_2026,INT-SYN-0018,documento_desatualizado,INT-SYN-0018-M2,responsavel,52,autonomo,trabalho,cnis_completo,todo_adulto,obrigatorio,INT-DOC-000176,ok,atual,nao_se_aplica,nao_se_aplica,0.97,nenhuma,nao,confirmado
inteli,graduacao_2026,INT-SYN-0018,documento_desatualizado,INT-SYN-0018-M2,responsavel,52,autonomo,tributario,irpf_com_recibo_ou_nada_consta,todo_adulto,obrigatorio,INT-DOC-000177,ok,exercicio_2025_ano_base_2024,nao_se_aplica,nao_se_aplica,0.97,nenhuma,nao,confirmado
inteli,graduacao_2026,INT-SYN-0018,documento_desatualizado,INT-SYN-0018-M2,responsavel,52,autonomo,financeiro,extratos_todas_contas,todo_adulto,obrigatorio,INT-DOC-000178,ok,2025-07|2025-08|2025-09,3916.00,3916.00,0.97,nenhuma,nao,confirmado
inteli,graduacao_2026,INT-SYN-0018,documento_desatualizado,INT-SYN-0018-M2,responsavel,52,autonomo,renda,dasn_simei_ou_decore,renda_autonomo,condicional,INT-DOC-000179,ok,2025-07|2025-08|2025-09,3916.00,3916.00,0.97,nenhuma,nao,confirmado
inteli,graduacao_2026,INT-SYN-0018,documento_desatualizado,INT-SYN-0018-M2,responsavel,52,autonomo,renda,comprovante_ou_declaracao_pensao,recebe_pensao,condicional,INT-DOC-000180,ok,media_2025-07_a_2025-09,420.00,420.00,0.97,nenhuma,nao,confirmado
inteli,graduacao_2026,INT-SYN-0019,dossie_completo,INT-SYN-0019-M1,candidato,20,sem_renda,identificacao,rg_ou_cnh_candidato,todo_candidato,obrigatorio,INT-DOC-000181,ok,atual,nao_se_aplica,nao_se_aplica,0.97,nenhuma,nao,confirmado
inteli,graduacao_2026,INT-SYN-0019,dossie_completo,INT-SYN-0019-M2,responsavel,53,assalariado,identificacao,rg_cpf_adulto,todo_adulto,obrigatorio,INT-DOC-000182,ok,atual,nao_se_aplica,nao_se_aplica,0.97,nenhuma,nao,confirmado
inteli,graduacao_2026,INT-SYN-0019,dossie_completo,INT-SYN-0019-M2,responsavel,53,assalariado,residencia,comprovante_residencia_ultimo_mes,todo_grupo_familiar,obrigatorio,INT-DOC-000183,ok,2025-09,nao_se_aplica,nao_se_aplica,0.97,nenhuma,nao,confirmado
inteli,graduacao_2026,INT-SYN-0019,dossie_completo,INT-SYN-0019-M2,responsavel,53,assalariado,moradia,comprovante_financiamento_ultimo_mes,moradia_financiada,condicional,INT-DOC-000184,ok,2025-09,1200.00,1200.00,0.97,nenhuma,nao,confirmado
inteli,graduacao_2026,INT-SYN-0019,dossie_completo,INT-SYN-0019-M2,responsavel,53,assalariado,trabalho,ctps,todo_adulto,obrigatorio,INT-DOC-000185,ok,atual,nao_se_aplica,nao_se_aplica,0.97,nenhuma,nao,confirmado
inteli,graduacao_2026,INT-SYN-0019,dossie_completo,INT-SYN-0019-M2,responsavel,53,assalariado,trabalho,cnis_completo,todo_adulto,obrigatorio,INT-DOC-000186,ok,atual,nao_se_aplica,nao_se_aplica,0.97,nenhuma,nao,confirmado
inteli,graduacao_2026,INT-SYN-0019,dossie_completo,INT-SYN-0019-M2,responsavel,53,assalariado,tributario,irpf_com_recibo_ou_nada_consta,todo_adulto,obrigatorio,INT-DOC-000187,ok,exercicio_2025_ano_base_2024,nao_se_aplica,nao_se_aplica,0.97,nenhuma,nao,confirmado
inteli,graduacao_2026,INT-SYN-0019,dossie_completo,INT-SYN-0019-M2,responsavel,53,assalariado,financeiro,extratos_todas_contas,todo_adulto,obrigatorio,INT-DOC-000188,ok,2025-07|2025-08|2025-09,4053.00,4053.00,0.97,nenhuma,nao,confirmado
inteli,graduacao_2026,INT-SYN-0019,dossie_completo,INT-SYN-0019-M2,responsavel,53,assalariado,renda,holerites_3_meses,renda_assalariado,condicional,INT-DOC-000189,ok,2025-07|2025-08|2025-09,4053.00,4053.00,0.97,nenhuma,nao,confirmado
inteli,graduacao_2026,INT-SYN-0019,dossie_completo,INT-SYN-0019-M2,responsavel,53,assalariado,gastos,comprovantes_saude,gasto_de_saude_declarado,condicional,INT-DOC-000190,ok,media_2025-07_a_2025-09,560.00,560.00,0.97,nenhuma,nao,confirmado
inteli,graduacao_2026,INT-SYN-0020,documento_faltante,INT-SYN-0020-M1,candidato,21,sem_renda,identificacao,rg_ou_cnh_candidato,todo_candidato,obrigatorio,INT-DOC-000191,ok,atual,nao_se_aplica,nao_se_aplica,0.97,nenhuma,nao,confirmado
inteli,graduacao_2026,INT-SYN-0020,documento_faltante,INT-SYN-0020-M2,responsavel,54,trabalhador_informal,identificacao,rg_cpf_adulto,todo_adulto,obrigatorio,INT-DOC-000192,ok,atual,nao_se_aplica,nao_se_aplica,0.97,nenhuma,nao,confirmado
inteli,graduacao_2026,INT-SYN-0020,documento_faltante,INT-SYN-0020-M2,responsavel,54,trabalhador_informal,residencia,comprovante_residencia_ultimo_mes,todo_grupo_familiar,obrigatorio,INT-DOC-000193,ok,2025-09,nao_se_aplica,nao_se_aplica,0.97,nenhuma,nao,confirmado
inteli,graduacao_2026,INT-SYN-0020,documento_faltante,INT-SYN-0020-M2,responsavel,54,trabalhador_informal,moradia,declaracao_cessao_imovel,moradia_cedida,condicional,INT-DOC-000194,ok,2025-09,1200.00,1200.00,0.97,nenhuma,nao,confirmado
inteli,graduacao_2026,INT-SYN-0020,documento_faltante,INT-SYN-0020-M2,responsavel,54,trabalhador_informal,trabalho,ctps,todo_adulto,obrigatorio,INT-DOC-000195,ok,atual,nao_se_aplica,nao_se_aplica,0.97,nenhuma,nao,confirmado
inteli,graduacao_2026,INT-SYN-0020,documento_faltante,INT-SYN-0020-M2,responsavel,54,trabalhador_informal,trabalho,cnis_completo,todo_adulto,obrigatorio,INT-DOC-000196,ok,atual,nao_se_aplica,nao_se_aplica,0.97,nenhuma,nao,confirmado
inteli,graduacao_2026,INT-SYN-0020,documento_faltante,INT-SYN-0020-M2,responsavel,54,trabalhador_informal,tributario,irpf_com_recibo_ou_nada_consta,todo_adulto,obrigatorio,INT-DOC-000197,ok,exercicio_2025_ano_base_2024,nao_se_aplica,nao_se_aplica,0.97,nenhuma,nao,confirmado
inteli,graduacao_2026,INT-SYN-0020,documento_faltante,INT-SYN-0020-M2,responsavel,54,trabalhador_informal,financeiro,extratos_todas_contas,todo_adulto,obrigatorio,INT-DOC-000198,ok,2025-07|2025-08|2025-09,4190.00,4190.00,0.97,nenhuma,nao,confirmado
inteli,graduacao_2026,INT-SYN-0020,documento_faltante,INT-SYN-0020-M2,responsavel,54,trabalhador_informal,renda,declaracao_trabalho_informal,renda_trabalhador_informal,condicional,ausente,faltante,2025-07|2025-08|2025-09,4190.00,nao_extraido,0.00,solicitar_documento_faltante,sim,confirmado
inteli,graduacao_2026,INT-SYN-0020,documento_faltante,INT-SYN-0020-M2,responsavel,54,trabalhador_informal,gastos,comprovantes_educacao,gasto_de_educacao_declarado,condicional,INT-DOC-000200,ok,media_2025-07_a_2025-09,250.00,250.00,0.97,nenhuma,nao,confirmado
inteli,graduacao_2026,INT-SYN-0021,arquivo_ilegivel,INT-SYN-0021-M1,candidato,22,sem_renda,identificacao,rg_ou_cnh_candidato,todo_candidato,obrigatorio,INT-DOC-000201,ok,atual,nao_se_aplica,nao_se_aplica,0.97,nenhuma,nao,confirmado
inteli,graduacao_2026,INT-SYN-0021,arquivo_ilegivel,INT-SYN-0021-M2,responsavel,55,mei,identificacao,rg_cpf_adulto,todo_adulto,obrigatorio,INT-DOC-000202,ok,atual,nao_se_aplica,nao_se_aplica,0.97,nenhuma,nao,confirmado
inteli,graduacao_2026,INT-SYN-0021,arquivo_ilegivel,INT-SYN-0021-M2,responsavel,55,mei,residencia,comprovante_residencia_ultimo_mes,todo_grupo_familiar,obrigatorio,INT-DOC-000203,ok,2025-09,nao_se_aplica,nao_se_aplica,0.97,nenhuma,nao,confirmado
inteli,graduacao_2026,INT-SYN-0021,arquivo_ilegivel,INT-SYN-0021-M2,responsavel,55,mei,moradia,irpf_ou_iptu,moradia_propria,condicional,INT-DOC-000204,ok,2025-09,1200.00,1200.00,0.97,nenhuma,nao,confirmado
inteli,graduacao_2026,INT-SYN-0021,arquivo_ilegivel,INT-SYN-0021-M2,responsavel,55,mei,trabalho,ctps,todo_adulto,obrigatorio,INT-DOC-000205,ok,atual,nao_se_aplica,nao_se_aplica,0.97,nenhuma,nao,confirmado
inteli,graduacao_2026,INT-SYN-0021,arquivo_ilegivel,INT-SYN-0021-M2,responsavel,55,mei,trabalho,cnis_completo,todo_adulto,obrigatorio,INT-DOC-000206,ok,atual,nao_se_aplica,nao_se_aplica,0.97,nenhuma,nao,confirmado
inteli,graduacao_2026,INT-SYN-0021,arquivo_ilegivel,INT-SYN-0021-M2,responsavel,55,mei,tributario,irpf_com_recibo_ou_nada_consta,todo_adulto,obrigatorio,INT-DOC-000207,ok,exercicio_2025_ano_base_2024,nao_se_aplica,nao_se_aplica,0.97,nenhuma,nao,confirmado
inteli,graduacao_2026,INT-SYN-0021,arquivo_ilegivel,INT-SYN-0021-M2,responsavel,55,mei,financeiro,extratos_todas_contas,todo_adulto,obrigatorio,INT-DOC-000208,ilegivel,2025-07|2025-08|2025-09,4327.00,nao_extraido,0.28,solicitar_arquivo_legivel,sim,confirmado
inteli,graduacao_2026,INT-SYN-0021,arquivo_ilegivel,INT-SYN-0021-M2,responsavel,55,mei,renda,comprovante_mei_e_dasn_simei,renda_mei,condicional,INT-DOC-000209,ok,2025-07|2025-08|2025-09,4327.00,4327.00,0.97,nenhuma,nao,confirmado
inteli,graduacao_2026,INT-SYN-0021,arquivo_ilegivel,INT-SYN-0021-M2,responsavel,55,mei,patrimonio,crlv_ou_renavam,grupo_possui_veiculo,condicional,INT-DOC-000210,ok,media_2025-07_a_2025-09,nao_se_aplica,nao_se_aplica,0.97,nenhuma,nao,confirmado
inteli,graduacao_2026,INT-SYN-0022,periodo_incompleto,INT-SYN-0022-M1,candidato,23,sem_renda,identificacao,rg_ou_cnh_candidato,todo_candidato,obrigatorio,INT-DOC-000211,ok,atual,nao_se_aplica,nao_se_aplica,0.97,nenhuma,nao,confirmado
inteli,graduacao_2026,INT-SYN-0022,periodo_incompleto,INT-SYN-0022-M2,responsavel,56,aposentado,identificacao,rg_cpf_adulto,todo_adulto,obrigatorio,INT-DOC-000212,ok,atual,nao_se_aplica,nao_se_aplica,0.97,nenhuma,nao,confirmado
inteli,graduacao_2026,INT-SYN-0022,periodo_incompleto,INT-SYN-0022-M2,responsavel,56,aposentado,residencia,comprovante_residencia_ultimo_mes,todo_grupo_familiar,obrigatorio,INT-DOC-000213,ok,2025-09,nao_se_aplica,nao_se_aplica,0.97,nenhuma,nao,confirmado
inteli,graduacao_2026,INT-SYN-0022,periodo_incompleto,INT-SYN-0022-M2,responsavel,56,aposentado,moradia,comprovante_aluguel_ultimo_mes,moradia_alugada,condicional,INT-DOC-000214,ok,2025-09,1200.00,1200.00,0.97,nenhuma,nao,confirmado
inteli,graduacao_2026,INT-SYN-0022,periodo_incompleto,INT-SYN-0022-M2,responsavel,56,aposentado,trabalho,ctps,todo_adulto,obrigatorio,INT-DOC-000215,ok,atual,nao_se_aplica,nao_se_aplica,0.97,nenhuma,nao,confirmado
inteli,graduacao_2026,INT-SYN-0022,periodo_incompleto,INT-SYN-0022-M2,responsavel,56,aposentado,trabalho,cnis_completo,todo_adulto,obrigatorio,INT-DOC-000216,ok,atual,nao_se_aplica,nao_se_aplica,0.97,nenhuma,nao,confirmado
inteli,graduacao_2026,INT-SYN-0022,periodo_incompleto,INT-SYN-0022-M2,responsavel,56,aposentado,tributario,irpf_com_recibo_ou_nada_consta,todo_adulto,obrigatorio,INT-DOC-000217,ok,exercicio_2025_ano_base_2024,nao_se_aplica,nao_se_aplica,0.97,nenhuma,nao,confirmado
inteli,graduacao_2026,INT-SYN-0022,periodo_incompleto,INT-SYN-0022-M2,responsavel,56,aposentado,financeiro,extratos_todas_contas,todo_adulto,obrigatorio,INT-DOC-000218,periodo_incompleto,2025-07|2025-08|2025-09,4464.00,4464.00,0.89,solicitar_competencias_ausentes,sim,confirmado
inteli,graduacao_2026,INT-SYN-0022,periodo_incompleto,INT-SYN-0022-M2,responsavel,56,aposentado,renda,extrato_beneficio_3_meses,renda_aposentado,condicional,INT-DOC-000219,ok,2025-07|2025-08|2025-09,4464.00,4464.00,0.97,nenhuma,nao,confirmado
inteli,graduacao_2026,INT-SYN-0022,periodo_incompleto,INT-SYN-0022-M2,responsavel,56,aposentado,renda,comprovante_ou_declaracao_pensao,recebe_pensao,condicional,INT-DOC-000220,ok,media_2025-07_a_2025-09,420.00,420.00,0.97,nenhuma,nao,confirmado
inteli,graduacao_2026,INT-SYN-0023,valor_divergente,INT-SYN-0023-M1,candidato,24,sem_renda,identificacao,rg_ou_cnh_candidato,todo_candidato,obrigatorio,INT-DOC-000221,ok,atual,nao_se_aplica,nao_se_aplica,0.97,nenhuma,nao,confirmado
inteli,graduacao_2026,INT-SYN-0023,valor_divergente,INT-SYN-0023-M2,responsavel,57,desempregado,identificacao,rg_cpf_adulto,todo_adulto,obrigatorio,INT-DOC-000222,ok,atual,nao_se_aplica,nao_se_aplica,0.97,nenhuma,nao,confirmado
inteli,graduacao_2026,INT-SYN-0023,valor_divergente,INT-SYN-0023-M2,responsavel,57,desempregado,residencia,comprovante_residencia_ultimo_mes,todo_grupo_familiar,obrigatorio,INT-DOC-000223,ok,2025-09,nao_se_aplica,nao_se_aplica,0.97,nenhuma,nao,confirmado
inteli,graduacao_2026,INT-SYN-0023,valor_divergente,INT-SYN-0023-M2,responsavel,57,desempregado,moradia,comprovante_financiamento_ultimo_mes,moradia_financiada,condicional,INT-DOC-000224,ok,2025-09,1200.00,1200.00,0.97,nenhuma,nao,confirmado
inteli,graduacao_2026,INT-SYN-0023,valor_divergente,INT-SYN-0023-M2,responsavel,57,desempregado,trabalho,ctps,todo_adulto,obrigatorio,INT-DOC-000225,ok,atual,nao_se_aplica,nao_se_aplica,0.97,nenhuma,nao,confirmado
inteli,graduacao_2026,INT-SYN-0023,valor_divergente,INT-SYN-0023-M2,responsavel,57,desempregado,trabalho,cnis_completo,todo_adulto,obrigatorio,INT-DOC-000226,ok,atual,nao_se_aplica,nao_se_aplica,0.97,nenhuma,nao,confirmado
inteli,graduacao_2026,INT-SYN-0023,valor_divergente,INT-SYN-0023-M2,responsavel,57,desempregado,tributario,irpf_com_recibo_ou_nada_consta,todo_adulto,obrigatorio,INT-DOC-000227,ok,exercicio_2025_ano_base_2024,nao_se_aplica,nao_se_aplica,0.97,nenhuma,nao,confirmado
inteli,graduacao_2026,INT-SYN-0023,valor_divergente,INT-SYN-0023-M2,responsavel,57,desempregado,financeiro,extratos_todas_contas,todo_adulto,obrigatorio,INT-DOC-000228,divergente,2025-07|2025-08|2025-09,4601.00,5251.00,0.93,comparar_declaracao_e_documento,sim,confirmado
inteli,graduacao_2026,INT-SYN-0023,valor_divergente,INT-SYN-0023-M2,responsavel,57,desempregado,renda,rescisao_fgts_ou_declaracao_inatividade,renda_desempregado,condicional,INT-DOC-000229,ok,2025-07|2025-08|2025-09,4601.00,4601.00,0.97,nenhuma,nao,confirmado
inteli,graduacao_2026,INT-SYN-0023,valor_divergente,INT-SYN-0023-M2,responsavel,57,desempregado,gastos,comprovantes_saude,gasto_de_saude_declarado,condicional,INT-DOC-000230,ok,media_2025-07_a_2025-09,560.00,560.00,0.97,nenhuma,nao,confirmado
inteli,graduacao_2026,INT-SYN-0024,documento_desatualizado,INT-SYN-0024-M1,candidato,17,sem_renda,identificacao,rg_ou_cnh_candidato,todo_candidato,obrigatorio,INT-DOC-000231,ok,atual,nao_se_aplica,nao_se_aplica,0.97,nenhuma,nao,confirmado
inteli,graduacao_2026,INT-SYN-0024,documento_desatualizado,INT-SYN-0024-M2,responsavel,58,autonomo,identificacao,rg_cpf_adulto,todo_adulto,obrigatorio,INT-DOC-000232,ok,atual,nao_se_aplica,nao_se_aplica,0.97,nenhuma,nao,confirmado
inteli,graduacao_2026,INT-SYN-0024,documento_desatualizado,INT-SYN-0024-M2,responsavel,58,autonomo,residencia,comprovante_residencia_ultimo_mes,todo_grupo_familiar,obrigatorio,INT-DOC-000233,desatualizado,2025-09,nao_se_aplica,nao_se_aplica,0.95,solicitar_documento_atualizado,sim,confirmado
inteli,graduacao_2026,INT-SYN-0024,documento_desatualizado,INT-SYN-0024-M2,responsavel,58,autonomo,moradia,declaracao_cessao_imovel,moradia_cedida,condicional,INT-DOC-000234,ok,2025-09,1200.00,1200.00,0.97,nenhuma,nao,confirmado
inteli,graduacao_2026,INT-SYN-0024,documento_desatualizado,INT-SYN-0024-M2,responsavel,58,autonomo,trabalho,ctps,todo_adulto,obrigatorio,INT-DOC-000235,ok,atual,nao_se_aplica,nao_se_aplica,0.97,nenhuma,nao,confirmado
inteli,graduacao_2026,INT-SYN-0024,documento_desatualizado,INT-SYN-0024-M2,responsavel,58,autonomo,trabalho,cnis_completo,todo_adulto,obrigatorio,INT-DOC-000236,ok,atual,nao_se_aplica,nao_se_aplica,0.97,nenhuma,nao,confirmado
inteli,graduacao_2026,INT-SYN-0024,documento_desatualizado,INT-SYN-0024-M2,responsavel,58,autonomo,tributario,irpf_com_recibo_ou_nada_consta,todo_adulto,obrigatorio,INT-DOC-000237,ok,exercicio_2025_ano_base_2024,nao_se_aplica,nao_se_aplica,0.97,nenhuma,nao,confirmado
inteli,graduacao_2026,INT-SYN-0024,documento_desatualizado,INT-SYN-0024-M2,responsavel,58,autonomo,financeiro,extratos_todas_contas,todo_adulto,obrigatorio,INT-DOC-000238,ok,2025-07|2025-08|2025-09,4738.00,4738.00,0.97,nenhuma,nao,confirmado
inteli,graduacao_2026,INT-SYN-0024,documento_desatualizado,INT-SYN-0024-M2,responsavel,58,autonomo,renda,dasn_simei_ou_decore,renda_autonomo,condicional,INT-DOC-000239,ok,2025-07|2025-08|2025-09,4738.00,4738.00,0.97,nenhuma,nao,confirmado
inteli,graduacao_2026,INT-SYN-0024,documento_desatualizado,INT-SYN-0024-M2,responsavel,58,autonomo,gastos,comprovantes_educacao,gasto_de_educacao_declarado,condicional,INT-DOC-000240,ok,media_2025-07_a_2025-09,250.00,250.00,0.97,nenhuma,nao,confirmado
inteli,graduacao_2026,INT-SYN-0025,dossie_completo,INT-SYN-0025-M1,candidato,18,sem_renda,identificacao,rg_ou_cnh_candidato,todo_candidato,obrigatorio,INT-DOC-000241,ok,atual,nao_se_aplica,nao_se_aplica,0.97,nenhuma,nao,confirmado
inteli,graduacao_2026,INT-SYN-0025,dossie_completo,INT-SYN-0025-M2,responsavel,59,assalariado,identificacao,rg_cpf_adulto,todo_adulto,obrigatorio,INT-DOC-000242,ok,atual,nao_se_aplica,nao_se_aplica,0.97,nenhuma,nao,confirmado
inteli,graduacao_2026,INT-SYN-0025,dossie_completo,INT-SYN-0025-M2,responsavel,59,assalariado,residencia,comprovante_residencia_ultimo_mes,todo_grupo_familiar,obrigatorio,INT-DOC-000243,ok,2025-09,nao_se_aplica,nao_se_aplica,0.97,nenhuma,nao,confirmado
inteli,graduacao_2026,INT-SYN-0025,dossie_completo,INT-SYN-0025-M2,responsavel,59,assalariado,moradia,irpf_ou_iptu,moradia_propria,condicional,INT-DOC-000244,ok,2025-09,1200.00,1200.00,0.97,nenhuma,nao,confirmado
inteli,graduacao_2026,INT-SYN-0025,dossie_completo,INT-SYN-0025-M2,responsavel,59,assalariado,trabalho,ctps,todo_adulto,obrigatorio,INT-DOC-000245,ok,atual,nao_se_aplica,nao_se_aplica,0.97,nenhuma,nao,confirmado
inteli,graduacao_2026,INT-SYN-0025,dossie_completo,INT-SYN-0025-M2,responsavel,59,assalariado,trabalho,cnis_completo,todo_adulto,obrigatorio,INT-DOC-000246,ok,atual,nao_se_aplica,nao_se_aplica,0.97,nenhuma,nao,confirmado
inteli,graduacao_2026,INT-SYN-0025,dossie_completo,INT-SYN-0025-M2,responsavel,59,assalariado,tributario,irpf_com_recibo_ou_nada_consta,todo_adulto,obrigatorio,INT-DOC-000247,ok,exercicio_2025_ano_base_2024,nao_se_aplica,nao_se_aplica,0.97,nenhuma,nao,confirmado
inteli,graduacao_2026,INT-SYN-0025,dossie_completo,INT-SYN-0025-M2,responsavel,59,assalariado,financeiro,extratos_todas_contas,todo_adulto,obrigatorio,INT-DOC-000248,ok,2025-07|2025-08|2025-09,4875.00,4875.00,0.97,nenhuma,nao,confirmado
inteli,graduacao_2026,INT-SYN-0025,dossie_completo,INT-SYN-0025-M2,responsavel,59,assalariado,renda,holerites_3_meses,renda_assalariado,condicional,INT-DOC-000249,ok,2025-07|2025-08|2025-09,4875.00,4875.00,0.97,nenhuma,nao,confirmado
inteli,graduacao_2026,INT-SYN-0025,dossie_completo,INT-SYN-0025-M2,responsavel,59,assalariado,patrimonio,crlv_ou_renavam,grupo_possui_veiculo,condicional,INT-DOC-000250,ok,media_2025-07_a_2025-09,nao_se_aplica,nao_se_aplica,0.97,nenhuma,nao,confirmado
inteli,graduacao_2026,INT-SYN-0026,documento_faltante,INT-SYN-0026-M1,candidato,19,sem_renda,identificacao,rg_ou_cnh_candidato,todo_candidato,obrigatorio,INT-DOC-000251,ok,atual,nao_se_aplica,nao_se_aplica,0.97,nenhuma,nao,confirmado
inteli,graduacao_2026,INT-SYN-0026,documento_faltante,INT-SYN-0026-M2,responsavel,60,trabalhador_informal,identificacao,rg_cpf_adulto,todo_adulto,obrigatorio,INT-DOC-000252,ok,atual,nao_se_aplica,nao_se_aplica,0.97,nenhuma,nao,confirmado
inteli,graduacao_2026,INT-SYN-0026,documento_faltante,INT-SYN-0026-M2,responsavel,60,trabalhador_informal,residencia,comprovante_residencia_ultimo_mes,todo_grupo_familiar,obrigatorio,INT-DOC-000253,ok,2025-09,nao_se_aplica,nao_se_aplica,0.97,nenhuma,nao,confirmado
inteli,graduacao_2026,INT-SYN-0026,documento_faltante,INT-SYN-0026-M2,responsavel,60,trabalhador_informal,moradia,comprovante_aluguel_ultimo_mes,moradia_alugada,condicional,INT-DOC-000254,ok,2025-09,1200.00,1200.00,0.97,nenhuma,nao,confirmado
inteli,graduacao_2026,INT-SYN-0026,documento_faltante,INT-SYN-0026-M2,responsavel,60,trabalhador_informal,trabalho,ctps,todo_adulto,obrigatorio,INT-DOC-000255,ok,atual,nao_se_aplica,nao_se_aplica,0.97,nenhuma,nao,confirmado
inteli,graduacao_2026,INT-SYN-0026,documento_faltante,INT-SYN-0026-M2,responsavel,60,trabalhador_informal,trabalho,cnis_completo,todo_adulto,obrigatorio,INT-DOC-000256,ok,atual,nao_se_aplica,nao_se_aplica,0.97,nenhuma,nao,confirmado
inteli,graduacao_2026,INT-SYN-0026,documento_faltante,INT-SYN-0026-M2,responsavel,60,trabalhador_informal,tributario,irpf_com_recibo_ou_nada_consta,todo_adulto,obrigatorio,INT-DOC-000257,ok,exercicio_2025_ano_base_2024,nao_se_aplica,nao_se_aplica,0.97,nenhuma,nao,confirmado
inteli,graduacao_2026,INT-SYN-0026,documento_faltante,INT-SYN-0026-M2,responsavel,60,trabalhador_informal,financeiro,extratos_todas_contas,todo_adulto,obrigatorio,INT-DOC-000258,ok,2025-07|2025-08|2025-09,5012.00,5012.00,0.97,nenhuma,nao,confirmado
inteli,graduacao_2026,INT-SYN-0026,documento_faltante,INT-SYN-0026-M2,responsavel,60,trabalhador_informal,renda,declaracao_trabalho_informal,renda_trabalhador_informal,condicional,ausente,faltante,2025-07|2025-08|2025-09,5012.00,nao_extraido,0.00,solicitar_documento_faltante,sim,confirmado
inteli,graduacao_2026,INT-SYN-0026,documento_faltante,INT-SYN-0026-M2,responsavel,60,trabalhador_informal,renda,comprovante_ou_declaracao_pensao,recebe_pensao,condicional,INT-DOC-000260,ok,media_2025-07_a_2025-09,420.00,420.00,0.97,nenhuma,nao,confirmado
inteli,graduacao_2026,INT-SYN-0027,arquivo_ilegivel,INT-SYN-0027-M1,candidato,20,sem_renda,identificacao,rg_ou_cnh_candidato,todo_candidato,obrigatorio,INT-DOC-000261,ok,atual,nao_se_aplica,nao_se_aplica,0.97,nenhuma,nao,confirmado
inteli,graduacao_2026,INT-SYN-0027,arquivo_ilegivel,INT-SYN-0027-M2,responsavel,61,mei,identificacao,rg_cpf_adulto,todo_adulto,obrigatorio,INT-DOC-000262,ok,atual,nao_se_aplica,nao_se_aplica,0.97,nenhuma,nao,confirmado
inteli,graduacao_2026,INT-SYN-0027,arquivo_ilegivel,INT-SYN-0027-M2,responsavel,61,mei,residencia,comprovante_residencia_ultimo_mes,todo_grupo_familiar,obrigatorio,INT-DOC-000263,ok,2025-09,nao_se_aplica,nao_se_aplica,0.97,nenhuma,nao,confirmado
inteli,graduacao_2026,INT-SYN-0027,arquivo_ilegivel,INT-SYN-0027-M2,responsavel,61,mei,moradia,comprovante_financiamento_ultimo_mes,moradia_financiada,condicional,INT-DOC-000264,ok,2025-09,1200.00,1200.00,0.97,nenhuma,nao,confirmado
inteli,graduacao_2026,INT-SYN-0027,arquivo_ilegivel,INT-SYN-0027-M2,responsavel,61,mei,trabalho,ctps,todo_adulto,obrigatorio,INT-DOC-000265,ok,atual,nao_se_aplica,nao_se_aplica,0.97,nenhuma,nao,confirmado
inteli,graduacao_2026,INT-SYN-0027,arquivo_ilegivel,INT-SYN-0027-M2,responsavel,61,mei,trabalho,cnis_completo,todo_adulto,obrigatorio,INT-DOC-000266,ok,atual,nao_se_aplica,nao_se_aplica,0.97,nenhuma,nao,confirmado
inteli,graduacao_2026,INT-SYN-0027,arquivo_ilegivel,INT-SYN-0027-M2,responsavel,61,mei,tributario,irpf_com_recibo_ou_nada_consta,todo_adulto,obrigatorio,INT-DOC-000267,ok,exercicio_2025_ano_base_2024,nao_se_aplica,nao_se_aplica,0.97,nenhuma,nao,confirmado
inteli,graduacao_2026,INT-SYN-0027,arquivo_ilegivel,INT-SYN-0027-M2,responsavel,61,mei,financeiro,extratos_todas_contas,todo_adulto,obrigatorio,INT-DOC-000268,ilegivel,2025-07|2025-08|2025-09,5149.00,nao_extraido,0.28,solicitar_arquivo_legivel,sim,confirmado
inteli,graduacao_2026,INT-SYN-0027,arquivo_ilegivel,INT-SYN-0027-M2,responsavel,61,mei,renda,comprovante_mei_e_dasn_simei,renda_mei,condicional,INT-DOC-000269,ok,2025-07|2025-08|2025-09,5149.00,5149.00,0.97,nenhuma,nao,confirmado
inteli,graduacao_2026,INT-SYN-0027,arquivo_ilegivel,INT-SYN-0027-M2,responsavel,61,mei,gastos,comprovantes_saude,gasto_de_saude_declarado,condicional,INT-DOC-000270,ok,media_2025-07_a_2025-09,560.00,560.00,0.97,nenhuma,nao,confirmado
inteli,graduacao_2026,INT-SYN-0028,periodo_incompleto,INT-SYN-0028-M1,candidato,21,sem_renda,identificacao,rg_ou_cnh_candidato,todo_candidato,obrigatorio,INT-DOC-000271,ok,atual,nao_se_aplica,nao_se_aplica,0.97,nenhuma,nao,confirmado
inteli,graduacao_2026,INT-SYN-0028,periodo_incompleto,INT-SYN-0028-M2,responsavel,34,aposentado,identificacao,rg_cpf_adulto,todo_adulto,obrigatorio,INT-DOC-000272,ok,atual,nao_se_aplica,nao_se_aplica,0.97,nenhuma,nao,confirmado
inteli,graduacao_2026,INT-SYN-0028,periodo_incompleto,INT-SYN-0028-M2,responsavel,34,aposentado,residencia,comprovante_residencia_ultimo_mes,todo_grupo_familiar,obrigatorio,INT-DOC-000273,ok,2025-09,nao_se_aplica,nao_se_aplica,0.97,nenhuma,nao,confirmado
inteli,graduacao_2026,INT-SYN-0028,periodo_incompleto,INT-SYN-0028-M2,responsavel,34,aposentado,moradia,declaracao_cessao_imovel,moradia_cedida,condicional,INT-DOC-000274,ok,2025-09,1200.00,1200.00,0.97,nenhuma,nao,confirmado
inteli,graduacao_2026,INT-SYN-0028,periodo_incompleto,INT-SYN-0028-M2,responsavel,34,aposentado,trabalho,ctps,todo_adulto,obrigatorio,INT-DOC-000275,ok,atual,nao_se_aplica,nao_se_aplica,0.97,nenhuma,nao,confirmado
inteli,graduacao_2026,INT-SYN-0028,periodo_incompleto,INT-SYN-0028-M2,responsavel,34,aposentado,trabalho,cnis_completo,todo_adulto,obrigatorio,INT-DOC-000276,ok,atual,nao_se_aplica,nao_se_aplica,0.97,nenhuma,nao,confirmado
inteli,graduacao_2026,INT-SYN-0028,periodo_incompleto,INT-SYN-0028-M2,responsavel,34,aposentado,tributario,irpf_com_recibo_ou_nada_consta,todo_adulto,obrigatorio,INT-DOC-000277,ok,exercicio_2025_ano_base_2024,nao_se_aplica,nao_se_aplica,0.97,nenhuma,nao,confirmado
inteli,graduacao_2026,INT-SYN-0028,periodo_incompleto,INT-SYN-0028-M2,responsavel,34,aposentado,financeiro,extratos_todas_contas,todo_adulto,obrigatorio,INT-DOC-000278,periodo_incompleto,2025-07|2025-08|2025-09,5286.00,5286.00,0.89,solicitar_competencias_ausentes,sim,confirmado
inteli,graduacao_2026,INT-SYN-0028,periodo_incompleto,INT-SYN-0028-M2,responsavel,34,aposentado,renda,extrato_beneficio_3_meses,renda_aposentado,condicional,INT-DOC-000279,ok,2025-07|2025-08|2025-09,5286.00,5286.00,0.97,nenhuma,nao,confirmado
inteli,graduacao_2026,INT-SYN-0028,periodo_incompleto,INT-SYN-0028-M2,responsavel,34,aposentado,gastos,comprovantes_educacao,gasto_de_educacao_declarado,condicional,INT-DOC-000280,ok,media_2025-07_a_2025-09,250.00,250.00,0.97,nenhuma,nao,confirmado
inteli,graduacao_2026,INT-SYN-0029,valor_divergente,INT-SYN-0029-M1,candidato,22,sem_renda,identificacao,rg_ou_cnh_candidato,todo_candidato,obrigatorio,INT-DOC-000281,ok,atual,nao_se_aplica,nao_se_aplica,0.97,nenhuma,nao,confirmado
inteli,graduacao_2026,INT-SYN-0029,valor_divergente,INT-SYN-0029-M2,responsavel,35,desempregado,identificacao,rg_cpf_adulto,todo_adulto,obrigatorio,INT-DOC-000282,ok,atual,nao_se_aplica,nao_se_aplica,0.97,nenhuma,nao,confirmado
inteli,graduacao_2026,INT-SYN-0029,valor_divergente,INT-SYN-0029-M2,responsavel,35,desempregado,residencia,comprovante_residencia_ultimo_mes,todo_grupo_familiar,obrigatorio,INT-DOC-000283,ok,2025-09,nao_se_aplica,nao_se_aplica,0.97,nenhuma,nao,confirmado
inteli,graduacao_2026,INT-SYN-0029,valor_divergente,INT-SYN-0029-M2,responsavel,35,desempregado,moradia,irpf_ou_iptu,moradia_propria,condicional,INT-DOC-000284,ok,2025-09,1200.00,1200.00,0.97,nenhuma,nao,confirmado
inteli,graduacao_2026,INT-SYN-0029,valor_divergente,INT-SYN-0029-M2,responsavel,35,desempregado,trabalho,ctps,todo_adulto,obrigatorio,INT-DOC-000285,ok,atual,nao_se_aplica,nao_se_aplica,0.97,nenhuma,nao,confirmado
inteli,graduacao_2026,INT-SYN-0029,valor_divergente,INT-SYN-0029-M2,responsavel,35,desempregado,trabalho,cnis_completo,todo_adulto,obrigatorio,INT-DOC-000286,ok,atual,nao_se_aplica,nao_se_aplica,0.97,nenhuma,nao,confirmado
inteli,graduacao_2026,INT-SYN-0029,valor_divergente,INT-SYN-0029-M2,responsavel,35,desempregado,tributario,irpf_com_recibo_ou_nada_consta,todo_adulto,obrigatorio,INT-DOC-000287,ok,exercicio_2025_ano_base_2024,nao_se_aplica,nao_se_aplica,0.97,nenhuma,nao,confirmado
inteli,graduacao_2026,INT-SYN-0029,valor_divergente,INT-SYN-0029-M2,responsavel,35,desempregado,financeiro,extratos_todas_contas,todo_adulto,obrigatorio,INT-DOC-000288,divergente,2025-07|2025-08|2025-09,5423.00,6073.00,0.93,comparar_declaracao_e_documento,sim,confirmado
inteli,graduacao_2026,INT-SYN-0029,valor_divergente,INT-SYN-0029-M2,responsavel,35,desempregado,renda,rescisao_fgts_ou_declaracao_inatividade,renda_desempregado,condicional,INT-DOC-000289,ok,2025-07|2025-08|2025-09,5423.00,5423.00,0.97,nenhuma,nao,confirmado
inteli,graduacao_2026,INT-SYN-0029,valor_divergente,INT-SYN-0029-M2,responsavel,35,desempregado,patrimonio,crlv_ou_renavam,grupo_possui_veiculo,condicional,INT-DOC-000290,ok,media_2025-07_a_2025-09,nao_se_aplica,nao_se_aplica,0.97,nenhuma,nao,confirmado
inteli,graduacao_2026,INT-SYN-0030,documento_desatualizado,INT-SYN-0030-M1,candidato,23,sem_renda,identificacao,rg_ou_cnh_candidato,todo_candidato,obrigatorio,INT-DOC-000291,ok,atual,nao_se_aplica,nao_se_aplica,0.97,nenhuma,nao,confirmado
inteli,graduacao_2026,INT-SYN-0030,documento_desatualizado,INT-SYN-0030-M2,responsavel,36,autonomo,identificacao,rg_cpf_adulto,todo_adulto,obrigatorio,INT-DOC-000292,ok,atual,nao_se_aplica,nao_se_aplica,0.97,nenhuma,nao,confirmado
inteli,graduacao_2026,INT-SYN-0030,documento_desatualizado,INT-SYN-0030-M2,responsavel,36,autonomo,residencia,comprovante_residencia_ultimo_mes,todo_grupo_familiar,obrigatorio,INT-DOC-000293,desatualizado,2025-09,nao_se_aplica,nao_se_aplica,0.95,solicitar_documento_atualizado,sim,confirmado
inteli,graduacao_2026,INT-SYN-0030,documento_desatualizado,INT-SYN-0030-M2,responsavel,36,autonomo,moradia,comprovante_aluguel_ultimo_mes,moradia_alugada,condicional,INT-DOC-000294,ok,2025-09,1200.00,1200.00,0.97,nenhuma,nao,confirmado
inteli,graduacao_2026,INT-SYN-0030,documento_desatualizado,INT-SYN-0030-M2,responsavel,36,autonomo,trabalho,ctps,todo_adulto,obrigatorio,INT-DOC-000295,ok,atual,nao_se_aplica,nao_se_aplica,0.97,nenhuma,nao,confirmado
inteli,graduacao_2026,INT-SYN-0030,documento_desatualizado,INT-SYN-0030-M2,responsavel,36,autonomo,trabalho,cnis_completo,todo_adulto,obrigatorio,INT-DOC-000296,ok,atual,nao_se_aplica,nao_se_aplica,0.97,nenhuma,nao,confirmado
inteli,graduacao_2026,INT-SYN-0030,documento_desatualizado,INT-SYN-0030-M2,responsavel,36,autonomo,tributario,irpf_com_recibo_ou_nada_consta,todo_adulto,obrigatorio,INT-DOC-000297,ok,exercicio_2025_ano_base_2024,nao_se_aplica,nao_se_aplica,0.97,nenhuma,nao,confirmado
inteli,graduacao_2026,INT-SYN-0030,documento_desatualizado,INT-SYN-0030-M2,responsavel,36,autonomo,financeiro,extratos_todas_contas,todo_adulto,obrigatorio,INT-DOC-000298,ok,2025-07|2025-08|2025-09,5560.00,5560.00,0.97,nenhuma,nao,confirmado
inteli,graduacao_2026,INT-SYN-0030,documento_desatualizado,INT-SYN-0030-M2,responsavel,36,autonomo,renda,dasn_simei_ou_decore,renda_autonomo,condicional,INT-DOC-000299,ok,2025-07|2025-08|2025-09,5560.00,5560.00,0.97,nenhuma,nao,confirmado
inteli,graduacao_2026,INT-SYN-0030,documento_desatualizado,INT-SYN-0030-M2,responsavel,36,autonomo,renda,comprovante_ou_declaracao_pensao,recebe_pensao,condicional,INT-DOC-000300,ok,media_2025-07_a_2025-09,420.00,420.00,0.97,nenhuma,nao,confirmado
inteli,graduacao_2026,INT-SYN-0031,dossie_completo,INT-SYN-0031-M1,candidato,24,sem_renda,identificacao,rg_ou_cnh_candidato,todo_candidato,obrigatorio,INT-DOC-000301,ok,atual,nao_se_aplica,nao_se_aplica,0.97,nenhuma,nao,confirmado
inteli,graduacao_2026,INT-SYN-0031,dossie_completo,INT-SYN-0031-M2,responsavel,37,assalariado,identificacao,rg_cpf_adulto,todo_adulto,obrigatorio,INT-DOC-000302,ok,atual,nao_se_aplica,nao_se_aplica,0.97,nenhuma,nao,confirmado
inteli,graduacao_2026,INT-SYN-0031,dossie_completo,INT-SYN-0031-M2,responsavel,37,assalariado,residencia,comprovante_residencia_ultimo_mes,todo_grupo_familiar,obrigatorio,INT-DOC-000303,ok,2025-09,nao_se_aplica,nao_se_aplica,0.97,nenhuma,nao,confirmado
inteli,graduacao_2026,INT-SYN-0031,dossie_completo,INT-SYN-0031-M2,responsavel,37,assalariado,moradia,comprovante_financiamento_ultimo_mes,moradia_financiada,condicional,INT-DOC-000304,ok,2025-09,1200.00,1200.00,0.97,nenhuma,nao,confirmado
inteli,graduacao_2026,INT-SYN-0031,dossie_completo,INT-SYN-0031-M2,responsavel,37,assalariado,trabalho,ctps,todo_adulto,obrigatorio,INT-DOC-000305,ok,atual,nao_se_aplica,nao_se_aplica,0.97,nenhuma,nao,confirmado
inteli,graduacao_2026,INT-SYN-0031,dossie_completo,INT-SYN-0031-M2,responsavel,37,assalariado,trabalho,cnis_completo,todo_adulto,obrigatorio,INT-DOC-000306,ok,atual,nao_se_aplica,nao_se_aplica,0.97,nenhuma,nao,confirmado
inteli,graduacao_2026,INT-SYN-0031,dossie_completo,INT-SYN-0031-M2,responsavel,37,assalariado,tributario,irpf_com_recibo_ou_nada_consta,todo_adulto,obrigatorio,INT-DOC-000307,ok,exercicio_2025_ano_base_2024,nao_se_aplica,nao_se_aplica,0.97,nenhuma,nao,confirmado
inteli,graduacao_2026,INT-SYN-0031,dossie_completo,INT-SYN-0031-M2,responsavel,37,assalariado,financeiro,extratos_todas_contas,todo_adulto,obrigatorio,INT-DOC-000308,ok,2025-07|2025-08|2025-09,1497.00,1497.00,0.97,nenhuma,nao,confirmado
inteli,graduacao_2026,INT-SYN-0031,dossie_completo,INT-SYN-0031-M2,responsavel,37,assalariado,renda,holerites_3_meses,renda_assalariado,condicional,INT-DOC-000309,ok,2025-07|2025-08|2025-09,1497.00,1497.00,0.97,nenhuma,nao,confirmado
inteli,graduacao_2026,INT-SYN-0031,dossie_completo,INT-SYN-0031-M2,responsavel,37,assalariado,gastos,comprovantes_saude,gasto_de_saude_declarado,condicional,INT-DOC-000310,ok,media_2025-07_a_2025-09,560.00,560.00,0.97,nenhuma,nao,confirmado
inteli,graduacao_2026,INT-SYN-0032,documento_faltante,INT-SYN-0032-M1,candidato,17,sem_renda,identificacao,rg_ou_cnh_candidato,todo_candidato,obrigatorio,INT-DOC-000311,ok,atual,nao_se_aplica,nao_se_aplica,0.97,nenhuma,nao,confirmado
inteli,graduacao_2026,INT-SYN-0032,documento_faltante,INT-SYN-0032-M2,responsavel,38,trabalhador_informal,identificacao,rg_cpf_adulto,todo_adulto,obrigatorio,INT-DOC-000312,ok,atual,nao_se_aplica,nao_se_aplica,0.97,nenhuma,nao,confirmado
inteli,graduacao_2026,INT-SYN-0032,documento_faltante,INT-SYN-0032-M2,responsavel,38,trabalhador_informal,residencia,comprovante_residencia_ultimo_mes,todo_grupo_familiar,obrigatorio,INT-DOC-000313,ok,2025-09,nao_se_aplica,nao_se_aplica,0.97,nenhuma,nao,confirmado
inteli,graduacao_2026,INT-SYN-0032,documento_faltante,INT-SYN-0032-M2,responsavel,38,trabalhador_informal,moradia,declaracao_cessao_imovel,moradia_cedida,condicional,INT-DOC-000314,ok,2025-09,1200.00,1200.00,0.97,nenhuma,nao,confirmado
inteli,graduacao_2026,INT-SYN-0032,documento_faltante,INT-SYN-0032-M2,responsavel,38,trabalhador_informal,trabalho,ctps,todo_adulto,obrigatorio,INT-DOC-000315,ok,atual,nao_se_aplica,nao_se_aplica,0.97,nenhuma,nao,confirmado
inteli,graduacao_2026,INT-SYN-0032,documento_faltante,INT-SYN-0032-M2,responsavel,38,trabalhador_informal,trabalho,cnis_completo,todo_adulto,obrigatorio,INT-DOC-000316,ok,atual,nao_se_aplica,nao_se_aplica,0.97,nenhuma,nao,confirmado
inteli,graduacao_2026,INT-SYN-0032,documento_faltante,INT-SYN-0032-M2,responsavel,38,trabalhador_informal,tributario,irpf_com_recibo_ou_nada_consta,todo_adulto,obrigatorio,INT-DOC-000317,ok,exercicio_2025_ano_base_2024,nao_se_aplica,nao_se_aplica,0.97,nenhuma,nao,confirmado
inteli,graduacao_2026,INT-SYN-0032,documento_faltante,INT-SYN-0032-M2,responsavel,38,trabalhador_informal,financeiro,extratos_todas_contas,todo_adulto,obrigatorio,INT-DOC-000318,ok,2025-07|2025-08|2025-09,1634.00,1634.00,0.97,nenhuma,nao,confirmado
inteli,graduacao_2026,INT-SYN-0032,documento_faltante,INT-SYN-0032-M2,responsavel,38,trabalhador_informal,renda,declaracao_trabalho_informal,renda_trabalhador_informal,condicional,ausente,faltante,2025-07|2025-08|2025-09,1634.00,nao_extraido,0.00,solicitar_documento_faltante,sim,confirmado
inteli,graduacao_2026,INT-SYN-0032,documento_faltante,INT-SYN-0032-M2,responsavel,38,trabalhador_informal,gastos,comprovantes_educacao,gasto_de_educacao_declarado,condicional,INT-DOC-000320,ok,media_2025-07_a_2025-09,250.00,250.00,0.97,nenhuma,nao,confirmado
inteli,graduacao_2026,INT-SYN-0033,arquivo_ilegivel,INT-SYN-0033-M1,candidato,18,sem_renda,identificacao,rg_ou_cnh_candidato,todo_candidato,obrigatorio,INT-DOC-000321,ok,atual,nao_se_aplica,nao_se_aplica,0.97,nenhuma,nao,confirmado
inteli,graduacao_2026,INT-SYN-0033,arquivo_ilegivel,INT-SYN-0033-M2,responsavel,39,mei,identificacao,rg_cpf_adulto,todo_adulto,obrigatorio,INT-DOC-000322,ok,atual,nao_se_aplica,nao_se_aplica,0.97,nenhuma,nao,confirmado
inteli,graduacao_2026,INT-SYN-0033,arquivo_ilegivel,INT-SYN-0033-M2,responsavel,39,mei,residencia,comprovante_residencia_ultimo_mes,todo_grupo_familiar,obrigatorio,INT-DOC-000323,ok,2025-09,nao_se_aplica,nao_se_aplica,0.97,nenhuma,nao,confirmado
inteli,graduacao_2026,INT-SYN-0033,arquivo_ilegivel,INT-SYN-0033-M2,responsavel,39,mei,moradia,irpf_ou_iptu,moradia_propria,condicional,INT-DOC-000324,ok,2025-09,1200.00,1200.00,0.97,nenhuma,nao,confirmado
inteli,graduacao_2026,INT-SYN-0033,arquivo_ilegivel,INT-SYN-0033-M2,responsavel,39,mei,trabalho,ctps,todo_adulto,obrigatorio,INT-DOC-000325,ok,atual,nao_se_aplica,nao_se_aplica,0.97,nenhuma,nao,confirmado
inteli,graduacao_2026,INT-SYN-0033,arquivo_ilegivel,INT-SYN-0033-M2,responsavel,39,mei,trabalho,cnis_completo,todo_adulto,obrigatorio,INT-DOC-000326,ok,atual,nao_se_aplica,nao_se_aplica,0.97,nenhuma,nao,confirmado
inteli,graduacao_2026,INT-SYN-0033,arquivo_ilegivel,INT-SYN-0033-M2,responsavel,39,mei,tributario,irpf_com_recibo_ou_nada_consta,todo_adulto,obrigatorio,INT-DOC-000327,ok,exercicio_2025_ano_base_2024,nao_se_aplica,nao_se_aplica,0.97,nenhuma,nao,confirmado
inteli,graduacao_2026,INT-SYN-0033,arquivo_ilegivel,INT-SYN-0033-M2,responsavel,39,mei,financeiro,extratos_todas_contas,todo_adulto,obrigatorio,INT-DOC-000328,ilegivel,2025-07|2025-08|2025-09,1771.00,nao_extraido,0.28,solicitar_arquivo_legivel,sim,confirmado
inteli,graduacao_2026,INT-SYN-0033,arquivo_ilegivel,INT-SYN-0033-M2,responsavel,39,mei,renda,comprovante_mei_e_dasn_simei,renda_mei,condicional,INT-DOC-000329,ok,2025-07|2025-08|2025-09,1771.00,1771.00,0.97,nenhuma,nao,confirmado
inteli,graduacao_2026,INT-SYN-0033,arquivo_ilegivel,INT-SYN-0033-M2,responsavel,39,mei,patrimonio,crlv_ou_renavam,grupo_possui_veiculo,condicional,INT-DOC-000330,ok,media_2025-07_a_2025-09,nao_se_aplica,nao_se_aplica,0.97,nenhuma,nao,confirmado
inteli,graduacao_2026,INT-SYN-0034,periodo_incompleto,INT-SYN-0034-M1,candidato,19,sem_renda,identificacao,rg_ou_cnh_candidato,todo_candidato,obrigatorio,INT-DOC-000331,ok,atual,nao_se_aplica,nao_se_aplica,0.97,nenhuma,nao,confirmado
inteli,graduacao_2026,INT-SYN-0034,periodo_incompleto,INT-SYN-0034-M2,responsavel,40,aposentado,identificacao,rg_cpf_adulto,todo_adulto,obrigatorio,INT-DOC-000332,ok,atual,nao_se_aplica,nao_se_aplica,0.97,nenhuma,nao,confirmado
inteli,graduacao_2026,INT-SYN-0034,periodo_incompleto,INT-SYN-0034-M2,responsavel,40,aposentado,residencia,comprovante_residencia_ultimo_mes,todo_grupo_familiar,obrigatorio,INT-DOC-000333,ok,2025-09,nao_se_aplica,nao_se_aplica,0.97,nenhuma,nao,confirmado
inteli,graduacao_2026,INT-SYN-0034,periodo_incompleto,INT-SYN-0034-M2,responsavel,40,aposentado,moradia,comprovante_aluguel_ultimo_mes,moradia_alugada,condicional,INT-DOC-000334,ok,2025-09,1200.00,1200.00,0.97,nenhuma,nao,confirmado
inteli,graduacao_2026,INT-SYN-0034,periodo_incompleto,INT-SYN-0034-M2,responsavel,40,aposentado,trabalho,ctps,todo_adulto,obrigatorio,INT-DOC-000335,ok,atual,nao_se_aplica,nao_se_aplica,0.97,nenhuma,nao,confirmado
inteli,graduacao_2026,INT-SYN-0034,periodo_incompleto,INT-SYN-0034-M2,responsavel,40,aposentado,trabalho,cnis_completo,todo_adulto,obrigatorio,INT-DOC-000336,ok,atual,nao_se_aplica,nao_se_aplica,0.97,nenhuma,nao,confirmado
inteli,graduacao_2026,INT-SYN-0034,periodo_incompleto,INT-SYN-0034-M2,responsavel,40,aposentado,tributario,irpf_com_recibo_ou_nada_consta,todo_adulto,obrigatorio,INT-DOC-000337,ok,exercicio_2025_ano_base_2024,nao_se_aplica,nao_se_aplica,0.97,nenhuma,nao,confirmado
inteli,graduacao_2026,INT-SYN-0034,periodo_incompleto,INT-SYN-0034-M2,responsavel,40,aposentado,financeiro,extratos_todas_contas,todo_adulto,obrigatorio,INT-DOC-000338,periodo_incompleto,2025-07|2025-08|2025-09,1908.00,1908.00,0.89,solicitar_competencias_ausentes,sim,confirmado
inteli,graduacao_2026,INT-SYN-0034,periodo_incompleto,INT-SYN-0034-M2,responsavel,40,aposentado,renda,extrato_beneficio_3_meses,renda_aposentado,condicional,INT-DOC-000339,ok,2025-07|2025-08|2025-09,1908.00,1908.00,0.97,nenhuma,nao,confirmado
inteli,graduacao_2026,INT-SYN-0034,periodo_incompleto,INT-SYN-0034-M2,responsavel,40,aposentado,renda,comprovante_ou_declaracao_pensao,recebe_pensao,condicional,INT-DOC-000340,ok,media_2025-07_a_2025-09,420.00,420.00,0.97,nenhuma,nao,confirmado
inteli,graduacao_2026,INT-SYN-0035,valor_divergente,INT-SYN-0035-M1,candidato,20,sem_renda,identificacao,rg_ou_cnh_candidato,todo_candidato,obrigatorio,INT-DOC-000341,ok,atual,nao_se_aplica,nao_se_aplica,0.97,nenhuma,nao,confirmado
inteli,graduacao_2026,INT-SYN-0035,valor_divergente,INT-SYN-0035-M2,responsavel,41,desempregado,identificacao,rg_cpf_adulto,todo_adulto,obrigatorio,INT-DOC-000342,ok,atual,nao_se_aplica,nao_se_aplica,0.97,nenhuma,nao,confirmado
inteli,graduacao_2026,INT-SYN-0035,valor_divergente,INT-SYN-0035-M2,responsavel,41,desempregado,residencia,comprovante_residencia_ultimo_mes,todo_grupo_familiar,obrigatorio,INT-DOC-000343,ok,2025-09,nao_se_aplica,nao_se_aplica,0.97,nenhuma,nao,confirmado
inteli,graduacao_2026,INT-SYN-0035,valor_divergente,INT-SYN-0035-M2,responsavel,41,desempregado,moradia,comprovante_financiamento_ultimo_mes,moradia_financiada,condicional,INT-DOC-000344,ok,2025-09,1200.00,1200.00,0.97,nenhuma,nao,confirmado
inteli,graduacao_2026,INT-SYN-0035,valor_divergente,INT-SYN-0035-M2,responsavel,41,desempregado,trabalho,ctps,todo_adulto,obrigatorio,INT-DOC-000345,ok,atual,nao_se_aplica,nao_se_aplica,0.97,nenhuma,nao,confirmado
inteli,graduacao_2026,INT-SYN-0035,valor_divergente,INT-SYN-0035-M2,responsavel,41,desempregado,trabalho,cnis_completo,todo_adulto,obrigatorio,INT-DOC-000346,ok,atual,nao_se_aplica,nao_se_aplica,0.97,nenhuma,nao,confirmado
inteli,graduacao_2026,INT-SYN-0035,valor_divergente,INT-SYN-0035-M2,responsavel,41,desempregado,tributario,irpf_com_recibo_ou_nada_consta,todo_adulto,obrigatorio,INT-DOC-000347,ok,exercicio_2025_ano_base_2024,nao_se_aplica,nao_se_aplica,0.97,nenhuma,nao,confirmado
inteli,graduacao_2026,INT-SYN-0035,valor_divergente,INT-SYN-0035-M2,responsavel,41,desempregado,financeiro,extratos_todas_contas,todo_adulto,obrigatorio,INT-DOC-000348,divergente,2025-07|2025-08|2025-09,2045.00,2695.00,0.93,comparar_declaracao_e_documento,sim,confirmado
inteli,graduacao_2026,INT-SYN-0035,valor_divergente,INT-SYN-0035-M2,responsavel,41,desempregado,renda,rescisao_fgts_ou_declaracao_inatividade,renda_desempregado,condicional,INT-DOC-000349,ok,2025-07|2025-08|2025-09,2045.00,2045.00,0.97,nenhuma,nao,confirmado
inteli,graduacao_2026,INT-SYN-0035,valor_divergente,INT-SYN-0035-M2,responsavel,41,desempregado,gastos,comprovantes_saude,gasto_de_saude_declarado,condicional,INT-DOC-000350,ok,media_2025-07_a_2025-09,560.00,560.00,0.97,nenhuma,nao,confirmado
inteli,graduacao_2026,INT-SYN-0036,documento_desatualizado,INT-SYN-0036-M1,candidato,21,sem_renda,identificacao,rg_ou_cnh_candidato,todo_candidato,obrigatorio,INT-DOC-000351,ok,atual,nao_se_aplica,nao_se_aplica,0.97,nenhuma,nao,confirmado
inteli,graduacao_2026,INT-SYN-0036,documento_desatualizado,INT-SYN-0036-M2,responsavel,42,autonomo,identificacao,rg_cpf_adulto,todo_adulto,obrigatorio,INT-DOC-000352,ok,atual,nao_se_aplica,nao_se_aplica,0.97,nenhuma,nao,confirmado
inteli,graduacao_2026,INT-SYN-0036,documento_desatualizado,INT-SYN-0036-M2,responsavel,42,autonomo,residencia,comprovante_residencia_ultimo_mes,todo_grupo_familiar,obrigatorio,INT-DOC-000353,desatualizado,2025-09,nao_se_aplica,nao_se_aplica,0.95,solicitar_documento_atualizado,sim,confirmado
inteli,graduacao_2026,INT-SYN-0036,documento_desatualizado,INT-SYN-0036-M2,responsavel,42,autonomo,moradia,declaracao_cessao_imovel,moradia_cedida,condicional,INT-DOC-000354,ok,2025-09,1200.00,1200.00,0.97,nenhuma,nao,confirmado
inteli,graduacao_2026,INT-SYN-0036,documento_desatualizado,INT-SYN-0036-M2,responsavel,42,autonomo,trabalho,ctps,todo_adulto,obrigatorio,INT-DOC-000355,ok,atual,nao_se_aplica,nao_se_aplica,0.97,nenhuma,nao,confirmado
inteli,graduacao_2026,INT-SYN-0036,documento_desatualizado,INT-SYN-0036-M2,responsavel,42,autonomo,trabalho,cnis_completo,todo_adulto,obrigatorio,INT-DOC-000356,ok,atual,nao_se_aplica,nao_se_aplica,0.97,nenhuma,nao,confirmado
inteli,graduacao_2026,INT-SYN-0036,documento_desatualizado,INT-SYN-0036-M2,responsavel,42,autonomo,tributario,irpf_com_recibo_ou_nada_consta,todo_adulto,obrigatorio,INT-DOC-000357,ok,exercicio_2025_ano_base_2024,nao_se_aplica,nao_se_aplica,0.97,nenhuma,nao,confirmado
inteli,graduacao_2026,INT-SYN-0036,documento_desatualizado,INT-SYN-0036-M2,responsavel,42,autonomo,financeiro,extratos_todas_contas,todo_adulto,obrigatorio,INT-DOC-000358,ok,2025-07|2025-08|2025-09,2182.00,2182.00,0.97,nenhuma,nao,confirmado
inteli,graduacao_2026,INT-SYN-0036,documento_desatualizado,INT-SYN-0036-M2,responsavel,42,autonomo,renda,dasn_simei_ou_decore,renda_autonomo,condicional,INT-DOC-000359,ok,2025-07|2025-08|2025-09,2182.00,2182.00,0.97,nenhuma,nao,confirmado
inteli,graduacao_2026,INT-SYN-0036,documento_desatualizado,INT-SYN-0036-M2,responsavel,42,autonomo,gastos,comprovantes_educacao,gasto_de_educacao_declarado,condicional,INT-DOC-000360,ok,media_2025-07_a_2025-09,250.00,250.00,0.97,nenhuma,nao,confirmado
inteli,graduacao_2026,INT-SYN-0037,dossie_completo,INT-SYN-0037-M1,candidato,22,sem_renda,identificacao,rg_ou_cnh_candidato,todo_candidato,obrigatorio,INT-DOC-000361,ok,atual,nao_se_aplica,nao_se_aplica,0.97,nenhuma,nao,confirmado
inteli,graduacao_2026,INT-SYN-0037,dossie_completo,INT-SYN-0037-M2,responsavel,43,assalariado,identificacao,rg_cpf_adulto,todo_adulto,obrigatorio,INT-DOC-000362,ok,atual,nao_se_aplica,nao_se_aplica,0.97,nenhuma,nao,confirmado
inteli,graduacao_2026,INT-SYN-0037,dossie_completo,INT-SYN-0037-M2,responsavel,43,assalariado,residencia,comprovante_residencia_ultimo_mes,todo_grupo_familiar,obrigatorio,INT-DOC-000363,ok,2025-09,nao_se_aplica,nao_se_aplica,0.97,nenhuma,nao,confirmado
inteli,graduacao_2026,INT-SYN-0037,dossie_completo,INT-SYN-0037-M2,responsavel,43,assalariado,moradia,irpf_ou_iptu,moradia_propria,condicional,INT-DOC-000364,ok,2025-09,1200.00,1200.00,0.97,nenhuma,nao,confirmado
inteli,graduacao_2026,INT-SYN-0037,dossie_completo,INT-SYN-0037-M2,responsavel,43,assalariado,trabalho,ctps,todo_adulto,obrigatorio,INT-DOC-000365,ok,atual,nao_se_aplica,nao_se_aplica,0.97,nenhuma,nao,confirmado
inteli,graduacao_2026,INT-SYN-0037,dossie_completo,INT-SYN-0037-M2,responsavel,43,assalariado,trabalho,cnis_completo,todo_adulto,obrigatorio,INT-DOC-000366,ok,atual,nao_se_aplica,nao_se_aplica,0.97,nenhuma,nao,confirmado
inteli,graduacao_2026,INT-SYN-0037,dossie_completo,INT-SYN-0037-M2,responsavel,43,assalariado,tributario,irpf_com_recibo_ou_nada_consta,todo_adulto,obrigatorio,INT-DOC-000367,ok,exercicio_2025_ano_base_2024,nao_se_aplica,nao_se_aplica,0.97,nenhuma,nao,confirmado
inteli,graduacao_2026,INT-SYN-0037,dossie_completo,INT-SYN-0037-M2,responsavel,43,assalariado,financeiro,extratos_todas_contas,todo_adulto,obrigatorio,INT-DOC-000368,ok,2025-07|2025-08|2025-09,2319.00,2319.00,0.97,nenhuma,nao,confirmado
inteli,graduacao_2026,INT-SYN-0037,dossie_completo,INT-SYN-0037-M2,responsavel,43,assalariado,renda,holerites_3_meses,renda_assalariado,condicional,INT-DOC-000369,ok,2025-07|2025-08|2025-09,2319.00,2319.00,0.97,nenhuma,nao,confirmado
inteli,graduacao_2026,INT-SYN-0037,dossie_completo,INT-SYN-0037-M2,responsavel,43,assalariado,patrimonio,crlv_ou_renavam,grupo_possui_veiculo,condicional,INT-DOC-000370,ok,media_2025-07_a_2025-09,nao_se_aplica,nao_se_aplica,0.97,nenhuma,nao,confirmado
inteli,graduacao_2026,INT-SYN-0038,documento_faltante,INT-SYN-0038-M1,candidato,23,sem_renda,identificacao,rg_ou_cnh_candidato,todo_candidato,obrigatorio,INT-DOC-000371,ok,atual,nao_se_aplica,nao_se_aplica,0.97,nenhuma,nao,confirmado
inteli,graduacao_2026,INT-SYN-0038,documento_faltante,INT-SYN-0038-M2,responsavel,44,trabalhador_informal,identificacao,rg_cpf_adulto,todo_adulto,obrigatorio,INT-DOC-000372,ok,atual,nao_se_aplica,nao_se_aplica,0.97,nenhuma,nao,confirmado
inteli,graduacao_2026,INT-SYN-0038,documento_faltante,INT-SYN-0038-M2,responsavel,44,trabalhador_informal,residencia,comprovante_residencia_ultimo_mes,todo_grupo_familiar,obrigatorio,INT-DOC-000373,ok,2025-09,nao_se_aplica,nao_se_aplica,0.97,nenhuma,nao,confirmado
inteli,graduacao_2026,INT-SYN-0038,documento_faltante,INT-SYN-0038-M2,responsavel,44,trabalhador_informal,moradia,comprovante_aluguel_ultimo_mes,moradia_alugada,condicional,INT-DOC-000374,ok,2025-09,1200.00,1200.00,0.97,nenhuma,nao,confirmado
inteli,graduacao_2026,INT-SYN-0038,documento_faltante,INT-SYN-0038-M2,responsavel,44,trabalhador_informal,trabalho,ctps,todo_adulto,obrigatorio,INT-DOC-000375,ok,atual,nao_se_aplica,nao_se_aplica,0.97,nenhuma,nao,confirmado
inteli,graduacao_2026,INT-SYN-0038,documento_faltante,INT-SYN-0038-M2,responsavel,44,trabalhador_informal,trabalho,cnis_completo,todo_adulto,obrigatorio,INT-DOC-000376,ok,atual,nao_se_aplica,nao_se_aplica,0.97,nenhuma,nao,confirmado
inteli,graduacao_2026,INT-SYN-0038,documento_faltante,INT-SYN-0038-M2,responsavel,44,trabalhador_informal,tributario,irpf_com_recibo_ou_nada_consta,todo_adulto,obrigatorio,INT-DOC-000377,ok,exercicio_2025_ano_base_2024,nao_se_aplica,nao_se_aplica,0.97,nenhuma,nao,confirmado
inteli,graduacao_2026,INT-SYN-0038,documento_faltante,INT-SYN-0038-M2,responsavel,44,trabalhador_informal,financeiro,extratos_todas_contas,todo_adulto,obrigatorio,INT-DOC-000378,ok,2025-07|2025-08|2025-09,2456.00,2456.00,0.97,nenhuma,nao,confirmado
inteli,graduacao_2026,INT-SYN-0038,documento_faltante,INT-SYN-0038-M2,responsavel,44,trabalhador_informal,renda,declaracao_trabalho_informal,renda_trabalhador_informal,condicional,ausente,faltante,2025-07|2025-08|2025-09,2456.00,nao_extraido,0.00,solicitar_documento_faltante,sim,confirmado
inteli,graduacao_2026,INT-SYN-0038,documento_faltante,INT-SYN-0038-M2,responsavel,44,trabalhador_informal,renda,comprovante_ou_declaracao_pensao,recebe_pensao,condicional,INT-DOC-000380,ok,media_2025-07_a_2025-09,420.00,420.00,0.97,nenhuma,nao,confirmado
inteli,graduacao_2026,INT-SYN-0039,arquivo_ilegivel,INT-SYN-0039-M1,candidato,24,sem_renda,identificacao,rg_ou_cnh_candidato,todo_candidato,obrigatorio,INT-DOC-000381,ok,atual,nao_se_aplica,nao_se_aplica,0.97,nenhuma,nao,confirmado
inteli,graduacao_2026,INT-SYN-0039,arquivo_ilegivel,INT-SYN-0039-M2,responsavel,45,mei,identificacao,rg_cpf_adulto,todo_adulto,obrigatorio,INT-DOC-000382,ok,atual,nao_se_aplica,nao_se_aplica,0.97,nenhuma,nao,confirmado
inteli,graduacao_2026,INT-SYN-0039,arquivo_ilegivel,INT-SYN-0039-M2,responsavel,45,mei,residencia,comprovante_residencia_ultimo_mes,todo_grupo_familiar,obrigatorio,INT-DOC-000383,ok,2025-09,nao_se_aplica,nao_se_aplica,0.97,nenhuma,nao,confirmado
inteli,graduacao_2026,INT-SYN-0039,arquivo_ilegivel,INT-SYN-0039-M2,responsavel,45,mei,moradia,comprovante_financiamento_ultimo_mes,moradia_financiada,condicional,INT-DOC-000384,ok,2025-09,1200.00,1200.00,0.97,nenhuma,nao,confirmado
inteli,graduacao_2026,INT-SYN-0039,arquivo_ilegivel,INT-SYN-0039-M2,responsavel,45,mei,trabalho,ctps,todo_adulto,obrigatorio,INT-DOC-000385,ok,atual,nao_se_aplica,nao_se_aplica,0.97,nenhuma,nao,confirmado
inteli,graduacao_2026,INT-SYN-0039,arquivo_ilegivel,INT-SYN-0039-M2,responsavel,45,mei,trabalho,cnis_completo,todo_adulto,obrigatorio,INT-DOC-000386,ok,atual,nao_se_aplica,nao_se_aplica,0.97,nenhuma,nao,confirmado
inteli,graduacao_2026,INT-SYN-0039,arquivo_ilegivel,INT-SYN-0039-M2,responsavel,45,mei,tributario,irpf_com_recibo_ou_nada_consta,todo_adulto,obrigatorio,INT-DOC-000387,ok,exercicio_2025_ano_base_2024,nao_se_aplica,nao_se_aplica,0.97,nenhuma,nao,confirmado
inteli,graduacao_2026,INT-SYN-0039,arquivo_ilegivel,INT-SYN-0039-M2,responsavel,45,mei,financeiro,extratos_todas_contas,todo_adulto,obrigatorio,INT-DOC-000388,ilegivel,2025-07|2025-08|2025-09,2593.00,nao_extraido,0.28,solicitar_arquivo_legivel,sim,confirmado
inteli,graduacao_2026,INT-SYN-0039,arquivo_ilegivel,INT-SYN-0039-M2,responsavel,45,mei,renda,comprovante_mei_e_dasn_simei,renda_mei,condicional,INT-DOC-000389,ok,2025-07|2025-08|2025-09,2593.00,2593.00,0.97,nenhuma,nao,confirmado
inteli,graduacao_2026,INT-SYN-0039,arquivo_ilegivel,INT-SYN-0039-M2,responsavel,45,mei,gastos,comprovantes_saude,gasto_de_saude_declarado,condicional,INT-DOC-000390,ok,media_2025-07_a_2025-09,560.00,560.00,0.97,nenhuma,nao,confirmado
inteli,graduacao_2026,INT-SYN-0040,periodo_incompleto,INT-SYN-0040-M1,candidato,17,sem_renda,identificacao,rg_ou_cnh_candidato,todo_candidato,obrigatorio,INT-DOC-000391,ok,atual,nao_se_aplica,nao_se_aplica,0.97,nenhuma,nao,confirmado
inteli,graduacao_2026,INT-SYN-0040,periodo_incompleto,INT-SYN-0040-M2,responsavel,46,aposentado,identificacao,rg_cpf_adulto,todo_adulto,obrigatorio,INT-DOC-000392,ok,atual,nao_se_aplica,nao_se_aplica,0.97,nenhuma,nao,confirmado
inteli,graduacao_2026,INT-SYN-0040,periodo_incompleto,INT-SYN-0040-M2,responsavel,46,aposentado,residencia,comprovante_residencia_ultimo_mes,todo_grupo_familiar,obrigatorio,INT-DOC-000393,ok,2025-09,nao_se_aplica,nao_se_aplica,0.97,nenhuma,nao,confirmado
inteli,graduacao_2026,INT-SYN-0040,periodo_incompleto,INT-SYN-0040-M2,responsavel,46,aposentado,moradia,declaracao_cessao_imovel,moradia_cedida,condicional,INT-DOC-000394,ok,2025-09,1200.00,1200.00,0.97,nenhuma,nao,confirmado
inteli,graduacao_2026,INT-SYN-0040,periodo_incompleto,INT-SYN-0040-M2,responsavel,46,aposentado,trabalho,ctps,todo_adulto,obrigatorio,INT-DOC-000395,ok,atual,nao_se_aplica,nao_se_aplica,0.97,nenhuma,nao,confirmado
inteli,graduacao_2026,INT-SYN-0040,periodo_incompleto,INT-SYN-0040-M2,responsavel,46,aposentado,trabalho,cnis_completo,todo_adulto,obrigatorio,INT-DOC-000396,ok,atual,nao_se_aplica,nao_se_aplica,0.97,nenhuma,nao,confirmado
inteli,graduacao_2026,INT-SYN-0040,periodo_incompleto,INT-SYN-0040-M2,responsavel,46,aposentado,tributario,irpf_com_recibo_ou_nada_consta,todo_adulto,obrigatorio,INT-DOC-000397,ok,exercicio_2025_ano_base_2024,nao_se_aplica,nao_se_aplica,0.97,nenhuma,nao,confirmado
inteli,graduacao_2026,INT-SYN-0040,periodo_incompleto,INT-SYN-0040-M2,responsavel,46,aposentado,financeiro,extratos_todas_contas,todo_adulto,obrigatorio,INT-DOC-000398,periodo_incompleto,2025-07|2025-08|2025-09,2730.00,2730.00,0.89,solicitar_competencias_ausentes,sim,confirmado
inteli,graduacao_2026,INT-SYN-0040,periodo_incompleto,INT-SYN-0040-M2,responsavel,46,aposentado,renda,extrato_beneficio_3_meses,renda_aposentado,condicional,INT-DOC-000399,ok,2025-07|2025-08|2025-09,2730.00,2730.00,0.97,nenhuma,nao,confirmado
inteli,graduacao_2026,INT-SYN-0040,periodo_incompleto,INT-SYN-0040-M2,responsavel,46,aposentado,gastos,comprovantes_educacao,gasto_de_educacao_declarado,condicional,INT-DOC-000400,ok,media_2025-07_a_2025-09,250.00,250.00,0.97,nenhuma,nao,confirmado
inteli,graduacao_2026,INT-SYN-0041,valor_divergente,INT-SYN-0041-M1,candidato,18,sem_renda,identificacao,rg_ou_cnh_candidato,todo_candidato,obrigatorio,INT-DOC-000401,ok,atual,nao_se_aplica,nao_se_aplica,0.97,nenhuma,nao,confirmado
inteli,graduacao_2026,INT-SYN-0041,valor_divergente,INT-SYN-0041-M2,responsavel,47,desempregado,identificacao,rg_cpf_adulto,todo_adulto,obrigatorio,INT-DOC-000402,ok,atual,nao_se_aplica,nao_se_aplica,0.97,nenhuma,nao,confirmado
inteli,graduacao_2026,INT-SYN-0041,valor_divergente,INT-SYN-0041-M2,responsavel,47,desempregado,residencia,comprovante_residencia_ultimo_mes,todo_grupo_familiar,obrigatorio,INT-DOC-000403,ok,2025-09,nao_se_aplica,nao_se_aplica,0.97,nenhuma,nao,confirmado
inteli,graduacao_2026,INT-SYN-0041,valor_divergente,INT-SYN-0041-M2,responsavel,47,desempregado,moradia,irpf_ou_iptu,moradia_propria,condicional,INT-DOC-000404,ok,2025-09,1200.00,1200.00,0.97,nenhuma,nao,confirmado
inteli,graduacao_2026,INT-SYN-0041,valor_divergente,INT-SYN-0041-M2,responsavel,47,desempregado,trabalho,ctps,todo_adulto,obrigatorio,INT-DOC-000405,ok,atual,nao_se_aplica,nao_se_aplica,0.97,nenhuma,nao,confirmado
inteli,graduacao_2026,INT-SYN-0041,valor_divergente,INT-SYN-0041-M2,responsavel,47,desempregado,trabalho,cnis_completo,todo_adulto,obrigatorio,INT-DOC-000406,ok,atual,nao_se_aplica,nao_se_aplica,0.97,nenhuma,nao,confirmado
inteli,graduacao_2026,INT-SYN-0041,valor_divergente,INT-SYN-0041-M2,responsavel,47,desempregado,tributario,irpf_com_recibo_ou_nada_consta,todo_adulto,obrigatorio,INT-DOC-000407,ok,exercicio_2025_ano_base_2024,nao_se_aplica,nao_se_aplica,0.97,nenhuma,nao,confirmado
inteli,graduacao_2026,INT-SYN-0041,valor_divergente,INT-SYN-0041-M2,responsavel,47,desempregado,financeiro,extratos_todas_contas,todo_adulto,obrigatorio,INT-DOC-000408,divergente,2025-07|2025-08|2025-09,2867.00,3517.00,0.93,comparar_declaracao_e_documento,sim,confirmado
inteli,graduacao_2026,INT-SYN-0041,valor_divergente,INT-SYN-0041-M2,responsavel,47,desempregado,renda,rescisao_fgts_ou_declaracao_inatividade,renda_desempregado,condicional,INT-DOC-000409,ok,2025-07|2025-08|2025-09,2867.00,2867.00,0.97,nenhuma,nao,confirmado
inteli,graduacao_2026,INT-SYN-0041,valor_divergente,INT-SYN-0041-M2,responsavel,47,desempregado,patrimonio,crlv_ou_renavam,grupo_possui_veiculo,condicional,INT-DOC-000410,ok,media_2025-07_a_2025-09,nao_se_aplica,nao_se_aplica,0.97,nenhuma,nao,confirmado
inteli,graduacao_2026,INT-SYN-0042,documento_desatualizado,INT-SYN-0042-M1,candidato,19,sem_renda,identificacao,rg_ou_cnh_candidato,todo_candidato,obrigatorio,INT-DOC-000411,ok,atual,nao_se_aplica,nao_se_aplica,0.97,nenhuma,nao,confirmado
inteli,graduacao_2026,INT-SYN-0042,documento_desatualizado,INT-SYN-0042-M2,responsavel,48,autonomo,identificacao,rg_cpf_adulto,todo_adulto,obrigatorio,INT-DOC-000412,ok,atual,nao_se_aplica,nao_se_aplica,0.97,nenhuma,nao,confirmado
inteli,graduacao_2026,INT-SYN-0042,documento_desatualizado,INT-SYN-0042-M2,responsavel,48,autonomo,residencia,comprovante_residencia_ultimo_mes,todo_grupo_familiar,obrigatorio,INT-DOC-000413,desatualizado,2025-09,nao_se_aplica,nao_se_aplica,0.95,solicitar_documento_atualizado,sim,confirmado
inteli,graduacao_2026,INT-SYN-0042,documento_desatualizado,INT-SYN-0042-M2,responsavel,48,autonomo,moradia,comprovante_aluguel_ultimo_mes,moradia_alugada,condicional,INT-DOC-000414,ok,2025-09,1200.00,1200.00,0.97,nenhuma,nao,confirmado
inteli,graduacao_2026,INT-SYN-0042,documento_desatualizado,INT-SYN-0042-M2,responsavel,48,autonomo,trabalho,ctps,todo_adulto,obrigatorio,INT-DOC-000415,ok,atual,nao_se_aplica,nao_se_aplica,0.97,nenhuma,nao,confirmado
inteli,graduacao_2026,INT-SYN-0042,documento_desatualizado,INT-SYN-0042-M2,responsavel,48,autonomo,trabalho,cnis_completo,todo_adulto,obrigatorio,INT-DOC-000416,ok,atual,nao_se_aplica,nao_se_aplica,0.97,nenhuma,nao,confirmado
inteli,graduacao_2026,INT-SYN-0042,documento_desatualizado,INT-SYN-0042-M2,responsavel,48,autonomo,tributario,irpf_com_recibo_ou_nada_consta,todo_adulto,obrigatorio,INT-DOC-000417,ok,exercicio_2025_ano_base_2024,nao_se_aplica,nao_se_aplica,0.97,nenhuma,nao,confirmado
inteli,graduacao_2026,INT-SYN-0042,documento_desatualizado,INT-SYN-0042-M2,responsavel,48,autonomo,financeiro,extratos_todas_contas,todo_adulto,obrigatorio,INT-DOC-000418,ok,2025-07|2025-08|2025-09,3004.00,3004.00,0.97,nenhuma,nao,confirmado
inteli,graduacao_2026,INT-SYN-0042,documento_desatualizado,INT-SYN-0042-M2,responsavel,48,autonomo,renda,dasn_simei_ou_decore,renda_autonomo,condicional,INT-DOC-000419,ok,2025-07|2025-08|2025-09,3004.00,3004.00,0.97,nenhuma,nao,confirmado
inteli,graduacao_2026,INT-SYN-0042,documento_desatualizado,INT-SYN-0042-M2,responsavel,48,autonomo,renda,comprovante_ou_declaracao_pensao,recebe_pensao,condicional,INT-DOC-000420,ok,media_2025-07_a_2025-09,420.00,420.00,0.97,nenhuma,nao,confirmado
inteli,graduacao_2026,INT-SYN-0043,dossie_completo,INT-SYN-0043-M1,candidato,20,sem_renda,identificacao,rg_ou_cnh_candidato,todo_candidato,obrigatorio,INT-DOC-000421,ok,atual,nao_se_aplica,nao_se_aplica,0.97,nenhuma,nao,confirmado
inteli,graduacao_2026,INT-SYN-0043,dossie_completo,INT-SYN-0043-M2,responsavel,49,assalariado,identificacao,rg_cpf_adulto,todo_adulto,obrigatorio,INT-DOC-000422,ok,atual,nao_se_aplica,nao_se_aplica,0.97,nenhuma,nao,confirmado
inteli,graduacao_2026,INT-SYN-0043,dossie_completo,INT-SYN-0043-M2,responsavel,49,assalariado,residencia,comprovante_residencia_ultimo_mes,todo_grupo_familiar,obrigatorio,INT-DOC-000423,ok,2025-09,nao_se_aplica,nao_se_aplica,0.97,nenhuma,nao,confirmado
inteli,graduacao_2026,INT-SYN-0043,dossie_completo,INT-SYN-0043-M2,responsavel,49,assalariado,moradia,comprovante_financiamento_ultimo_mes,moradia_financiada,condicional,INT-DOC-000424,ok,2025-09,1200.00,1200.00,0.97,nenhuma,nao,confirmado
inteli,graduacao_2026,INT-SYN-0043,dossie_completo,INT-SYN-0043-M2,responsavel,49,assalariado,trabalho,ctps,todo_adulto,obrigatorio,INT-DOC-000425,ok,atual,nao_se_aplica,nao_se_aplica,0.97,nenhuma,nao,confirmado
inteli,graduacao_2026,INT-SYN-0043,dossie_completo,INT-SYN-0043-M2,responsavel,49,assalariado,trabalho,cnis_completo,todo_adulto,obrigatorio,INT-DOC-000426,ok,atual,nao_se_aplica,nao_se_aplica,0.97,nenhuma,nao,confirmado
inteli,graduacao_2026,INT-SYN-0043,dossie_completo,INT-SYN-0043-M2,responsavel,49,assalariado,tributario,irpf_com_recibo_ou_nada_consta,todo_adulto,obrigatorio,INT-DOC-000427,ok,exercicio_2025_ano_base_2024,nao_se_aplica,nao_se_aplica,0.97,nenhuma,nao,confirmado
inteli,graduacao_2026,INT-SYN-0043,dossie_completo,INT-SYN-0043-M2,responsavel,49,assalariado,financeiro,extratos_todas_contas,todo_adulto,obrigatorio,INT-DOC-000428,ok,2025-07|2025-08|2025-09,3141.00,3141.00,0.97,nenhuma,nao,confirmado
inteli,graduacao_2026,INT-SYN-0043,dossie_completo,INT-SYN-0043-M2,responsavel,49,assalariado,renda,holerites_3_meses,renda_assalariado,condicional,INT-DOC-000429,ok,2025-07|2025-08|2025-09,3141.00,3141.00,0.97,nenhuma,nao,confirmado
inteli,graduacao_2026,INT-SYN-0043,dossie_completo,INT-SYN-0043-M2,responsavel,49,assalariado,gastos,comprovantes_saude,gasto_de_saude_declarado,condicional,INT-DOC-000430,ok,media_2025-07_a_2025-09,560.00,560.00,0.97,nenhuma,nao,confirmado
inteli,graduacao_2026,INT-SYN-0044,documento_faltante,INT-SYN-0044-M1,candidato,21,sem_renda,identificacao,rg_ou_cnh_candidato,todo_candidato,obrigatorio,INT-DOC-000431,ok,atual,nao_se_aplica,nao_se_aplica,0.97,nenhuma,nao,confirmado
inteli,graduacao_2026,INT-SYN-0044,documento_faltante,INT-SYN-0044-M2,responsavel,50,trabalhador_informal,identificacao,rg_cpf_adulto,todo_adulto,obrigatorio,INT-DOC-000432,ok,atual,nao_se_aplica,nao_se_aplica,0.97,nenhuma,nao,confirmado
inteli,graduacao_2026,INT-SYN-0044,documento_faltante,INT-SYN-0044-M2,responsavel,50,trabalhador_informal,residencia,comprovante_residencia_ultimo_mes,todo_grupo_familiar,obrigatorio,INT-DOC-000433,ok,2025-09,nao_se_aplica,nao_se_aplica,0.97,nenhuma,nao,confirmado
inteli,graduacao_2026,INT-SYN-0044,documento_faltante,INT-SYN-0044-M2,responsavel,50,trabalhador_informal,moradia,declaracao_cessao_imovel,moradia_cedida,condicional,INT-DOC-000434,ok,2025-09,1200.00,1200.00,0.97,nenhuma,nao,confirmado
inteli,graduacao_2026,INT-SYN-0044,documento_faltante,INT-SYN-0044-M2,responsavel,50,trabalhador_informal,trabalho,ctps,todo_adulto,obrigatorio,INT-DOC-000435,ok,atual,nao_se_aplica,nao_se_aplica,0.97,nenhuma,nao,confirmado
inteli,graduacao_2026,INT-SYN-0044,documento_faltante,INT-SYN-0044-M2,responsavel,50,trabalhador_informal,trabalho,cnis_completo,todo_adulto,obrigatorio,INT-DOC-000436,ok,atual,nao_se_aplica,nao_se_aplica,0.97,nenhuma,nao,confirmado
inteli,graduacao_2026,INT-SYN-0044,documento_faltante,INT-SYN-0044-M2,responsavel,50,trabalhador_informal,tributario,irpf_com_recibo_ou_nada_consta,todo_adulto,obrigatorio,INT-DOC-000437,ok,exercicio_2025_ano_base_2024,nao_se_aplica,nao_se_aplica,0.97,nenhuma,nao,confirmado
inteli,graduacao_2026,INT-SYN-0044,documento_faltante,INT-SYN-0044-M2,responsavel,50,trabalhador_informal,financeiro,extratos_todas_contas,todo_adulto,obrigatorio,INT-DOC-000438,ok,2025-07|2025-08|2025-09,3278.00,3278.00,0.97,nenhuma,nao,confirmado
inteli,graduacao_2026,INT-SYN-0044,documento_faltante,INT-SYN-0044-M2,responsavel,50,trabalhador_informal,renda,declaracao_trabalho_informal,renda_trabalhador_informal,condicional,ausente,faltante,2025-07|2025-08|2025-09,3278.00,nao_extraido,0.00,solicitar_documento_faltante,sim,confirmado
inteli,graduacao_2026,INT-SYN-0044,documento_faltante,INT-SYN-0044-M2,responsavel,50,trabalhador_informal,gastos,comprovantes_educacao,gasto_de_educacao_declarado,condicional,INT-DOC-000440,ok,media_2025-07_a_2025-09,250.00,250.00,0.97,nenhuma,nao,confirmado
inteli,graduacao_2026,INT-SYN-0045,arquivo_ilegivel,INT-SYN-0045-M1,candidato,22,sem_renda,identificacao,rg_ou_cnh_candidato,todo_candidato,obrigatorio,INT-DOC-000441,ok,atual,nao_se_aplica,nao_se_aplica,0.97,nenhuma,nao,confirmado
inteli,graduacao_2026,INT-SYN-0045,arquivo_ilegivel,INT-SYN-0045-M2,responsavel,51,mei,identificacao,rg_cpf_adulto,todo_adulto,obrigatorio,INT-DOC-000442,ok,atual,nao_se_aplica,nao_se_aplica,0.97,nenhuma,nao,confirmado
inteli,graduacao_2026,INT-SYN-0045,arquivo_ilegivel,INT-SYN-0045-M2,responsavel,51,mei,residencia,comprovante_residencia_ultimo_mes,todo_grupo_familiar,obrigatorio,INT-DOC-000443,ok,2025-09,nao_se_aplica,nao_se_aplica,0.97,nenhuma,nao,confirmado
inteli,graduacao_2026,INT-SYN-0045,arquivo_ilegivel,INT-SYN-0045-M2,responsavel,51,mei,moradia,irpf_ou_iptu,moradia_propria,condicional,INT-DOC-000444,ok,2025-09,1200.00,1200.00,0.97,nenhuma,nao,confirmado
inteli,graduacao_2026,INT-SYN-0045,arquivo_ilegivel,INT-SYN-0045-M2,responsavel,51,mei,trabalho,ctps,todo_adulto,obrigatorio,INT-DOC-000445,ok,atual,nao_se_aplica,nao_se_aplica,0.97,nenhuma,nao,confirmado
inteli,graduacao_2026,INT-SYN-0045,arquivo_ilegivel,INT-SYN-0045-M2,responsavel,51,mei,trabalho,cnis_completo,todo_adulto,obrigatorio,INT-DOC-000446,ok,atual,nao_se_aplica,nao_se_aplica,0.97,nenhuma,nao,confirmado
inteli,graduacao_2026,INT-SYN-0045,arquivo_ilegivel,INT-SYN-0045-M2,responsavel,51,mei,tributario,irpf_com_recibo_ou_nada_consta,todo_adulto,obrigatorio,INT-DOC-000447,ok,exercicio_2025_ano_base_2024,nao_se_aplica,nao_se_aplica,0.97,nenhuma,nao,confirmado
inteli,graduacao_2026,INT-SYN-0045,arquivo_ilegivel,INT-SYN-0045-M2,responsavel,51,mei,financeiro,extratos_todas_contas,todo_adulto,obrigatorio,INT-DOC-000448,ilegivel,2025-07|2025-08|2025-09,3415.00,nao_extraido,0.28,solicitar_arquivo_legivel,sim,confirmado
inteli,graduacao_2026,INT-SYN-0045,arquivo_ilegivel,INT-SYN-0045-M2,responsavel,51,mei,renda,comprovante_mei_e_dasn_simei,renda_mei,condicional,INT-DOC-000449,ok,2025-07|2025-08|2025-09,3415.00,3415.00,0.97,nenhuma,nao,confirmado
inteli,graduacao_2026,INT-SYN-0045,arquivo_ilegivel,INT-SYN-0045-M2,responsavel,51,mei,patrimonio,crlv_ou_renavam,grupo_possui_veiculo,condicional,INT-DOC-000450,ok,media_2025-07_a_2025-09,nao_se_aplica,nao_se_aplica,0.97,nenhuma,nao,confirmado
inteli,graduacao_2026,INT-SYN-0046,periodo_incompleto,INT-SYN-0046-M1,candidato,23,sem_renda,identificacao,rg_ou_cnh_candidato,todo_candidato,obrigatorio,INT-DOC-000451,ok,atual,nao_se_aplica,nao_se_aplica,0.97,nenhuma,nao,confirmado
inteli,graduacao_2026,INT-SYN-0046,periodo_incompleto,INT-SYN-0046-M2,responsavel,52,aposentado,identificacao,rg_cpf_adulto,todo_adulto,obrigatorio,INT-DOC-000452,ok,atual,nao_se_aplica,nao_se_aplica,0.97,nenhuma,nao,confirmado
inteli,graduacao_2026,INT-SYN-0046,periodo_incompleto,INT-SYN-0046-M2,responsavel,52,aposentado,residencia,comprovante_residencia_ultimo_mes,todo_grupo_familiar,obrigatorio,INT-DOC-000453,ok,2025-09,nao_se_aplica,nao_se_aplica,0.97,nenhuma,nao,confirmado
inteli,graduacao_2026,INT-SYN-0046,periodo_incompleto,INT-SYN-0046-M2,responsavel,52,aposentado,moradia,comprovante_aluguel_ultimo_mes,moradia_alugada,condicional,INT-DOC-000454,ok,2025-09,1200.00,1200.00,0.97,nenhuma,nao,confirmado
inteli,graduacao_2026,INT-SYN-0046,periodo_incompleto,INT-SYN-0046-M2,responsavel,52,aposentado,trabalho,ctps,todo_adulto,obrigatorio,INT-DOC-000455,ok,atual,nao_se_aplica,nao_se_aplica,0.97,nenhuma,nao,confirmado
inteli,graduacao_2026,INT-SYN-0046,periodo_incompleto,INT-SYN-0046-M2,responsavel,52,aposentado,trabalho,cnis_completo,todo_adulto,obrigatorio,INT-DOC-000456,ok,atual,nao_se_aplica,nao_se_aplica,0.97,nenhuma,nao,confirmado
inteli,graduacao_2026,INT-SYN-0046,periodo_incompleto,INT-SYN-0046-M2,responsavel,52,aposentado,tributario,irpf_com_recibo_ou_nada_consta,todo_adulto,obrigatorio,INT-DOC-000457,ok,exercicio_2025_ano_base_2024,nao_se_aplica,nao_se_aplica,0.97,nenhuma,nao,confirmado
inteli,graduacao_2026,INT-SYN-0046,periodo_incompleto,INT-SYN-0046-M2,responsavel,52,aposentado,financeiro,extratos_todas_contas,todo_adulto,obrigatorio,INT-DOC-000458,periodo_incompleto,2025-07|2025-08|2025-09,3552.00,3552.00,0.89,solicitar_competencias_ausentes,sim,confirmado
inteli,graduacao_2026,INT-SYN-0046,periodo_incompleto,INT-SYN-0046-M2,responsavel,52,aposentado,renda,extrato_beneficio_3_meses,renda_aposentado,condicional,INT-DOC-000459,ok,2025-07|2025-08|2025-09,3552.00,3552.00,0.97,nenhuma,nao,confirmado
inteli,graduacao_2026,INT-SYN-0046,periodo_incompleto,INT-SYN-0046-M2,responsavel,52,aposentado,renda,comprovante_ou_declaracao_pensao,recebe_pensao,condicional,INT-DOC-000460,ok,media_2025-07_a_2025-09,420.00,420.00,0.97,nenhuma,nao,confirmado
inteli,graduacao_2026,INT-SYN-0047,valor_divergente,INT-SYN-0047-M1,candidato,24,sem_renda,identificacao,rg_ou_cnh_candidato,todo_candidato,obrigatorio,INT-DOC-000461,ok,atual,nao_se_aplica,nao_se_aplica,0.97,nenhuma,nao,confirmado
inteli,graduacao_2026,INT-SYN-0047,valor_divergente,INT-SYN-0047-M2,responsavel,53,desempregado,identificacao,rg_cpf_adulto,todo_adulto,obrigatorio,INT-DOC-000462,ok,atual,nao_se_aplica,nao_se_aplica,0.97,nenhuma,nao,confirmado
inteli,graduacao_2026,INT-SYN-0047,valor_divergente,INT-SYN-0047-M2,responsavel,53,desempregado,residencia,comprovante_residencia_ultimo_mes,todo_grupo_familiar,obrigatorio,INT-DOC-000463,ok,2025-09,nao_se_aplica,nao_se_aplica,0.97,nenhuma,nao,confirmado
inteli,graduacao_2026,INT-SYN-0047,valor_divergente,INT-SYN-0047-M2,responsavel,53,desempregado,moradia,comprovante_financiamento_ultimo_mes,moradia_financiada,condicional,INT-DOC-000464,ok,2025-09,1200.00,1200.00,0.97,nenhuma,nao,confirmado
inteli,graduacao_2026,INT-SYN-0047,valor_divergente,INT-SYN-0047-M2,responsavel,53,desempregado,trabalho,ctps,todo_adulto,obrigatorio,INT-DOC-000465,ok,atual,nao_se_aplica,nao_se_aplica,0.97,nenhuma,nao,confirmado
inteli,graduacao_2026,INT-SYN-0047,valor_divergente,INT-SYN-0047-M2,responsavel,53,desempregado,trabalho,cnis_completo,todo_adulto,obrigatorio,INT-DOC-000466,ok,atual,nao_se_aplica,nao_se_aplica,0.97,nenhuma,nao,confirmado
inteli,graduacao_2026,INT-SYN-0047,valor_divergente,INT-SYN-0047-M2,responsavel,53,desempregado,tributario,irpf_com_recibo_ou_nada_consta,todo_adulto,obrigatorio,INT-DOC-000467,ok,exercicio_2025_ano_base_2024,nao_se_aplica,nao_se_aplica,0.97,nenhuma,nao,confirmado
inteli,graduacao_2026,INT-SYN-0047,valor_divergente,INT-SYN-0047-M2,responsavel,53,desempregado,financeiro,extratos_todas_contas,todo_adulto,obrigatorio,INT-DOC-000468,divergente,2025-07|2025-08|2025-09,3689.00,4339.00,0.93,comparar_declaracao_e_documento,sim,confirmado
inteli,graduacao_2026,INT-SYN-0047,valor_divergente,INT-SYN-0047-M2,responsavel,53,desempregado,renda,rescisao_fgts_ou_declaracao_inatividade,renda_desempregado,condicional,INT-DOC-000469,ok,2025-07|2025-08|2025-09,3689.00,3689.00,0.97,nenhuma,nao,confirmado
inteli,graduacao_2026,INT-SYN-0047,valor_divergente,INT-SYN-0047-M2,responsavel,53,desempregado,gastos,comprovantes_saude,gasto_de_saude_declarado,condicional,INT-DOC-000470,ok,media_2025-07_a_2025-09,560.00,560.00,0.97,nenhuma,nao,confirmado
inteli,graduacao_2026,INT-SYN-0048,documento_desatualizado,INT-SYN-0048-M1,candidato,17,sem_renda,identificacao,rg_ou_cnh_candidato,todo_candidato,obrigatorio,INT-DOC-000471,ok,atual,nao_se_aplica,nao_se_aplica,0.97,nenhuma,nao,confirmado
inteli,graduacao_2026,INT-SYN-0048,documento_desatualizado,INT-SYN-0048-M2,responsavel,54,autonomo,identificacao,rg_cpf_adulto,todo_adulto,obrigatorio,INT-DOC-000472,ok,atual,nao_se_aplica,nao_se_aplica,0.97,nenhuma,nao,confirmado
inteli,graduacao_2026,INT-SYN-0048,documento_desatualizado,INT-SYN-0048-M2,responsavel,54,autonomo,residencia,comprovante_residencia_ultimo_mes,todo_grupo_familiar,obrigatorio,INT-DOC-000473,desatualizado,2025-09,nao_se_aplica,nao_se_aplica,0.95,solicitar_documento_atualizado,sim,confirmado
inteli,graduacao_2026,INT-SYN-0048,documento_desatualizado,INT-SYN-0048-M2,responsavel,54,autonomo,moradia,declaracao_cessao_imovel,moradia_cedida,condicional,INT-DOC-000474,ok,2025-09,1200.00,1200.00,0.97,nenhuma,nao,confirmado
inteli,graduacao_2026,INT-SYN-0048,documento_desatualizado,INT-SYN-0048-M2,responsavel,54,autonomo,trabalho,ctps,todo_adulto,obrigatorio,INT-DOC-000475,ok,atual,nao_se_aplica,nao_se_aplica,0.97,nenhuma,nao,confirmado
inteli,graduacao_2026,INT-SYN-0048,documento_desatualizado,INT-SYN-0048-M2,responsavel,54,autonomo,trabalho,cnis_completo,todo_adulto,obrigatorio,INT-DOC-000476,ok,atual,nao_se_aplica,nao_se_aplica,0.97,nenhuma,nao,confirmado
inteli,graduacao_2026,INT-SYN-0048,documento_desatualizado,INT-SYN-0048-M2,responsavel,54,autonomo,tributario,irpf_com_recibo_ou_nada_consta,todo_adulto,obrigatorio,INT-DOC-000477,ok,exercicio_2025_ano_base_2024,nao_se_aplica,nao_se_aplica,0.97,nenhuma,nao,confirmado
inteli,graduacao_2026,INT-SYN-0048,documento_desatualizado,INT-SYN-0048-M2,responsavel,54,autonomo,financeiro,extratos_todas_contas,todo_adulto,obrigatorio,INT-DOC-000478,ok,2025-07|2025-08|2025-09,3826.00,3826.00,0.97,nenhuma,nao,confirmado
inteli,graduacao_2026,INT-SYN-0048,documento_desatualizado,INT-SYN-0048-M2,responsavel,54,autonomo,renda,dasn_simei_ou_decore,renda_autonomo,condicional,INT-DOC-000479,ok,2025-07|2025-08|2025-09,3826.00,3826.00,0.97,nenhuma,nao,confirmado
inteli,graduacao_2026,INT-SYN-0048,documento_desatualizado,INT-SYN-0048-M2,responsavel,54,autonomo,gastos,comprovantes_educacao,gasto_de_educacao_declarado,condicional,INT-DOC-000480,ok,media_2025-07_a_2025-09,250.00,250.00,0.97,nenhuma,nao,confirmado
inteli,graduacao_2026,INT-SYN-0049,dossie_completo,INT-SYN-0049-M1,candidato,18,sem_renda,identificacao,rg_ou_cnh_candidato,todo_candidato,obrigatorio,INT-DOC-000481,ok,atual,nao_se_aplica,nao_se_aplica,0.97,nenhuma,nao,confirmado
inteli,graduacao_2026,INT-SYN-0049,dossie_completo,INT-SYN-0049-M2,responsavel,55,assalariado,identificacao,rg_cpf_adulto,todo_adulto,obrigatorio,INT-DOC-000482,ok,atual,nao_se_aplica,nao_se_aplica,0.97,nenhuma,nao,confirmado
inteli,graduacao_2026,INT-SYN-0049,dossie_completo,INT-SYN-0049-M2,responsavel,55,assalariado,residencia,comprovante_residencia_ultimo_mes,todo_grupo_familiar,obrigatorio,INT-DOC-000483,ok,2025-09,nao_se_aplica,nao_se_aplica,0.97,nenhuma,nao,confirmado
inteli,graduacao_2026,INT-SYN-0049,dossie_completo,INT-SYN-0049-M2,responsavel,55,assalariado,moradia,irpf_ou_iptu,moradia_propria,condicional,INT-DOC-000484,ok,2025-09,1200.00,1200.00,0.97,nenhuma,nao,confirmado
inteli,graduacao_2026,INT-SYN-0049,dossie_completo,INT-SYN-0049-M2,responsavel,55,assalariado,trabalho,ctps,todo_adulto,obrigatorio,INT-DOC-000485,ok,atual,nao_se_aplica,nao_se_aplica,0.97,nenhuma,nao,confirmado
inteli,graduacao_2026,INT-SYN-0049,dossie_completo,INT-SYN-0049-M2,responsavel,55,assalariado,trabalho,cnis_completo,todo_adulto,obrigatorio,INT-DOC-000486,ok,atual,nao_se_aplica,nao_se_aplica,0.97,nenhuma,nao,confirmado
inteli,graduacao_2026,INT-SYN-0049,dossie_completo,INT-SYN-0049-M2,responsavel,55,assalariado,tributario,irpf_com_recibo_ou_nada_consta,todo_adulto,obrigatorio,INT-DOC-000487,ok,exercicio_2025_ano_base_2024,nao_se_aplica,nao_se_aplica,0.97,nenhuma,nao,confirmado
inteli,graduacao_2026,INT-SYN-0049,dossie_completo,INT-SYN-0049-M2,responsavel,55,assalariado,financeiro,extratos_todas_contas,todo_adulto,obrigatorio,INT-DOC-000488,ok,2025-07|2025-08|2025-09,3963.00,3963.00,0.97,nenhuma,nao,confirmado
inteli,graduacao_2026,INT-SYN-0049,dossie_completo,INT-SYN-0049-M2,responsavel,55,assalariado,renda,holerites_3_meses,renda_assalariado,condicional,INT-DOC-000489,ok,2025-07|2025-08|2025-09,3963.00,3963.00,0.97,nenhuma,nao,confirmado
inteli,graduacao_2026,INT-SYN-0049,dossie_completo,INT-SYN-0049-M2,responsavel,55,assalariado,patrimonio,crlv_ou_renavam,grupo_possui_veiculo,condicional,INT-DOC-000490,ok,media_2025-07_a_2025-09,nao_se_aplica,nao_se_aplica,0.97,nenhuma,nao,confirmado
inteli,graduacao_2026,INT-SYN-0050,documento_faltante,INT-SYN-0050-M1,candidato,19,sem_renda,identificacao,rg_ou_cnh_candidato,todo_candidato,obrigatorio,INT-DOC-000491,ok,atual,nao_se_aplica,nao_se_aplica,0.97,nenhuma,nao,confirmado
inteli,graduacao_2026,INT-SYN-0050,documento_faltante,INT-SYN-0050-M2,responsavel,56,trabalhador_informal,identificacao,rg_cpf_adulto,todo_adulto,obrigatorio,INT-DOC-000492,ok,atual,nao_se_aplica,nao_se_aplica,0.97,nenhuma,nao,confirmado
inteli,graduacao_2026,INT-SYN-0050,documento_faltante,INT-SYN-0050-M2,responsavel,56,trabalhador_informal,residencia,comprovante_residencia_ultimo_mes,todo_grupo_familiar,obrigatorio,INT-DOC-000493,ok,2025-09,nao_se_aplica,nao_se_aplica,0.97,nenhuma,nao,confirmado
inteli,graduacao_2026,INT-SYN-0050,documento_faltante,INT-SYN-0050-M2,responsavel,56,trabalhador_informal,moradia,comprovante_aluguel_ultimo_mes,moradia_alugada,condicional,INT-DOC-000494,ok,2025-09,1200.00,1200.00,0.97,nenhuma,nao,confirmado
inteli,graduacao_2026,INT-SYN-0050,documento_faltante,INT-SYN-0050-M2,responsavel,56,trabalhador_informal,trabalho,ctps,todo_adulto,obrigatorio,INT-DOC-000495,ok,atual,nao_se_aplica,nao_se_aplica,0.97,nenhuma,nao,confirmado
inteli,graduacao_2026,INT-SYN-0050,documento_faltante,INT-SYN-0050-M2,responsavel,56,trabalhador_informal,trabalho,cnis_completo,todo_adulto,obrigatorio,INT-DOC-000496,ok,atual,nao_se_aplica,nao_se_aplica,0.97,nenhuma,nao,confirmado
inteli,graduacao_2026,INT-SYN-0050,documento_faltante,INT-SYN-0050-M2,responsavel,56,trabalhador_informal,tributario,irpf_com_recibo_ou_nada_consta,todo_adulto,obrigatorio,INT-DOC-000497,ok,exercicio_2025_ano_base_2024,nao_se_aplica,nao_se_aplica,0.97,nenhuma,nao,confirmado
inteli,graduacao_2026,INT-SYN-0050,documento_faltante,INT-SYN-0050-M2,responsavel,56,trabalhador_informal,financeiro,extratos_todas_contas,todo_adulto,obrigatorio,INT-DOC-000498,ok,2025-07|2025-08|2025-09,4100.00,4100.00,0.97,nenhuma,nao,confirmado
inteli,graduacao_2026,INT-SYN-0050,documento_faltante,INT-SYN-0050-M2,responsavel,56,trabalhador_informal,renda,declaracao_trabalho_informal,renda_trabalhador_informal,condicional,ausente,faltante,2025-07|2025-08|2025-09,4100.00,nao_extraido,0.00,solicitar_documento_faltante,sim,confirmado
inteli,graduacao_2026,INT-SYN-0050,documento_faltante,INT-SYN-0050-M2,responsavel,56,trabalhador_informal,renda,comprovante_ou_declaracao_pensao,recebe_pensao,condicional,INT-DOC-000500,ok,media_2025-07_a_2025-09,420.00,420.00,0.97,nenhuma,nao,confirmado
inteli,graduacao_2026,INT-SYN-0051,arquivo_ilegivel,INT-SYN-0051-M1,candidato,20,sem_renda,identificacao,rg_ou_cnh_candidato,todo_candidato,obrigatorio,INT-DOC-000501,ok,atual,nao_se_aplica,nao_se_aplica,0.97,nenhuma,nao,confirmado
inteli,graduacao_2026,INT-SYN-0051,arquivo_ilegivel,INT-SYN-0051-M2,responsavel,57,mei,identificacao,rg_cpf_adulto,todo_adulto,obrigatorio,INT-DOC-000502,ok,atual,nao_se_aplica,nao_se_aplica,0.97,nenhuma,nao,confirmado
inteli,graduacao_2026,INT-SYN-0051,arquivo_ilegivel,INT-SYN-0051-M2,responsavel,57,mei,residencia,comprovante_residencia_ultimo_mes,todo_grupo_familiar,obrigatorio,INT-DOC-000503,ok,2025-09,nao_se_aplica,nao_se_aplica,0.97,nenhuma,nao,confirmado
inteli,graduacao_2026,INT-SYN-0051,arquivo_ilegivel,INT-SYN-0051-M2,responsavel,57,mei,moradia,comprovante_financiamento_ultimo_mes,moradia_financiada,condicional,INT-DOC-000504,ok,2025-09,1200.00,1200.00,0.97,nenhuma,nao,confirmado
inteli,graduacao_2026,INT-SYN-0051,arquivo_ilegivel,INT-SYN-0051-M2,responsavel,57,mei,trabalho,ctps,todo_adulto,obrigatorio,INT-DOC-000505,ok,atual,nao_se_aplica,nao_se_aplica,0.97,nenhuma,nao,confirmado
inteli,graduacao_2026,INT-SYN-0051,arquivo_ilegivel,INT-SYN-0051-M2,responsavel,57,mei,trabalho,cnis_completo,todo_adulto,obrigatorio,INT-DOC-000506,ok,atual,nao_se_aplica,nao_se_aplica,0.97,nenhuma,nao,confirmado
inteli,graduacao_2026,INT-SYN-0051,arquivo_ilegivel,INT-SYN-0051-M2,responsavel,57,mei,tributario,irpf_com_recibo_ou_nada_consta,todo_adulto,obrigatorio,INT-DOC-000507,ok,exercicio_2025_ano_base_2024,nao_se_aplica,nao_se_aplica,0.97,nenhuma,nao,confirmado
inteli,graduacao_2026,INT-SYN-0051,arquivo_ilegivel,INT-SYN-0051-M2,responsavel,57,mei,financeiro,extratos_todas_contas,todo_adulto,obrigatorio,INT-DOC-000508,ilegivel,2025-07|2025-08|2025-09,4237.00,nao_extraido,0.28,solicitar_arquivo_legivel,sim,confirmado
inteli,graduacao_2026,INT-SYN-0051,arquivo_ilegivel,INT-SYN-0051-M2,responsavel,57,mei,renda,comprovante_mei_e_dasn_simei,renda_mei,condicional,INT-DOC-000509,ok,2025-07|2025-08|2025-09,4237.00,4237.00,0.97,nenhuma,nao,confirmado
inteli,graduacao_2026,INT-SYN-0051,arquivo_ilegivel,INT-SYN-0051-M2,responsavel,57,mei,gastos,comprovantes_saude,gasto_de_saude_declarado,condicional,INT-DOC-000510,ok,media_2025-07_a_2025-09,560.00,560.00,0.97,nenhuma,nao,confirmado
inteli,graduacao_2026,INT-SYN-0052,periodo_incompleto,INT-SYN-0052-M1,candidato,21,sem_renda,identificacao,rg_ou_cnh_candidato,todo_candidato,obrigatorio,INT-DOC-000511,ok,atual,nao_se_aplica,nao_se_aplica,0.97,nenhuma,nao,confirmado
inteli,graduacao_2026,INT-SYN-0052,periodo_incompleto,INT-SYN-0052-M2,responsavel,58,aposentado,identificacao,rg_cpf_adulto,todo_adulto,obrigatorio,INT-DOC-000512,ok,atual,nao_se_aplica,nao_se_aplica,0.97,nenhuma,nao,confirmado
inteli,graduacao_2026,INT-SYN-0052,periodo_incompleto,INT-SYN-0052-M2,responsavel,58,aposentado,residencia,comprovante_residencia_ultimo_mes,todo_grupo_familiar,obrigatorio,INT-DOC-000513,ok,2025-09,nao_se_aplica,nao_se_aplica,0.97,nenhuma,nao,confirmado
inteli,graduacao_2026,INT-SYN-0052,periodo_incompleto,INT-SYN-0052-M2,responsavel,58,aposentado,moradia,declaracao_cessao_imovel,moradia_cedida,condicional,INT-DOC-000514,ok,2025-09,1200.00,1200.00,0.97,nenhuma,nao,confirmado
inteli,graduacao_2026,INT-SYN-0052,periodo_incompleto,INT-SYN-0052-M2,responsavel,58,aposentado,trabalho,ctps,todo_adulto,obrigatorio,INT-DOC-000515,ok,atual,nao_se_aplica,nao_se_aplica,0.97,nenhuma,nao,confirmado
inteli,graduacao_2026,INT-SYN-0052,periodo_incompleto,INT-SYN-0052-M2,responsavel,58,aposentado,trabalho,cnis_completo,todo_adulto,obrigatorio,INT-DOC-000516,ok,atual,nao_se_aplica,nao_se_aplica,0.97,nenhuma,nao,confirmado
inteli,graduacao_2026,INT-SYN-0052,periodo_incompleto,INT-SYN-0052-M2,responsavel,58,aposentado,tributario,irpf_com_recibo_ou_nada_consta,todo_adulto,obrigatorio,INT-DOC-000517,ok,exercicio_2025_ano_base_2024,nao_se_aplica,nao_se_aplica,0.97,nenhuma,nao,confirmado
inteli,graduacao_2026,INT-SYN-0052,periodo_incompleto,INT-SYN-0052-M2,responsavel,58,aposentado,financeiro,extratos_todas_contas,todo_adulto,obrigatorio,INT-DOC-000518,periodo_incompleto,2025-07|2025-08|2025-09,4374.00,4374.00,0.89,solicitar_competencias_ausentes,sim,confirmado
inteli,graduacao_2026,INT-SYN-0052,periodo_incompleto,INT-SYN-0052-M2,responsavel,58,aposentado,renda,extrato_beneficio_3_meses,renda_aposentado,condicional,INT-DOC-000519,ok,2025-07|2025-08|2025-09,4374.00,4374.00,0.97,nenhuma,nao,confirmado
inteli,graduacao_2026,INT-SYN-0052,periodo_incompleto,INT-SYN-0052-M2,responsavel,58,aposentado,gastos,comprovantes_educacao,gasto_de_educacao_declarado,condicional,INT-DOC-000520,ok,media_2025-07_a_2025-09,250.00,250.00,0.97,nenhuma,nao,confirmado
inteli,graduacao_2026,INT-SYN-0053,valor_divergente,INT-SYN-0053-M1,candidato,22,sem_renda,identificacao,rg_ou_cnh_candidato,todo_candidato,obrigatorio,INT-DOC-000521,ok,atual,nao_se_aplica,nao_se_aplica,0.97,nenhuma,nao,confirmado
inteli,graduacao_2026,INT-SYN-0053,valor_divergente,INT-SYN-0053-M2,responsavel,59,desempregado,identificacao,rg_cpf_adulto,todo_adulto,obrigatorio,INT-DOC-000522,ok,atual,nao_se_aplica,nao_se_aplica,0.97,nenhuma,nao,confirmado
inteli,graduacao_2026,INT-SYN-0053,valor_divergente,INT-SYN-0053-M2,responsavel,59,desempregado,residencia,comprovante_residencia_ultimo_mes,todo_grupo_familiar,obrigatorio,INT-DOC-000523,ok,2025-09,nao_se_aplica,nao_se_aplica,0.97,nenhuma,nao,confirmado
inteli,graduacao_2026,INT-SYN-0053,valor_divergente,INT-SYN-0053-M2,responsavel,59,desempregado,moradia,irpf_ou_iptu,moradia_propria,condicional,INT-DOC-000524,ok,2025-09,1200.00,1200.00,0.97,nenhuma,nao,confirmado
inteli,graduacao_2026,INT-SYN-0053,valor_divergente,INT-SYN-0053-M2,responsavel,59,desempregado,trabalho,ctps,todo_adulto,obrigatorio,INT-DOC-000525,ok,atual,nao_se_aplica,nao_se_aplica,0.97,nenhuma,nao,confirmado
inteli,graduacao_2026,INT-SYN-0053,valor_divergente,INT-SYN-0053-M2,responsavel,59,desempregado,trabalho,cnis_completo,todo_adulto,obrigatorio,INT-DOC-000526,ok,atual,nao_se_aplica,nao_se_aplica,0.97,nenhuma,nao,confirmado
inteli,graduacao_2026,INT-SYN-0053,valor_divergente,INT-SYN-0053-M2,responsavel,59,desempregado,tributario,irpf_com_recibo_ou_nada_consta,todo_adulto,obrigatorio,INT-DOC-000527,ok,exercicio_2025_ano_base_2024,nao_se_aplica,nao_se_aplica,0.97,nenhuma,nao,confirmado
inteli,graduacao_2026,INT-SYN-0053,valor_divergente,INT-SYN-0053-M2,responsavel,59,desempregado,financeiro,extratos_todas_contas,todo_adulto,obrigatorio,INT-DOC-000528,divergente,2025-07|2025-08|2025-09,4511.00,5161.00,0.93,comparar_declaracao_e_documento,sim,confirmado
inteli,graduacao_2026,INT-SYN-0053,valor_divergente,INT-SYN-0053-M2,responsavel,59,desempregado,renda,rescisao_fgts_ou_declaracao_inatividade,renda_desempregado,condicional,INT-DOC-000529,ok,2025-07|2025-08|2025-09,4511.00,4511.00,0.97,nenhuma,nao,confirmado
inteli,graduacao_2026,INT-SYN-0053,valor_divergente,INT-SYN-0053-M2,responsavel,59,desempregado,patrimonio,crlv_ou_renavam,grupo_possui_veiculo,condicional,INT-DOC-000530,ok,media_2025-07_a_2025-09,nao_se_aplica,nao_se_aplica,0.97,nenhuma,nao,confirmado
inteli,graduacao_2026,INT-SYN-0054,documento_desatualizado,INT-SYN-0054-M1,candidato,23,sem_renda,identificacao,rg_ou_cnh_candidato,todo_candidato,obrigatorio,INT-DOC-000531,ok,atual,nao_se_aplica,nao_se_aplica,0.97,nenhuma,nao,confirmado
inteli,graduacao_2026,INT-SYN-0054,documento_desatualizado,INT-SYN-0054-M2,responsavel,60,autonomo,identificacao,rg_cpf_adulto,todo_adulto,obrigatorio,INT-DOC-000532,ok,atual,nao_se_aplica,nao_se_aplica,0.97,nenhuma,nao,confirmado
inteli,graduacao_2026,INT-SYN-0054,documento_desatualizado,INT-SYN-0054-M2,responsavel,60,autonomo,residencia,comprovante_residencia_ultimo_mes,todo_grupo_familiar,obrigatorio,INT-DOC-000533,desatualizado,2025-09,nao_se_aplica,nao_se_aplica,0.95,solicitar_documento_atualizado,sim,confirmado
inteli,graduacao_2026,INT-SYN-0054,documento_desatualizado,INT-SYN-0054-M2,responsavel,60,autonomo,moradia,comprovante_aluguel_ultimo_mes,moradia_alugada,condicional,INT-DOC-000534,ok,2025-09,1200.00,1200.00,0.97,nenhuma,nao,confirmado
inteli,graduacao_2026,INT-SYN-0054,documento_desatualizado,INT-SYN-0054-M2,responsavel,60,autonomo,trabalho,ctps,todo_adulto,obrigatorio,INT-DOC-000535,ok,atual,nao_se_aplica,nao_se_aplica,0.97,nenhuma,nao,confirmado
inteli,graduacao_2026,INT-SYN-0054,documento_desatualizado,INT-SYN-0054-M2,responsavel,60,autonomo,trabalho,cnis_completo,todo_adulto,obrigatorio,INT-DOC-000536,ok,atual,nao_se_aplica,nao_se_aplica,0.97,nenhuma,nao,confirmado
inteli,graduacao_2026,INT-SYN-0054,documento_desatualizado,INT-SYN-0054-M2,responsavel,60,autonomo,tributario,irpf_com_recibo_ou_nada_consta,todo_adulto,obrigatorio,INT-DOC-000537,ok,exercicio_2025_ano_base_2024,nao_se_aplica,nao_se_aplica,0.97,nenhuma,nao,confirmado
inteli,graduacao_2026,INT-SYN-0054,documento_desatualizado,INT-SYN-0054-M2,responsavel,60,autonomo,financeiro,extratos_todas_contas,todo_adulto,obrigatorio,INT-DOC-000538,ok,2025-07|2025-08|2025-09,4648.00,4648.00,0.97,nenhuma,nao,confirmado
inteli,graduacao_2026,INT-SYN-0054,documento_desatualizado,INT-SYN-0054-M2,responsavel,60,autonomo,renda,dasn_simei_ou_decore,renda_autonomo,condicional,INT-DOC-000539,ok,2025-07|2025-08|2025-09,4648.00,4648.00,0.97,nenhuma,nao,confirmado
inteli,graduacao_2026,INT-SYN-0054,documento_desatualizado,INT-SYN-0054-M2,responsavel,60,autonomo,renda,comprovante_ou_declaracao_pensao,recebe_pensao,condicional,INT-DOC-000540,ok,media_2025-07_a_2025-09,420.00,420.00,0.97,nenhuma,nao,confirmado
inteli,graduacao_2026,INT-SYN-0055,dossie_completo,INT-SYN-0055-M1,candidato,24,sem_renda,identificacao,rg_ou_cnh_candidato,todo_candidato,obrigatorio,INT-DOC-000541,ok,atual,nao_se_aplica,nao_se_aplica,0.97,nenhuma,nao,confirmado
inteli,graduacao_2026,INT-SYN-0055,dossie_completo,INT-SYN-0055-M2,responsavel,61,assalariado,identificacao,rg_cpf_adulto,todo_adulto,obrigatorio,INT-DOC-000542,ok,atual,nao_se_aplica,nao_se_aplica,0.97,nenhuma,nao,confirmado
inteli,graduacao_2026,INT-SYN-0055,dossie_completo,INT-SYN-0055-M2,responsavel,61,assalariado,residencia,comprovante_residencia_ultimo_mes,todo_grupo_familiar,obrigatorio,INT-DOC-000543,ok,2025-09,nao_se_aplica,nao_se_aplica,0.97,nenhuma,nao,confirmado
inteli,graduacao_2026,INT-SYN-0055,dossie_completo,INT-SYN-0055-M2,responsavel,61,assalariado,moradia,comprovante_financiamento_ultimo_mes,moradia_financiada,condicional,INT-DOC-000544,ok,2025-09,1200.00,1200.00,0.97,nenhuma,nao,confirmado
inteli,graduacao_2026,INT-SYN-0055,dossie_completo,INT-SYN-0055-M2,responsavel,61,assalariado,trabalho,ctps,todo_adulto,obrigatorio,INT-DOC-000545,ok,atual,nao_se_aplica,nao_se_aplica,0.97,nenhuma,nao,confirmado
inteli,graduacao_2026,INT-SYN-0055,dossie_completo,INT-SYN-0055-M2,responsavel,61,assalariado,trabalho,cnis_completo,todo_adulto,obrigatorio,INT-DOC-000546,ok,atual,nao_se_aplica,nao_se_aplica,0.97,nenhuma,nao,confirmado
inteli,graduacao_2026,INT-SYN-0055,dossie_completo,INT-SYN-0055-M2,responsavel,61,assalariado,tributario,irpf_com_recibo_ou_nada_consta,todo_adulto,obrigatorio,INT-DOC-000547,ok,exercicio_2025_ano_base_2024,nao_se_aplica,nao_se_aplica,0.97,nenhuma,nao,confirmado
inteli,graduacao_2026,INT-SYN-0055,dossie_completo,INT-SYN-0055-M2,responsavel,61,assalariado,financeiro,extratos_todas_contas,todo_adulto,obrigatorio,INT-DOC-000548,ok,2025-07|2025-08|2025-09,4785.00,4785.00,0.97,nenhuma,nao,confirmado
inteli,graduacao_2026,INT-SYN-0055,dossie_completo,INT-SYN-0055-M2,responsavel,61,assalariado,renda,holerites_3_meses,renda_assalariado,condicional,INT-DOC-000549,ok,2025-07|2025-08|2025-09,4785.00,4785.00,0.97,nenhuma,nao,confirmado
inteli,graduacao_2026,INT-SYN-0055,dossie_completo,INT-SYN-0055-M2,responsavel,61,assalariado,gastos,comprovantes_saude,gasto_de_saude_declarado,condicional,INT-DOC-000550,ok,media_2025-07_a_2025-09,560.00,560.00,0.97,nenhuma,nao,confirmado
inteli,graduacao_2026,INT-SYN-0056,documento_faltante,INT-SYN-0056-M1,candidato,17,sem_renda,identificacao,rg_ou_cnh_candidato,todo_candidato,obrigatorio,INT-DOC-000551,ok,atual,nao_se_aplica,nao_se_aplica,0.97,nenhuma,nao,confirmado
inteli,graduacao_2026,INT-SYN-0056,documento_faltante,INT-SYN-0056-M2,responsavel,34,trabalhador_informal,identificacao,rg_cpf_adulto,todo_adulto,obrigatorio,INT-DOC-000552,ok,atual,nao_se_aplica,nao_se_aplica,0.97,nenhuma,nao,confirmado
inteli,graduacao_2026,INT-SYN-0056,documento_faltante,INT-SYN-0056-M2,responsavel,34,trabalhador_informal,residencia,comprovante_residencia_ultimo_mes,todo_grupo_familiar,obrigatorio,INT-DOC-000553,ok,2025-09,nao_se_aplica,nao_se_aplica,0.97,nenhuma,nao,confirmado
inteli,graduacao_2026,INT-SYN-0056,documento_faltante,INT-SYN-0056-M2,responsavel,34,trabalhador_informal,moradia,declaracao_cessao_imovel,moradia_cedida,condicional,INT-DOC-000554,ok,2025-09,1200.00,1200.00,0.97,nenhuma,nao,confirmado
inteli,graduacao_2026,INT-SYN-0056,documento_faltante,INT-SYN-0056-M2,responsavel,34,trabalhador_informal,trabalho,ctps,todo_adulto,obrigatorio,INT-DOC-000555,ok,atual,nao_se_aplica,nao_se_aplica,0.97,nenhuma,nao,confirmado
inteli,graduacao_2026,INT-SYN-0056,documento_faltante,INT-SYN-0056-M2,responsavel,34,trabalhador_informal,trabalho,cnis_completo,todo_adulto,obrigatorio,INT-DOC-000556,ok,atual,nao_se_aplica,nao_se_aplica,0.97,nenhuma,nao,confirmado
inteli,graduacao_2026,INT-SYN-0056,documento_faltante,INT-SYN-0056-M2,responsavel,34,trabalhador_informal,tributario,irpf_com_recibo_ou_nada_consta,todo_adulto,obrigatorio,INT-DOC-000557,ok,exercicio_2025_ano_base_2024,nao_se_aplica,nao_se_aplica,0.97,nenhuma,nao,confirmado
inteli,graduacao_2026,INT-SYN-0056,documento_faltante,INT-SYN-0056-M2,responsavel,34,trabalhador_informal,financeiro,extratos_todas_contas,todo_adulto,obrigatorio,INT-DOC-000558,ok,2025-07|2025-08|2025-09,4922.00,4922.00,0.97,nenhuma,nao,confirmado
inteli,graduacao_2026,INT-SYN-0056,documento_faltante,INT-SYN-0056-M2,responsavel,34,trabalhador_informal,renda,declaracao_trabalho_informal,renda_trabalhador_informal,condicional,ausente,faltante,2025-07|2025-08|2025-09,4922.00,nao_extraido,0.00,solicitar_documento_faltante,sim,confirmado
inteli,graduacao_2026,INT-SYN-0056,documento_faltante,INT-SYN-0056-M2,responsavel,34,trabalhador_informal,gastos,comprovantes_educacao,gasto_de_educacao_declarado,condicional,INT-DOC-000560,ok,media_2025-07_a_2025-09,250.00,250.00,0.97,nenhuma,nao,confirmado
inteli,graduacao_2026,INT-SYN-0057,arquivo_ilegivel,INT-SYN-0057-M1,candidato,18,sem_renda,identificacao,rg_ou_cnh_candidato,todo_candidato,obrigatorio,INT-DOC-000561,ok,atual,nao_se_aplica,nao_se_aplica,0.97,nenhuma,nao,confirmado
inteli,graduacao_2026,INT-SYN-0057,arquivo_ilegivel,INT-SYN-0057-M2,responsavel,35,mei,identificacao,rg_cpf_adulto,todo_adulto,obrigatorio,INT-DOC-000562,ok,atual,nao_se_aplica,nao_se_aplica,0.97,nenhuma,nao,confirmado
inteli,graduacao_2026,INT-SYN-0057,arquivo_ilegivel,INT-SYN-0057-M2,responsavel,35,mei,residencia,comprovante_residencia_ultimo_mes,todo_grupo_familiar,obrigatorio,INT-DOC-000563,ok,2025-09,nao_se_aplica,nao_se_aplica,0.97,nenhuma,nao,confirmado
inteli,graduacao_2026,INT-SYN-0057,arquivo_ilegivel,INT-SYN-0057-M2,responsavel,35,mei,moradia,irpf_ou_iptu,moradia_propria,condicional,INT-DOC-000564,ok,2025-09,1200.00,1200.00,0.97,nenhuma,nao,confirmado
inteli,graduacao_2026,INT-SYN-0057,arquivo_ilegivel,INT-SYN-0057-M2,responsavel,35,mei,trabalho,ctps,todo_adulto,obrigatorio,INT-DOC-000565,ok,atual,nao_se_aplica,nao_se_aplica,0.97,nenhuma,nao,confirmado
inteli,graduacao_2026,INT-SYN-0057,arquivo_ilegivel,INT-SYN-0057-M2,responsavel,35,mei,trabalho,cnis_completo,todo_adulto,obrigatorio,INT-DOC-000566,ok,atual,nao_se_aplica,nao_se_aplica,0.97,nenhuma,nao,confirmado
inteli,graduacao_2026,INT-SYN-0057,arquivo_ilegivel,INT-SYN-0057-M2,responsavel,35,mei,tributario,irpf_com_recibo_ou_nada_consta,todo_adulto,obrigatorio,INT-DOC-000567,ok,exercicio_2025_ano_base_2024,nao_se_aplica,nao_se_aplica,0.97,nenhuma,nao,confirmado
inteli,graduacao_2026,INT-SYN-0057,arquivo_ilegivel,INT-SYN-0057-M2,responsavel,35,mei,financeiro,extratos_todas_contas,todo_adulto,obrigatorio,INT-DOC-000568,ilegivel,2025-07|2025-08|2025-09,5059.00,nao_extraido,0.28,solicitar_arquivo_legivel,sim,confirmado
inteli,graduacao_2026,INT-SYN-0057,arquivo_ilegivel,INT-SYN-0057-M2,responsavel,35,mei,renda,comprovante_mei_e_dasn_simei,renda_mei,condicional,INT-DOC-000569,ok,2025-07|2025-08|2025-09,5059.00,5059.00,0.97,nenhuma,nao,confirmado
inteli,graduacao_2026,INT-SYN-0057,arquivo_ilegivel,INT-SYN-0057-M2,responsavel,35,mei,patrimonio,crlv_ou_renavam,grupo_possui_veiculo,condicional,INT-DOC-000570,ok,media_2025-07_a_2025-09,nao_se_aplica,nao_se_aplica,0.97,nenhuma,nao,confirmado
inteli,graduacao_2026,INT-SYN-0058,periodo_incompleto,INT-SYN-0058-M1,candidato,19,sem_renda,identificacao,rg_ou_cnh_candidato,todo_candidato,obrigatorio,INT-DOC-000571,ok,atual,nao_se_aplica,nao_se_aplica,0.97,nenhuma,nao,confirmado
inteli,graduacao_2026,INT-SYN-0058,periodo_incompleto,INT-SYN-0058-M2,responsavel,36,aposentado,identificacao,rg_cpf_adulto,todo_adulto,obrigatorio,INT-DOC-000572,ok,atual,nao_se_aplica,nao_se_aplica,0.97,nenhuma,nao,confirmado
inteli,graduacao_2026,INT-SYN-0058,periodo_incompleto,INT-SYN-0058-M2,responsavel,36,aposentado,residencia,comprovante_residencia_ultimo_mes,todo_grupo_familiar,obrigatorio,INT-DOC-000573,ok,2025-09,nao_se_aplica,nao_se_aplica,0.97,nenhuma,nao,confirmado
inteli,graduacao_2026,INT-SYN-0058,periodo_incompleto,INT-SYN-0058-M2,responsavel,36,aposentado,moradia,comprovante_aluguel_ultimo_mes,moradia_alugada,condicional,INT-DOC-000574,ok,2025-09,1200.00,1200.00,0.97,nenhuma,nao,confirmado
inteli,graduacao_2026,INT-SYN-0058,periodo_incompleto,INT-SYN-0058-M2,responsavel,36,aposentado,trabalho,ctps,todo_adulto,obrigatorio,INT-DOC-000575,ok,atual,nao_se_aplica,nao_se_aplica,0.97,nenhuma,nao,confirmado
inteli,graduacao_2026,INT-SYN-0058,periodo_incompleto,INT-SYN-0058-M2,responsavel,36,aposentado,trabalho,cnis_completo,todo_adulto,obrigatorio,INT-DOC-000576,ok,atual,nao_se_aplica,nao_se_aplica,0.97,nenhuma,nao,confirmado
inteli,graduacao_2026,INT-SYN-0058,periodo_incompleto,INT-SYN-0058-M2,responsavel,36,aposentado,tributario,irpf_com_recibo_ou_nada_consta,todo_adulto,obrigatorio,INT-DOC-000577,ok,exercicio_2025_ano_base_2024,nao_se_aplica,nao_se_aplica,0.97,nenhuma,nao,confirmado
inteli,graduacao_2026,INT-SYN-0058,periodo_incompleto,INT-SYN-0058-M2,responsavel,36,aposentado,financeiro,extratos_todas_contas,todo_adulto,obrigatorio,INT-DOC-000578,periodo_incompleto,2025-07|2025-08|2025-09,5196.00,5196.00,0.89,solicitar_competencias_ausentes,sim,confirmado
inteli,graduacao_2026,INT-SYN-0058,periodo_incompleto,INT-SYN-0058-M2,responsavel,36,aposentado,renda,extrato_beneficio_3_meses,renda_aposentado,condicional,INT-DOC-000579,ok,2025-07|2025-08|2025-09,5196.00,5196.00,0.97,nenhuma,nao,confirmado
inteli,graduacao_2026,INT-SYN-0058,periodo_incompleto,INT-SYN-0058-M2,responsavel,36,aposentado,renda,comprovante_ou_declaracao_pensao,recebe_pensao,condicional,INT-DOC-000580,ok,media_2025-07_a_2025-09,420.00,420.00,0.97,nenhuma,nao,confirmado
inteli,graduacao_2026,INT-SYN-0059,valor_divergente,INT-SYN-0059-M1,candidato,20,sem_renda,identificacao,rg_ou_cnh_candidato,todo_candidato,obrigatorio,INT-DOC-000581,ok,atual,nao_se_aplica,nao_se_aplica,0.97,nenhuma,nao,confirmado
inteli,graduacao_2026,INT-SYN-0059,valor_divergente,INT-SYN-0059-M2,responsavel,37,desempregado,identificacao,rg_cpf_adulto,todo_adulto,obrigatorio,INT-DOC-000582,ok,atual,nao_se_aplica,nao_se_aplica,0.97,nenhuma,nao,confirmado
inteli,graduacao_2026,INT-SYN-0059,valor_divergente,INT-SYN-0059-M2,responsavel,37,desempregado,residencia,comprovante_residencia_ultimo_mes,todo_grupo_familiar,obrigatorio,INT-DOC-000583,ok,2025-09,nao_se_aplica,nao_se_aplica,0.97,nenhuma,nao,confirmado
inteli,graduacao_2026,INT-SYN-0059,valor_divergente,INT-SYN-0059-M2,responsavel,37,desempregado,moradia,comprovante_financiamento_ultimo_mes,moradia_financiada,condicional,INT-DOC-000584,ok,2025-09,1200.00,1200.00,0.97,nenhuma,nao,confirmado
inteli,graduacao_2026,INT-SYN-0059,valor_divergente,INT-SYN-0059-M2,responsavel,37,desempregado,trabalho,ctps,todo_adulto,obrigatorio,INT-DOC-000585,ok,atual,nao_se_aplica,nao_se_aplica,0.97,nenhuma,nao,confirmado
inteli,graduacao_2026,INT-SYN-0059,valor_divergente,INT-SYN-0059-M2,responsavel,37,desempregado,trabalho,cnis_completo,todo_adulto,obrigatorio,INT-DOC-000586,ok,atual,nao_se_aplica,nao_se_aplica,0.97,nenhuma,nao,confirmado
inteli,graduacao_2026,INT-SYN-0059,valor_divergente,INT-SYN-0059-M2,responsavel,37,desempregado,tributario,irpf_com_recibo_ou_nada_consta,todo_adulto,obrigatorio,INT-DOC-000587,ok,exercicio_2025_ano_base_2024,nao_se_aplica,nao_se_aplica,0.97,nenhuma,nao,confirmado
inteli,graduacao_2026,INT-SYN-0059,valor_divergente,INT-SYN-0059-M2,responsavel,37,desempregado,financeiro,extratos_todas_contas,todo_adulto,obrigatorio,INT-DOC-000588,divergente,2025-07|2025-08|2025-09,5333.00,5983.00,0.93,comparar_declaracao_e_documento,sim,confirmado
inteli,graduacao_2026,INT-SYN-0059,valor_divergente,INT-SYN-0059-M2,responsavel,37,desempregado,renda,rescisao_fgts_ou_declaracao_inatividade,renda_desempregado,condicional,INT-DOC-000589,ok,2025-07|2025-08|2025-09,5333.00,5333.00,0.97,nenhuma,nao,confirmado
inteli,graduacao_2026,INT-SYN-0059,valor_divergente,INT-SYN-0059-M2,responsavel,37,desempregado,gastos,comprovantes_saude,gasto_de_saude_declarado,condicional,INT-DOC-000590,ok,media_2025-07_a_2025-09,560.00,560.00,0.97,nenhuma,nao,confirmado
inteli,graduacao_2026,INT-SYN-0060,documento_desatualizado,INT-SYN-0060-M1,candidato,21,sem_renda,identificacao,rg_ou_cnh_candidato,todo_candidato,obrigatorio,INT-DOC-000591,ok,atual,nao_se_aplica,nao_se_aplica,0.97,nenhuma,nao,confirmado
inteli,graduacao_2026,INT-SYN-0060,documento_desatualizado,INT-SYN-0060-M2,responsavel,38,autonomo,identificacao,rg_cpf_adulto,todo_adulto,obrigatorio,INT-DOC-000592,ok,atual,nao_se_aplica,nao_se_aplica,0.97,nenhuma,nao,confirmado
inteli,graduacao_2026,INT-SYN-0060,documento_desatualizado,INT-SYN-0060-M2,responsavel,38,autonomo,residencia,comprovante_residencia_ultimo_mes,todo_grupo_familiar,obrigatorio,INT-DOC-000593,desatualizado,2025-09,nao_se_aplica,nao_se_aplica,0.95,solicitar_documento_atualizado,sim,confirmado
inteli,graduacao_2026,INT-SYN-0060,documento_desatualizado,INT-SYN-0060-M2,responsavel,38,autonomo,moradia,declaracao_cessao_imovel,moradia_cedida,condicional,INT-DOC-000594,ok,2025-09,1200.00,1200.00,0.97,nenhuma,nao,confirmado
inteli,graduacao_2026,INT-SYN-0060,documento_desatualizado,INT-SYN-0060-M2,responsavel,38,autonomo,trabalho,ctps,todo_adulto,obrigatorio,INT-DOC-000595,ok,atual,nao_se_aplica,nao_se_aplica,0.97,nenhuma,nao,confirmado
inteli,graduacao_2026,INT-SYN-0060,documento_desatualizado,INT-SYN-0060-M2,responsavel,38,autonomo,trabalho,cnis_completo,todo_adulto,obrigatorio,INT-DOC-000596,ok,atual,nao_se_aplica,nao_se_aplica,0.97,nenhuma,nao,confirmado
inteli,graduacao_2026,INT-SYN-0060,documento_desatualizado,INT-SYN-0060-M2,responsavel,38,autonomo,tributario,irpf_com_recibo_ou_nada_consta,todo_adulto,obrigatorio,INT-DOC-000597,ok,exercicio_2025_ano_base_2024,nao_se_aplica,nao_se_aplica,0.97,nenhuma,nao,confirmado
inteli,graduacao_2026,INT-SYN-0060,documento_desatualizado,INT-SYN-0060-M2,responsavel,38,autonomo,financeiro,extratos_todas_contas,todo_adulto,obrigatorio,INT-DOC-000598,ok,2025-07|2025-08|2025-09,5470.00,5470.00,0.97,nenhuma,nao,confirmado
inteli,graduacao_2026,INT-SYN-0060,documento_desatualizado,INT-SYN-0060-M2,responsavel,38,autonomo,renda,dasn_simei_ou_decore,renda_autonomo,condicional,INT-DOC-000599,ok,2025-07|2025-08|2025-09,5470.00,5470.00,0.97,nenhuma,nao,confirmado
inteli,graduacao_2026,INT-SYN-0060,documento_desatualizado,INT-SYN-0060-M2,responsavel,38,autonomo,gastos,comprovantes_educacao,gasto_de_educacao_declarado,condicional,INT-DOC-000600,ok,media_2025-07_a_2025-09,250.00,250.00,0.97,nenhuma,nao,confirmado
inteli,graduacao_2026,INT-SYN-0061,dossie_completo,INT-SYN-0061-M1,candidato,22,sem_renda,identificacao,rg_ou_cnh_candidato,todo_candidato,obrigatorio,INT-DOC-000601,ok,atual,nao_se_aplica,nao_se_aplica,0.97,nenhuma,nao,confirmado
inteli,graduacao_2026,INT-SYN-0061,dossie_completo,INT-SYN-0061-M2,responsavel,39,assalariado,identificacao,rg_cpf_adulto,todo_adulto,obrigatorio,INT-DOC-000602,ok,atual,nao_se_aplica,nao_se_aplica,0.97,nenhuma,nao,confirmado
inteli,graduacao_2026,INT-SYN-0061,dossie_completo,INT-SYN-0061-M2,responsavel,39,assalariado,residencia,comprovante_residencia_ultimo_mes,todo_grupo_familiar,obrigatorio,INT-DOC-000603,ok,2025-09,nao_se_aplica,nao_se_aplica,0.97,nenhuma,nao,confirmado
inteli,graduacao_2026,INT-SYN-0061,dossie_completo,INT-SYN-0061-M2,responsavel,39,assalariado,moradia,irpf_ou_iptu,moradia_propria,condicional,INT-DOC-000604,ok,2025-09,1200.00,1200.00,0.97,nenhuma,nao,confirmado
inteli,graduacao_2026,INT-SYN-0061,dossie_completo,INT-SYN-0061-M2,responsavel,39,assalariado,trabalho,ctps,todo_adulto,obrigatorio,INT-DOC-000605,ok,atual,nao_se_aplica,nao_se_aplica,0.97,nenhuma,nao,confirmado
inteli,graduacao_2026,INT-SYN-0061,dossie_completo,INT-SYN-0061-M2,responsavel,39,assalariado,trabalho,cnis_completo,todo_adulto,obrigatorio,INT-DOC-000606,ok,atual,nao_se_aplica,nao_se_aplica,0.97,nenhuma,nao,confirmado
inteli,graduacao_2026,INT-SYN-0061,dossie_completo,INT-SYN-0061-M2,responsavel,39,assalariado,tributario,irpf_com_recibo_ou_nada_consta,todo_adulto,obrigatorio,INT-DOC-000607,ok,exercicio_2025_ano_base_2024,nao_se_aplica,nao_se_aplica,0.97,nenhuma,nao,confirmado
inteli,graduacao_2026,INT-SYN-0061,dossie_completo,INT-SYN-0061-M2,responsavel,39,assalariado,financeiro,extratos_todas_contas,todo_adulto,obrigatorio,INT-DOC-000608,ok,2025-07|2025-08|2025-09,5607.00,5607.00,0.97,nenhuma,nao,confirmado
inteli,graduacao_2026,INT-SYN-0061,dossie_completo,INT-SYN-0061-M2,responsavel,39,assalariado,renda,holerites_3_meses,renda_assalariado,condicional,INT-DOC-000609,ok,2025-07|2025-08|2025-09,5607.00,5607.00,0.97,nenhuma,nao,confirmado
inteli,graduacao_2026,INT-SYN-0061,dossie_completo,INT-SYN-0061-M2,responsavel,39,assalariado,patrimonio,crlv_ou_renavam,grupo_possui_veiculo,condicional,INT-DOC-000610,ok,media_2025-07_a_2025-09,nao_se_aplica,nao_se_aplica,0.97,nenhuma,nao,confirmado
inteli,graduacao_2026,INT-SYN-0062,documento_faltante,INT-SYN-0062-M1,candidato,23,sem_renda,identificacao,rg_ou_cnh_candidato,todo_candidato,obrigatorio,INT-DOC-000611,ok,atual,nao_se_aplica,nao_se_aplica,0.97,nenhuma,nao,confirmado
inteli,graduacao_2026,INT-SYN-0062,documento_faltante,INT-SYN-0062-M2,responsavel,40,trabalhador_informal,identificacao,rg_cpf_adulto,todo_adulto,obrigatorio,INT-DOC-000612,ok,atual,nao_se_aplica,nao_se_aplica,0.97,nenhuma,nao,confirmado
inteli,graduacao_2026,INT-SYN-0062,documento_faltante,INT-SYN-0062-M2,responsavel,40,trabalhador_informal,residencia,comprovante_residencia_ultimo_mes,todo_grupo_familiar,obrigatorio,INT-DOC-000613,ok,2025-09,nao_se_aplica,nao_se_aplica,0.97,nenhuma,nao,confirmado
inteli,graduacao_2026,INT-SYN-0062,documento_faltante,INT-SYN-0062-M2,responsavel,40,trabalhador_informal,moradia,comprovante_aluguel_ultimo_mes,moradia_alugada,condicional,INT-DOC-000614,ok,2025-09,1200.00,1200.00,0.97,nenhuma,nao,confirmado
inteli,graduacao_2026,INT-SYN-0062,documento_faltante,INT-SYN-0062-M2,responsavel,40,trabalhador_informal,trabalho,ctps,todo_adulto,obrigatorio,INT-DOC-000615,ok,atual,nao_se_aplica,nao_se_aplica,0.97,nenhuma,nao,confirmado
inteli,graduacao_2026,INT-SYN-0062,documento_faltante,INT-SYN-0062-M2,responsavel,40,trabalhador_informal,trabalho,cnis_completo,todo_adulto,obrigatorio,INT-DOC-000616,ok,atual,nao_se_aplica,nao_se_aplica,0.97,nenhuma,nao,confirmado
inteli,graduacao_2026,INT-SYN-0062,documento_faltante,INT-SYN-0062-M2,responsavel,40,trabalhador_informal,tributario,irpf_com_recibo_ou_nada_consta,todo_adulto,obrigatorio,INT-DOC-000617,ok,exercicio_2025_ano_base_2024,nao_se_aplica,nao_se_aplica,0.97,nenhuma,nao,confirmado
inteli,graduacao_2026,INT-SYN-0062,documento_faltante,INT-SYN-0062-M2,responsavel,40,trabalhador_informal,financeiro,extratos_todas_contas,todo_adulto,obrigatorio,INT-DOC-000618,ok,2025-07|2025-08|2025-09,1544.00,1544.00,0.97,nenhuma,nao,confirmado
inteli,graduacao_2026,INT-SYN-0062,documento_faltante,INT-SYN-0062-M2,responsavel,40,trabalhador_informal,renda,declaracao_trabalho_informal,renda_trabalhador_informal,condicional,ausente,faltante,2025-07|2025-08|2025-09,1544.00,nao_extraido,0.00,solicitar_documento_faltante,sim,confirmado
inteli,graduacao_2026,INT-SYN-0062,documento_faltante,INT-SYN-0062-M2,responsavel,40,trabalhador_informal,renda,comprovante_ou_declaracao_pensao,recebe_pensao,condicional,INT-DOC-000620,ok,media_2025-07_a_2025-09,420.00,420.00,0.97,nenhuma,nao,confirmado
inteli,graduacao_2026,INT-SYN-0063,arquivo_ilegivel,INT-SYN-0063-M1,candidato,24,sem_renda,identificacao,rg_ou_cnh_candidato,todo_candidato,obrigatorio,INT-DOC-000621,ok,atual,nao_se_aplica,nao_se_aplica,0.97,nenhuma,nao,confirmado
inteli,graduacao_2026,INT-SYN-0063,arquivo_ilegivel,INT-SYN-0063-M2,responsavel,41,mei,identificacao,rg_cpf_adulto,todo_adulto,obrigatorio,INT-DOC-000622,ok,atual,nao_se_aplica,nao_se_aplica,0.97,nenhuma,nao,confirmado
inteli,graduacao_2026,INT-SYN-0063,arquivo_ilegivel,INT-SYN-0063-M2,responsavel,41,mei,residencia,comprovante_residencia_ultimo_mes,todo_grupo_familiar,obrigatorio,INT-DOC-000623,ok,2025-09,nao_se_aplica,nao_se_aplica,0.97,nenhuma,nao,confirmado
inteli,graduacao_2026,INT-SYN-0063,arquivo_ilegivel,INT-SYN-0063-M2,responsavel,41,mei,moradia,comprovante_financiamento_ultimo_mes,moradia_financiada,condicional,INT-DOC-000624,ok,2025-09,1200.00,1200.00,0.97,nenhuma,nao,confirmado
inteli,graduacao_2026,INT-SYN-0063,arquivo_ilegivel,INT-SYN-0063-M2,responsavel,41,mei,trabalho,ctps,todo_adulto,obrigatorio,INT-DOC-000625,ok,atual,nao_se_aplica,nao_se_aplica,0.97,nenhuma,nao,confirmado
inteli,graduacao_2026,INT-SYN-0063,arquivo_ilegivel,INT-SYN-0063-M2,responsavel,41,mei,trabalho,cnis_completo,todo_adulto,obrigatorio,INT-DOC-000626,ok,atual,nao_se_aplica,nao_se_aplica,0.97,nenhuma,nao,confirmado
inteli,graduacao_2026,INT-SYN-0063,arquivo_ilegivel,INT-SYN-0063-M2,responsavel,41,mei,tributario,irpf_com_recibo_ou_nada_consta,todo_adulto,obrigatorio,INT-DOC-000627,ok,exercicio_2025_ano_base_2024,nao_se_aplica,nao_se_aplica,0.97,nenhuma,nao,confirmado
inteli,graduacao_2026,INT-SYN-0063,arquivo_ilegivel,INT-SYN-0063-M2,responsavel,41,mei,financeiro,extratos_todas_contas,todo_adulto,obrigatorio,INT-DOC-000628,ilegivel,2025-07|2025-08|2025-09,1681.00,nao_extraido,0.28,solicitar_arquivo_legivel,sim,confirmado
inteli,graduacao_2026,INT-SYN-0063,arquivo_ilegivel,INT-SYN-0063-M2,responsavel,41,mei,renda,comprovante_mei_e_dasn_simei,renda_mei,condicional,INT-DOC-000629,ok,2025-07|2025-08|2025-09,1681.00,1681.00,0.97,nenhuma,nao,confirmado
inteli,graduacao_2026,INT-SYN-0063,arquivo_ilegivel,INT-SYN-0063-M2,responsavel,41,mei,gastos,comprovantes_saude,gasto_de_saude_declarado,condicional,INT-DOC-000630,ok,media_2025-07_a_2025-09,560.00,560.00,0.97,nenhuma,nao,confirmado
inteli,graduacao_2026,INT-SYN-0064,periodo_incompleto,INT-SYN-0064-M1,candidato,17,sem_renda,identificacao,rg_ou_cnh_candidato,todo_candidato,obrigatorio,INT-DOC-000631,ok,atual,nao_se_aplica,nao_se_aplica,0.97,nenhuma,nao,confirmado
inteli,graduacao_2026,INT-SYN-0064,periodo_incompleto,INT-SYN-0064-M2,responsavel,42,aposentado,identificacao,rg_cpf_adulto,todo_adulto,obrigatorio,INT-DOC-000632,ok,atual,nao_se_aplica,nao_se_aplica,0.97,nenhuma,nao,confirmado
inteli,graduacao_2026,INT-SYN-0064,periodo_incompleto,INT-SYN-0064-M2,responsavel,42,aposentado,residencia,comprovante_residencia_ultimo_mes,todo_grupo_familiar,obrigatorio,INT-DOC-000633,ok,2025-09,nao_se_aplica,nao_se_aplica,0.97,nenhuma,nao,confirmado
inteli,graduacao_2026,INT-SYN-0064,periodo_incompleto,INT-SYN-0064-M2,responsavel,42,aposentado,moradia,declaracao_cessao_imovel,moradia_cedida,condicional,INT-DOC-000634,ok,2025-09,1200.00,1200.00,0.97,nenhuma,nao,confirmado
inteli,graduacao_2026,INT-SYN-0064,periodo_incompleto,INT-SYN-0064-M2,responsavel,42,aposentado,trabalho,ctps,todo_adulto,obrigatorio,INT-DOC-000635,ok,atual,nao_se_aplica,nao_se_aplica,0.97,nenhuma,nao,confirmado
inteli,graduacao_2026,INT-SYN-0064,periodo_incompleto,INT-SYN-0064-M2,responsavel,42,aposentado,trabalho,cnis_completo,todo_adulto,obrigatorio,INT-DOC-000636,ok,atual,nao_se_aplica,nao_se_aplica,0.97,nenhuma,nao,confirmado
inteli,graduacao_2026,INT-SYN-0064,periodo_incompleto,INT-SYN-0064-M2,responsavel,42,aposentado,tributario,irpf_com_recibo_ou_nada_consta,todo_adulto,obrigatorio,INT-DOC-000637,ok,exercicio_2025_ano_base_2024,nao_se_aplica,nao_se_aplica,0.97,nenhuma,nao,confirmado
inteli,graduacao_2026,INT-SYN-0064,periodo_incompleto,INT-SYN-0064-M2,responsavel,42,aposentado,financeiro,extratos_todas_contas,todo_adulto,obrigatorio,INT-DOC-000638,periodo_incompleto,2025-07|2025-08|2025-09,1818.00,1818.00,0.89,solicitar_competencias_ausentes,sim,confirmado
inteli,graduacao_2026,INT-SYN-0064,periodo_incompleto,INT-SYN-0064-M2,responsavel,42,aposentado,renda,extrato_beneficio_3_meses,renda_aposentado,condicional,INT-DOC-000639,ok,2025-07|2025-08|2025-09,1818.00,1818.00,0.97,nenhuma,nao,confirmado
inteli,graduacao_2026,INT-SYN-0064,periodo_incompleto,INT-SYN-0064-M2,responsavel,42,aposentado,gastos,comprovantes_educacao,gasto_de_educacao_declarado,condicional,INT-DOC-000640,ok,media_2025-07_a_2025-09,250.00,250.00,0.97,nenhuma,nao,confirmado
inteli,graduacao_2026,INT-SYN-0065,valor_divergente,INT-SYN-0065-M1,candidato,18,sem_renda,identificacao,rg_ou_cnh_candidato,todo_candidato,obrigatorio,INT-DOC-000641,ok,atual,nao_se_aplica,nao_se_aplica,0.97,nenhuma,nao,confirmado
inteli,graduacao_2026,INT-SYN-0065,valor_divergente,INT-SYN-0065-M2,responsavel,43,desempregado,identificacao,rg_cpf_adulto,todo_adulto,obrigatorio,INT-DOC-000642,ok,atual,nao_se_aplica,nao_se_aplica,0.97,nenhuma,nao,confirmado
inteli,graduacao_2026,INT-SYN-0065,valor_divergente,INT-SYN-0065-M2,responsavel,43,desempregado,residencia,comprovante_residencia_ultimo_mes,todo_grupo_familiar,obrigatorio,INT-DOC-000643,ok,2025-09,nao_se_aplica,nao_se_aplica,0.97,nenhuma,nao,confirmado
inteli,graduacao_2026,INT-SYN-0065,valor_divergente,INT-SYN-0065-M2,responsavel,43,desempregado,moradia,irpf_ou_iptu,moradia_propria,condicional,INT-DOC-000644,ok,2025-09,1200.00,1200.00,0.97,nenhuma,nao,confirmado
inteli,graduacao_2026,INT-SYN-0065,valor_divergente,INT-SYN-0065-M2,responsavel,43,desempregado,trabalho,ctps,todo_adulto,obrigatorio,INT-DOC-000645,ok,atual,nao_se_aplica,nao_se_aplica,0.97,nenhuma,nao,confirmado
inteli,graduacao_2026,INT-SYN-0065,valor_divergente,INT-SYN-0065-M2,responsavel,43,desempregado,trabalho,cnis_completo,todo_adulto,obrigatorio,INT-DOC-000646,ok,atual,nao_se_aplica,nao_se_aplica,0.97,nenhuma,nao,confirmado
inteli,graduacao_2026,INT-SYN-0065,valor_divergente,INT-SYN-0065-M2,responsavel,43,desempregado,tributario,irpf_com_recibo_ou_nada_consta,todo_adulto,obrigatorio,INT-DOC-000647,ok,exercicio_2025_ano_base_2024,nao_se_aplica,nao_se_aplica,0.97,nenhuma,nao,confirmado
inteli,graduacao_2026,INT-SYN-0065,valor_divergente,INT-SYN-0065-M2,responsavel,43,desempregado,financeiro,extratos_todas_contas,todo_adulto,obrigatorio,INT-DOC-000648,divergente,2025-07|2025-08|2025-09,1955.00,2605.00,0.93,comparar_declaracao_e_documento,sim,confirmado
inteli,graduacao_2026,INT-SYN-0065,valor_divergente,INT-SYN-0065-M2,responsavel,43,desempregado,renda,rescisao_fgts_ou_declaracao_inatividade,renda_desempregado,condicional,INT-DOC-000649,ok,2025-07|2025-08|2025-09,1955.00,1955.00,0.97,nenhuma,nao,confirmado
inteli,graduacao_2026,INT-SYN-0065,valor_divergente,INT-SYN-0065-M2,responsavel,43,desempregado,patrimonio,crlv_ou_renavam,grupo_possui_veiculo,condicional,INT-DOC-000650,ok,media_2025-07_a_2025-09,nao_se_aplica,nao_se_aplica,0.97,nenhuma,nao,confirmado
inteli,graduacao_2026,INT-SYN-0066,documento_desatualizado,INT-SYN-0066-M1,candidato,19,sem_renda,identificacao,rg_ou_cnh_candidato,todo_candidato,obrigatorio,INT-DOC-000651,ok,atual,nao_se_aplica,nao_se_aplica,0.97,nenhuma,nao,confirmado
inteli,graduacao_2026,INT-SYN-0066,documento_desatualizado,INT-SYN-0066-M2,responsavel,44,autonomo,identificacao,rg_cpf_adulto,todo_adulto,obrigatorio,INT-DOC-000652,ok,atual,nao_se_aplica,nao_se_aplica,0.97,nenhuma,nao,confirmado
inteli,graduacao_2026,INT-SYN-0066,documento_desatualizado,INT-SYN-0066-M2,responsavel,44,autonomo,residencia,comprovante_residencia_ultimo_mes,todo_grupo_familiar,obrigatorio,INT-DOC-000653,desatualizado,2025-09,nao_se_aplica,nao_se_aplica,0.95,solicitar_documento_atualizado,sim,confirmado
inteli,graduacao_2026,INT-SYN-0066,documento_desatualizado,INT-SYN-0066-M2,responsavel,44,autonomo,moradia,comprovante_aluguel_ultimo_mes,moradia_alugada,condicional,INT-DOC-000654,ok,2025-09,1200.00,1200.00,0.97,nenhuma,nao,confirmado
inteli,graduacao_2026,INT-SYN-0066,documento_desatualizado,INT-SYN-0066-M2,responsavel,44,autonomo,trabalho,ctps,todo_adulto,obrigatorio,INT-DOC-000655,ok,atual,nao_se_aplica,nao_se_aplica,0.97,nenhuma,nao,confirmado
inteli,graduacao_2026,INT-SYN-0066,documento_desatualizado,INT-SYN-0066-M2,responsavel,44,autonomo,trabalho,cnis_completo,todo_adulto,obrigatorio,INT-DOC-000656,ok,atual,nao_se_aplica,nao_se_aplica,0.97,nenhuma,nao,confirmado
inteli,graduacao_2026,INT-SYN-0066,documento_desatualizado,INT-SYN-0066-M2,responsavel,44,autonomo,tributario,irpf_com_recibo_ou_nada_consta,todo_adulto,obrigatorio,INT-DOC-000657,ok,exercicio_2025_ano_base_2024,nao_se_aplica,nao_se_aplica,0.97,nenhuma,nao,confirmado
inteli,graduacao_2026,INT-SYN-0066,documento_desatualizado,INT-SYN-0066-M2,responsavel,44,autonomo,financeiro,extratos_todas_contas,todo_adulto,obrigatorio,INT-DOC-000658,ok,2025-07|2025-08|2025-09,2092.00,2092.00,0.97,nenhuma,nao,confirmado
inteli,graduacao_2026,INT-SYN-0066,documento_desatualizado,INT-SYN-0066-M2,responsavel,44,autonomo,renda,dasn_simei_ou_decore,renda_autonomo,condicional,INT-DOC-000659,ok,2025-07|2025-08|2025-09,2092.00,2092.00,0.97,nenhuma,nao,confirmado
inteli,graduacao_2026,INT-SYN-0066,documento_desatualizado,INT-SYN-0066-M2,responsavel,44,autonomo,renda,comprovante_ou_declaracao_pensao,recebe_pensao,condicional,INT-DOC-000660,ok,media_2025-07_a_2025-09,420.00,420.00,0.97,nenhuma,nao,confirmado
inteli,graduacao_2026,INT-SYN-0067,dossie_completo,INT-SYN-0067-M1,candidato,20,sem_renda,identificacao,rg_ou_cnh_candidato,todo_candidato,obrigatorio,INT-DOC-000661,ok,atual,nao_se_aplica,nao_se_aplica,0.97,nenhuma,nao,confirmado
inteli,graduacao_2026,INT-SYN-0067,dossie_completo,INT-SYN-0067-M2,responsavel,45,assalariado,identificacao,rg_cpf_adulto,todo_adulto,obrigatorio,INT-DOC-000662,ok,atual,nao_se_aplica,nao_se_aplica,0.97,nenhuma,nao,confirmado
inteli,graduacao_2026,INT-SYN-0067,dossie_completo,INT-SYN-0067-M2,responsavel,45,assalariado,residencia,comprovante_residencia_ultimo_mes,todo_grupo_familiar,obrigatorio,INT-DOC-000663,ok,2025-09,nao_se_aplica,nao_se_aplica,0.97,nenhuma,nao,confirmado
inteli,graduacao_2026,INT-SYN-0067,dossie_completo,INT-SYN-0067-M2,responsavel,45,assalariado,moradia,comprovante_financiamento_ultimo_mes,moradia_financiada,condicional,INT-DOC-000664,ok,2025-09,1200.00,1200.00,0.97,nenhuma,nao,confirmado
inteli,graduacao_2026,INT-SYN-0067,dossie_completo,INT-SYN-0067-M2,responsavel,45,assalariado,trabalho,ctps,todo_adulto,obrigatorio,INT-DOC-000665,ok,atual,nao_se_aplica,nao_se_aplica,0.97,nenhuma,nao,confirmado
inteli,graduacao_2026,INT-SYN-0067,dossie_completo,INT-SYN-0067-M2,responsavel,45,assalariado,trabalho,cnis_completo,todo_adulto,obrigatorio,INT-DOC-000666,ok,atual,nao_se_aplica,nao_se_aplica,0.97,nenhuma,nao,confirmado
inteli,graduacao_2026,INT-SYN-0067,dossie_completo,INT-SYN-0067-M2,responsavel,45,assalariado,tributario,irpf_com_recibo_ou_nada_consta,todo_adulto,obrigatorio,INT-DOC-000667,ok,exercicio_2025_ano_base_2024,nao_se_aplica,nao_se_aplica,0.97,nenhuma,nao,confirmado
inteli,graduacao_2026,INT-SYN-0067,dossie_completo,INT-SYN-0067-M2,responsavel,45,assalariado,financeiro,extratos_todas_contas,todo_adulto,obrigatorio,INT-DOC-000668,ok,2025-07|2025-08|2025-09,2229.00,2229.00,0.97,nenhuma,nao,confirmado
inteli,graduacao_2026,INT-SYN-0067,dossie_completo,INT-SYN-0067-M2,responsavel,45,assalariado,renda,holerites_3_meses,renda_assalariado,condicional,INT-DOC-000669,ok,2025-07|2025-08|2025-09,2229.00,2229.00,0.97,nenhuma,nao,confirmado
inteli,graduacao_2026,INT-SYN-0067,dossie_completo,INT-SYN-0067-M2,responsavel,45,assalariado,gastos,comprovantes_saude,gasto_de_saude_declarado,condicional,INT-DOC-000670,ok,media_2025-07_a_2025-09,560.00,560.00,0.97,nenhuma,nao,confirmado
inteli,graduacao_2026,INT-SYN-0068,documento_faltante,INT-SYN-0068-M1,candidato,21,sem_renda,identificacao,rg_ou_cnh_candidato,todo_candidato,obrigatorio,INT-DOC-000671,ok,atual,nao_se_aplica,nao_se_aplica,0.97,nenhuma,nao,confirmado
inteli,graduacao_2026,INT-SYN-0068,documento_faltante,INT-SYN-0068-M2,responsavel,46,trabalhador_informal,identificacao,rg_cpf_adulto,todo_adulto,obrigatorio,INT-DOC-000672,ok,atual,nao_se_aplica,nao_se_aplica,0.97,nenhuma,nao,confirmado
inteli,graduacao_2026,INT-SYN-0068,documento_faltante,INT-SYN-0068-M2,responsavel,46,trabalhador_informal,residencia,comprovante_residencia_ultimo_mes,todo_grupo_familiar,obrigatorio,INT-DOC-000673,ok,2025-09,nao_se_aplica,nao_se_aplica,0.97,nenhuma,nao,confirmado
inteli,graduacao_2026,INT-SYN-0068,documento_faltante,INT-SYN-0068-M2,responsavel,46,trabalhador_informal,moradia,declaracao_cessao_imovel,moradia_cedida,condicional,INT-DOC-000674,ok,2025-09,1200.00,1200.00,0.97,nenhuma,nao,confirmado
inteli,graduacao_2026,INT-SYN-0068,documento_faltante,INT-SYN-0068-M2,responsavel,46,trabalhador_informal,trabalho,ctps,todo_adulto,obrigatorio,INT-DOC-000675,ok,atual,nao_se_aplica,nao_se_aplica,0.97,nenhuma,nao,confirmado
inteli,graduacao_2026,INT-SYN-0068,documento_faltante,INT-SYN-0068-M2,responsavel,46,trabalhador_informal,trabalho,cnis_completo,todo_adulto,obrigatorio,INT-DOC-000676,ok,atual,nao_se_aplica,nao_se_aplica,0.97,nenhuma,nao,confirmado
inteli,graduacao_2026,INT-SYN-0068,documento_faltante,INT-SYN-0068-M2,responsavel,46,trabalhador_informal,tributario,irpf_com_recibo_ou_nada_consta,todo_adulto,obrigatorio,INT-DOC-000677,ok,exercicio_2025_ano_base_2024,nao_se_aplica,nao_se_aplica,0.97,nenhuma,nao,confirmado
inteli,graduacao_2026,INT-SYN-0068,documento_faltante,INT-SYN-0068-M2,responsavel,46,trabalhador_informal,financeiro,extratos_todas_contas,todo_adulto,obrigatorio,INT-DOC-000678,ok,2025-07|2025-08|2025-09,2366.00,2366.00,0.97,nenhuma,nao,confirmado
inteli,graduacao_2026,INT-SYN-0068,documento_faltante,INT-SYN-0068-M2,responsavel,46,trabalhador_informal,renda,declaracao_trabalho_informal,renda_trabalhador_informal,condicional,ausente,faltante,2025-07|2025-08|2025-09,2366.00,nao_extraido,0.00,solicitar_documento_faltante,sim,confirmado
inteli,graduacao_2026,INT-SYN-0068,documento_faltante,INT-SYN-0068-M2,responsavel,46,trabalhador_informal,gastos,comprovantes_educacao,gasto_de_educacao_declarado,condicional,INT-DOC-000680,ok,media_2025-07_a_2025-09,250.00,250.00,0.97,nenhuma,nao,confirmado
inteli,graduacao_2026,INT-SYN-0069,arquivo_ilegivel,INT-SYN-0069-M1,candidato,22,sem_renda,identificacao,rg_ou_cnh_candidato,todo_candidato,obrigatorio,INT-DOC-000681,ok,atual,nao_se_aplica,nao_se_aplica,0.97,nenhuma,nao,confirmado
inteli,graduacao_2026,INT-SYN-0069,arquivo_ilegivel,INT-SYN-0069-M2,responsavel,47,mei,identificacao,rg_cpf_adulto,todo_adulto,obrigatorio,INT-DOC-000682,ok,atual,nao_se_aplica,nao_se_aplica,0.97,nenhuma,nao,confirmado
inteli,graduacao_2026,INT-SYN-0069,arquivo_ilegivel,INT-SYN-0069-M2,responsavel,47,mei,residencia,comprovante_residencia_ultimo_mes,todo_grupo_familiar,obrigatorio,INT-DOC-000683,ok,2025-09,nao_se_aplica,nao_se_aplica,0.97,nenhuma,nao,confirmado
inteli,graduacao_2026,INT-SYN-0069,arquivo_ilegivel,INT-SYN-0069-M2,responsavel,47,mei,moradia,irpf_ou_iptu,moradia_propria,condicional,INT-DOC-000684,ok,2025-09,1200.00,1200.00,0.97,nenhuma,nao,confirmado
inteli,graduacao_2026,INT-SYN-0069,arquivo_ilegivel,INT-SYN-0069-M2,responsavel,47,mei,trabalho,ctps,todo_adulto,obrigatorio,INT-DOC-000685,ok,atual,nao_se_aplica,nao_se_aplica,0.97,nenhuma,nao,confirmado
inteli,graduacao_2026,INT-SYN-0069,arquivo_ilegivel,INT-SYN-0069-M2,responsavel,47,mei,trabalho,cnis_completo,todo_adulto,obrigatorio,INT-DOC-000686,ok,atual,nao_se_aplica,nao_se_aplica,0.97,nenhuma,nao,confirmado
inteli,graduacao_2026,INT-SYN-0069,arquivo_ilegivel,INT-SYN-0069-M2,responsavel,47,mei,tributario,irpf_com_recibo_ou_nada_consta,todo_adulto,obrigatorio,INT-DOC-000687,ok,exercicio_2025_ano_base_2024,nao_se_aplica,nao_se_aplica,0.97,nenhuma,nao,confirmado
inteli,graduacao_2026,INT-SYN-0069,arquivo_ilegivel,INT-SYN-0069-M2,responsavel,47,mei,financeiro,extratos_todas_contas,todo_adulto,obrigatorio,INT-DOC-000688,ilegivel,2025-07|2025-08|2025-09,2503.00,nao_extraido,0.28,solicitar_arquivo_legivel,sim,confirmado
inteli,graduacao_2026,INT-SYN-0069,arquivo_ilegivel,INT-SYN-0069-M2,responsavel,47,mei,renda,comprovante_mei_e_dasn_simei,renda_mei,condicional,INT-DOC-000689,ok,2025-07|2025-08|2025-09,2503.00,2503.00,0.97,nenhuma,nao,confirmado
inteli,graduacao_2026,INT-SYN-0069,arquivo_ilegivel,INT-SYN-0069-M2,responsavel,47,mei,patrimonio,crlv_ou_renavam,grupo_possui_veiculo,condicional,INT-DOC-000690,ok,media_2025-07_a_2025-09,nao_se_aplica,nao_se_aplica,0.97,nenhuma,nao,confirmado
inteli,graduacao_2026,INT-SYN-0070,periodo_incompleto,INT-SYN-0070-M1,candidato,23,sem_renda,identificacao,rg_ou_cnh_candidato,todo_candidato,obrigatorio,INT-DOC-000691,ok,atual,nao_se_aplica,nao_se_aplica,0.97,nenhuma,nao,confirmado
inteli,graduacao_2026,INT-SYN-0070,periodo_incompleto,INT-SYN-0070-M2,responsavel,48,aposentado,identificacao,rg_cpf_adulto,todo_adulto,obrigatorio,INT-DOC-000692,ok,atual,nao_se_aplica,nao_se_aplica,0.97,nenhuma,nao,confirmado
inteli,graduacao_2026,INT-SYN-0070,periodo_incompleto,INT-SYN-0070-M2,responsavel,48,aposentado,residencia,comprovante_residencia_ultimo_mes,todo_grupo_familiar,obrigatorio,INT-DOC-000693,ok,2025-09,nao_se_aplica,nao_se_aplica,0.97,nenhuma,nao,confirmado
inteli,graduacao_2026,INT-SYN-0070,periodo_incompleto,INT-SYN-0070-M2,responsavel,48,aposentado,moradia,comprovante_aluguel_ultimo_mes,moradia_alugada,condicional,INT-DOC-000694,ok,2025-09,1200.00,1200.00,0.97,nenhuma,nao,confirmado
inteli,graduacao_2026,INT-SYN-0070,periodo_incompleto,INT-SYN-0070-M2,responsavel,48,aposentado,trabalho,ctps,todo_adulto,obrigatorio,INT-DOC-000695,ok,atual,nao_se_aplica,nao_se_aplica,0.97,nenhuma,nao,confirmado
inteli,graduacao_2026,INT-SYN-0070,periodo_incompleto,INT-SYN-0070-M2,responsavel,48,aposentado,trabalho,cnis_completo,todo_adulto,obrigatorio,INT-DOC-000696,ok,atual,nao_se_aplica,nao_se_aplica,0.97,nenhuma,nao,confirmado
inteli,graduacao_2026,INT-SYN-0070,periodo_incompleto,INT-SYN-0070-M2,responsavel,48,aposentado,tributario,irpf_com_recibo_ou_nada_consta,todo_adulto,obrigatorio,INT-DOC-000697,ok,exercicio_2025_ano_base_2024,nao_se_aplica,nao_se_aplica,0.97,nenhuma,nao,confirmado
inteli,graduacao_2026,INT-SYN-0070,periodo_incompleto,INT-SYN-0070-M2,responsavel,48,aposentado,financeiro,extratos_todas_contas,todo_adulto,obrigatorio,INT-DOC-000698,periodo_incompleto,2025-07|2025-08|2025-09,2640.00,2640.00,0.89,solicitar_competencias_ausentes,sim,confirmado
inteli,graduacao_2026,INT-SYN-0070,periodo_incompleto,INT-SYN-0070-M2,responsavel,48,aposentado,renda,extrato_beneficio_3_meses,renda_aposentado,condicional,INT-DOC-000699,ok,2025-07|2025-08|2025-09,2640.00,2640.00,0.97,nenhuma,nao,confirmado
inteli,graduacao_2026,INT-SYN-0070,periodo_incompleto,INT-SYN-0070-M2,responsavel,48,aposentado,renda,comprovante_ou_declaracao_pensao,recebe_pensao,condicional,INT-DOC-000700,ok,media_2025-07_a_2025-09,420.00,420.00,0.97,nenhuma,nao,confirmado
inteli,graduacao_2026,INT-SYN-0071,valor_divergente,INT-SYN-0071-M1,candidato,24,sem_renda,identificacao,rg_ou_cnh_candidato,todo_candidato,obrigatorio,INT-DOC-000701,ok,atual,nao_se_aplica,nao_se_aplica,0.97,nenhuma,nao,confirmado
inteli,graduacao_2026,INT-SYN-0071,valor_divergente,INT-SYN-0071-M2,responsavel,49,desempregado,identificacao,rg_cpf_adulto,todo_adulto,obrigatorio,INT-DOC-000702,ok,atual,nao_se_aplica,nao_se_aplica,0.97,nenhuma,nao,confirmado
inteli,graduacao_2026,INT-SYN-0071,valor_divergente,INT-SYN-0071-M2,responsavel,49,desempregado,residencia,comprovante_residencia_ultimo_mes,todo_grupo_familiar,obrigatorio,INT-DOC-000703,ok,2025-09,nao_se_aplica,nao_se_aplica,0.97,nenhuma,nao,confirmado
inteli,graduacao_2026,INT-SYN-0071,valor_divergente,INT-SYN-0071-M2,responsavel,49,desempregado,moradia,comprovante_financiamento_ultimo_mes,moradia_financiada,condicional,INT-DOC-000704,ok,2025-09,1200.00,1200.00,0.97,nenhuma,nao,confirmado
inteli,graduacao_2026,INT-SYN-0071,valor_divergente,INT-SYN-0071-M2,responsavel,49,desempregado,trabalho,ctps,todo_adulto,obrigatorio,INT-DOC-000705,ok,atual,nao_se_aplica,nao_se_aplica,0.97,nenhuma,nao,confirmado
inteli,graduacao_2026,INT-SYN-0071,valor_divergente,INT-SYN-0071-M2,responsavel,49,desempregado,trabalho,cnis_completo,todo_adulto,obrigatorio,INT-DOC-000706,ok,atual,nao_se_aplica,nao_se_aplica,0.97,nenhuma,nao,confirmado
inteli,graduacao_2026,INT-SYN-0071,valor_divergente,INT-SYN-0071-M2,responsavel,49,desempregado,tributario,irpf_com_recibo_ou_nada_consta,todo_adulto,obrigatorio,INT-DOC-000707,ok,exercicio_2025_ano_base_2024,nao_se_aplica,nao_se_aplica,0.97,nenhuma,nao,confirmado
inteli,graduacao_2026,INT-SYN-0071,valor_divergente,INT-SYN-0071-M2,responsavel,49,desempregado,financeiro,extratos_todas_contas,todo_adulto,obrigatorio,INT-DOC-000708,divergente,2025-07|2025-08|2025-09,2777.00,3427.00,0.93,comparar_declaracao_e_documento,sim,confirmado
inteli,graduacao_2026,INT-SYN-0071,valor_divergente,INT-SYN-0071-M2,responsavel,49,desempregado,renda,rescisao_fgts_ou_declaracao_inatividade,renda_desempregado,condicional,INT-DOC-000709,ok,2025-07|2025-08|2025-09,2777.00,2777.00,0.97,nenhuma,nao,confirmado
inteli,graduacao_2026,INT-SYN-0071,valor_divergente,INT-SYN-0071-M2,responsavel,49,desempregado,gastos,comprovantes_saude,gasto_de_saude_declarado,condicional,INT-DOC-000710,ok,media_2025-07_a_2025-09,560.00,560.00,0.97,nenhuma,nao,confirmado
inteli,graduacao_2026,INT-SYN-0072,documento_desatualizado,INT-SYN-0072-M1,candidato,17,sem_renda,identificacao,rg_ou_cnh_candidato,todo_candidato,obrigatorio,INT-DOC-000711,ok,atual,nao_se_aplica,nao_se_aplica,0.97,nenhuma,nao,confirmado
inteli,graduacao_2026,INT-SYN-0072,documento_desatualizado,INT-SYN-0072-M2,responsavel,50,autonomo,identificacao,rg_cpf_adulto,todo_adulto,obrigatorio,INT-DOC-000712,ok,atual,nao_se_aplica,nao_se_aplica,0.97,nenhuma,nao,confirmado
inteli,graduacao_2026,INT-SYN-0072,documento_desatualizado,INT-SYN-0072-M2,responsavel,50,autonomo,residencia,comprovante_residencia_ultimo_mes,todo_grupo_familiar,obrigatorio,INT-DOC-000713,desatualizado,2025-09,nao_se_aplica,nao_se_aplica,0.95,solicitar_documento_atualizado,sim,confirmado
inteli,graduacao_2026,INT-SYN-0072,documento_desatualizado,INT-SYN-0072-M2,responsavel,50,autonomo,moradia,declaracao_cessao_imovel,moradia_cedida,condicional,INT-DOC-000714,ok,2025-09,1200.00,1200.00,0.97,nenhuma,nao,confirmado
inteli,graduacao_2026,INT-SYN-0072,documento_desatualizado,INT-SYN-0072-M2,responsavel,50,autonomo,trabalho,ctps,todo_adulto,obrigatorio,INT-DOC-000715,ok,atual,nao_se_aplica,nao_se_aplica,0.97,nenhuma,nao,confirmado
inteli,graduacao_2026,INT-SYN-0072,documento_desatualizado,INT-SYN-0072-M2,responsavel,50,autonomo,trabalho,cnis_completo,todo_adulto,obrigatorio,INT-DOC-000716,ok,atual,nao_se_aplica,nao_se_aplica,0.97,nenhuma,nao,confirmado
inteli,graduacao_2026,INT-SYN-0072,documento_desatualizado,INT-SYN-0072-M2,responsavel,50,autonomo,tributario,irpf_com_recibo_ou_nada_consta,todo_adulto,obrigatorio,INT-DOC-000717,ok,exercicio_2025_ano_base_2024,nao_se_aplica,nao_se_aplica,0.97,nenhuma,nao,confirmado
inteli,graduacao_2026,INT-SYN-0072,documento_desatualizado,INT-SYN-0072-M2,responsavel,50,autonomo,financeiro,extratos_todas_contas,todo_adulto,obrigatorio,INT-DOC-000718,ok,2025-07|2025-08|2025-09,2914.00,2914.00,0.97,nenhuma,nao,confirmado
inteli,graduacao_2026,INT-SYN-0072,documento_desatualizado,INT-SYN-0072-M2,responsavel,50,autonomo,renda,dasn_simei_ou_decore,renda_autonomo,condicional,INT-DOC-000719,ok,2025-07|2025-08|2025-09,2914.00,2914.00,0.97,nenhuma,nao,confirmado
inteli,graduacao_2026,INT-SYN-0072,documento_desatualizado,INT-SYN-0072-M2,responsavel,50,autonomo,gastos,comprovantes_educacao,gasto_de_educacao_declarado,condicional,INT-DOC-000720,ok,media_2025-07_a_2025-09,250.00,250.00,0.97,nenhuma,nao,confirmado
inteli,graduacao_2026,INT-SYN-0073,dossie_completo,INT-SYN-0073-M1,candidato,18,sem_renda,identificacao,rg_ou_cnh_candidato,todo_candidato,obrigatorio,INT-DOC-000721,ok,atual,nao_se_aplica,nao_se_aplica,0.97,nenhuma,nao,confirmado
inteli,graduacao_2026,INT-SYN-0073,dossie_completo,INT-SYN-0073-M2,responsavel,51,assalariado,identificacao,rg_cpf_adulto,todo_adulto,obrigatorio,INT-DOC-000722,ok,atual,nao_se_aplica,nao_se_aplica,0.97,nenhuma,nao,confirmado
inteli,graduacao_2026,INT-SYN-0073,dossie_completo,INT-SYN-0073-M2,responsavel,51,assalariado,residencia,comprovante_residencia_ultimo_mes,todo_grupo_familiar,obrigatorio,INT-DOC-000723,ok,2025-09,nao_se_aplica,nao_se_aplica,0.97,nenhuma,nao,confirmado
inteli,graduacao_2026,INT-SYN-0073,dossie_completo,INT-SYN-0073-M2,responsavel,51,assalariado,moradia,irpf_ou_iptu,moradia_propria,condicional,INT-DOC-000724,ok,2025-09,1200.00,1200.00,0.97,nenhuma,nao,confirmado
inteli,graduacao_2026,INT-SYN-0073,dossie_completo,INT-SYN-0073-M2,responsavel,51,assalariado,trabalho,ctps,todo_adulto,obrigatorio,INT-DOC-000725,ok,atual,nao_se_aplica,nao_se_aplica,0.97,nenhuma,nao,confirmado
inteli,graduacao_2026,INT-SYN-0073,dossie_completo,INT-SYN-0073-M2,responsavel,51,assalariado,trabalho,cnis_completo,todo_adulto,obrigatorio,INT-DOC-000726,ok,atual,nao_se_aplica,nao_se_aplica,0.97,nenhuma,nao,confirmado
inteli,graduacao_2026,INT-SYN-0073,dossie_completo,INT-SYN-0073-M2,responsavel,51,assalariado,tributario,irpf_com_recibo_ou_nada_consta,todo_adulto,obrigatorio,INT-DOC-000727,ok,exercicio_2025_ano_base_2024,nao_se_aplica,nao_se_aplica,0.97,nenhuma,nao,confirmado
inteli,graduacao_2026,INT-SYN-0073,dossie_completo,INT-SYN-0073-M2,responsavel,51,assalariado,financeiro,extratos_todas_contas,todo_adulto,obrigatorio,INT-DOC-000728,ok,2025-07|2025-08|2025-09,3051.00,3051.00,0.97,nenhuma,nao,confirmado
inteli,graduacao_2026,INT-SYN-0073,dossie_completo,INT-SYN-0073-M2,responsavel,51,assalariado,renda,holerites_3_meses,renda_assalariado,condicional,INT-DOC-000729,ok,2025-07|2025-08|2025-09,3051.00,3051.00,0.97,nenhuma,nao,confirmado
inteli,graduacao_2026,INT-SYN-0073,dossie_completo,INT-SYN-0073-M2,responsavel,51,assalariado,patrimonio,crlv_ou_renavam,grupo_possui_veiculo,condicional,INT-DOC-000730,ok,media_2025-07_a_2025-09,nao_se_aplica,nao_se_aplica,0.97,nenhuma,nao,confirmado
inteli,graduacao_2026,INT-SYN-0074,documento_faltante,INT-SYN-0074-M1,candidato,19,sem_renda,identificacao,rg_ou_cnh_candidato,todo_candidato,obrigatorio,INT-DOC-000731,ok,atual,nao_se_aplica,nao_se_aplica,0.97,nenhuma,nao,confirmado
inteli,graduacao_2026,INT-SYN-0074,documento_faltante,INT-SYN-0074-M2,responsavel,52,trabalhador_informal,identificacao,rg_cpf_adulto,todo_adulto,obrigatorio,INT-DOC-000732,ok,atual,nao_se_aplica,nao_se_aplica,0.97,nenhuma,nao,confirmado
inteli,graduacao_2026,INT-SYN-0074,documento_faltante,INT-SYN-0074-M2,responsavel,52,trabalhador_informal,residencia,comprovante_residencia_ultimo_mes,todo_grupo_familiar,obrigatorio,INT-DOC-000733,ok,2025-09,nao_se_aplica,nao_se_aplica,0.97,nenhuma,nao,confirmado
inteli,graduacao_2026,INT-SYN-0074,documento_faltante,INT-SYN-0074-M2,responsavel,52,trabalhador_informal,moradia,comprovante_aluguel_ultimo_mes,moradia_alugada,condicional,INT-DOC-000734,ok,2025-09,1200.00,1200.00,0.97,nenhuma,nao,confirmado
inteli,graduacao_2026,INT-SYN-0074,documento_faltante,INT-SYN-0074-M2,responsavel,52,trabalhador_informal,trabalho,ctps,todo_adulto,obrigatorio,INT-DOC-000735,ok,atual,nao_se_aplica,nao_se_aplica,0.97,nenhuma,nao,confirmado
inteli,graduacao_2026,INT-SYN-0074,documento_faltante,INT-SYN-0074-M2,responsavel,52,trabalhador_informal,trabalho,cnis_completo,todo_adulto,obrigatorio,INT-DOC-000736,ok,atual,nao_se_aplica,nao_se_aplica,0.97,nenhuma,nao,confirmado
inteli,graduacao_2026,INT-SYN-0074,documento_faltante,INT-SYN-0074-M2,responsavel,52,trabalhador_informal,tributario,irpf_com_recibo_ou_nada_consta,todo_adulto,obrigatorio,INT-DOC-000737,ok,exercicio_2025_ano_base_2024,nao_se_aplica,nao_se_aplica,0.97,nenhuma,nao,confirmado
inteli,graduacao_2026,INT-SYN-0074,documento_faltante,INT-SYN-0074-M2,responsavel,52,trabalhador_informal,financeiro,extratos_todas_contas,todo_adulto,obrigatorio,INT-DOC-000738,ok,2025-07|2025-08|2025-09,3188.00,3188.00,0.97,nenhuma,nao,confirmado
inteli,graduacao_2026,INT-SYN-0074,documento_faltante,INT-SYN-0074-M2,responsavel,52,trabalhador_informal,renda,declaracao_trabalho_informal,renda_trabalhador_informal,condicional,ausente,faltante,2025-07|2025-08|2025-09,3188.00,nao_extraido,0.00,solicitar_documento_faltante,sim,confirmado
inteli,graduacao_2026,INT-SYN-0074,documento_faltante,INT-SYN-0074-M2,responsavel,52,trabalhador_informal,renda,comprovante_ou_declaracao_pensao,recebe_pensao,condicional,INT-DOC-000740,ok,media_2025-07_a_2025-09,420.00,420.00,0.97,nenhuma,nao,confirmado
inteli,graduacao_2026,INT-SYN-0075,arquivo_ilegivel,INT-SYN-0075-M1,candidato,20,sem_renda,identificacao,rg_ou_cnh_candidato,todo_candidato,obrigatorio,INT-DOC-000741,ok,atual,nao_se_aplica,nao_se_aplica,0.97,nenhuma,nao,confirmado
inteli,graduacao_2026,INT-SYN-0075,arquivo_ilegivel,INT-SYN-0075-M2,responsavel,53,mei,identificacao,rg_cpf_adulto,todo_adulto,obrigatorio,INT-DOC-000742,ok,atual,nao_se_aplica,nao_se_aplica,0.97,nenhuma,nao,confirmado
inteli,graduacao_2026,INT-SYN-0075,arquivo_ilegivel,INT-SYN-0075-M2,responsavel,53,mei,residencia,comprovante_residencia_ultimo_mes,todo_grupo_familiar,obrigatorio,INT-DOC-000743,ok,2025-09,nao_se_aplica,nao_se_aplica,0.97,nenhuma,nao,confirmado
inteli,graduacao_2026,INT-SYN-0075,arquivo_ilegivel,INT-SYN-0075-M2,responsavel,53,mei,moradia,comprovante_financiamento_ultimo_mes,moradia_financiada,condicional,INT-DOC-000744,ok,2025-09,1200.00,1200.00,0.97,nenhuma,nao,confirmado
inteli,graduacao_2026,INT-SYN-0075,arquivo_ilegivel,INT-SYN-0075-M2,responsavel,53,mei,trabalho,ctps,todo_adulto,obrigatorio,INT-DOC-000745,ok,atual,nao_se_aplica,nao_se_aplica,0.97,nenhuma,nao,confirmado
inteli,graduacao_2026,INT-SYN-0075,arquivo_ilegivel,INT-SYN-0075-M2,responsavel,53,mei,trabalho,cnis_completo,todo_adulto,obrigatorio,INT-DOC-000746,ok,atual,nao_se_aplica,nao_se_aplica,0.97,nenhuma,nao,confirmado
inteli,graduacao_2026,INT-SYN-0075,arquivo_ilegivel,INT-SYN-0075-M2,responsavel,53,mei,tributario,irpf_com_recibo_ou_nada_consta,todo_adulto,obrigatorio,INT-DOC-000747,ok,exercicio_2025_ano_base_2024,nao_se_aplica,nao_se_aplica,0.97,nenhuma,nao,confirmado
inteli,graduacao_2026,INT-SYN-0075,arquivo_ilegivel,INT-SYN-0075-M2,responsavel,53,mei,financeiro,extratos_todas_contas,todo_adulto,obrigatorio,INT-DOC-000748,ilegivel,2025-07|2025-08|2025-09,3325.00,nao_extraido,0.28,solicitar_arquivo_legivel,sim,confirmado
inteli,graduacao_2026,INT-SYN-0075,arquivo_ilegivel,INT-SYN-0075-M2,responsavel,53,mei,renda,comprovante_mei_e_dasn_simei,renda_mei,condicional,INT-DOC-000749,ok,2025-07|2025-08|2025-09,3325.00,3325.00,0.97,nenhuma,nao,confirmado
inteli,graduacao_2026,INT-SYN-0075,arquivo_ilegivel,INT-SYN-0075-M2,responsavel,53,mei,gastos,comprovantes_saude,gasto_de_saude_declarado,condicional,INT-DOC-000750,ok,media_2025-07_a_2025-09,560.00,560.00,0.97,nenhuma,nao,confirmado
inteli,graduacao_2026,INT-SYN-0076,periodo_incompleto,INT-SYN-0076-M1,candidato,21,sem_renda,identificacao,rg_ou_cnh_candidato,todo_candidato,obrigatorio,INT-DOC-000751,ok,atual,nao_se_aplica,nao_se_aplica,0.97,nenhuma,nao,confirmado
inteli,graduacao_2026,INT-SYN-0076,periodo_incompleto,INT-SYN-0076-M2,responsavel,54,aposentado,identificacao,rg_cpf_adulto,todo_adulto,obrigatorio,INT-DOC-000752,ok,atual,nao_se_aplica,nao_se_aplica,0.97,nenhuma,nao,confirmado
inteli,graduacao_2026,INT-SYN-0076,periodo_incompleto,INT-SYN-0076-M2,responsavel,54,aposentado,residencia,comprovante_residencia_ultimo_mes,todo_grupo_familiar,obrigatorio,INT-DOC-000753,ok,2025-09,nao_se_aplica,nao_se_aplica,0.97,nenhuma,nao,confirmado
inteli,graduacao_2026,INT-SYN-0076,periodo_incompleto,INT-SYN-0076-M2,responsavel,54,aposentado,moradia,declaracao_cessao_imovel,moradia_cedida,condicional,INT-DOC-000754,ok,2025-09,1200.00,1200.00,0.97,nenhuma,nao,confirmado
inteli,graduacao_2026,INT-SYN-0076,periodo_incompleto,INT-SYN-0076-M2,responsavel,54,aposentado,trabalho,ctps,todo_adulto,obrigatorio,INT-DOC-000755,ok,atual,nao_se_aplica,nao_se_aplica,0.97,nenhuma,nao,confirmado
inteli,graduacao_2026,INT-SYN-0076,periodo_incompleto,INT-SYN-0076-M2,responsavel,54,aposentado,trabalho,cnis_completo,todo_adulto,obrigatorio,INT-DOC-000756,ok,atual,nao_se_aplica,nao_se_aplica,0.97,nenhuma,nao,confirmado
inteli,graduacao_2026,INT-SYN-0076,periodo_incompleto,INT-SYN-0076-M2,responsavel,54,aposentado,tributario,irpf_com_recibo_ou_nada_consta,todo_adulto,obrigatorio,INT-DOC-000757,ok,exercicio_2025_ano_base_2024,nao_se_aplica,nao_se_aplica,0.97,nenhuma,nao,confirmado
inteli,graduacao_2026,INT-SYN-0076,periodo_incompleto,INT-SYN-0076-M2,responsavel,54,aposentado,financeiro,extratos_todas_contas,todo_adulto,obrigatorio,INT-DOC-000758,periodo_incompleto,2025-07|2025-08|2025-09,3462.00,3462.00,0.89,solicitar_competencias_ausentes,sim,confirmado
inteli,graduacao_2026,INT-SYN-0076,periodo_incompleto,INT-SYN-0076-M2,responsavel,54,aposentado,renda,extrato_beneficio_3_meses,renda_aposentado,condicional,INT-DOC-000759,ok,2025-07|2025-08|2025-09,3462.00,3462.00,0.97,nenhuma,nao,confirmado
inteli,graduacao_2026,INT-SYN-0076,periodo_incompleto,INT-SYN-0076-M2,responsavel,54,aposentado,gastos,comprovantes_educacao,gasto_de_educacao_declarado,condicional,INT-DOC-000760,ok,media_2025-07_a_2025-09,250.00,250.00,0.97,nenhuma,nao,confirmado
inteli,graduacao_2026,INT-SYN-0077,valor_divergente,INT-SYN-0077-M1,candidato,22,sem_renda,identificacao,rg_ou_cnh_candidato,todo_candidato,obrigatorio,INT-DOC-000761,ok,atual,nao_se_aplica,nao_se_aplica,0.97,nenhuma,nao,confirmado
inteli,graduacao_2026,INT-SYN-0077,valor_divergente,INT-SYN-0077-M2,responsavel,55,desempregado,identificacao,rg_cpf_adulto,todo_adulto,obrigatorio,INT-DOC-000762,ok,atual,nao_se_aplica,nao_se_aplica,0.97,nenhuma,nao,confirmado
inteli,graduacao_2026,INT-SYN-0077,valor_divergente,INT-SYN-0077-M2,responsavel,55,desempregado,residencia,comprovante_residencia_ultimo_mes,todo_grupo_familiar,obrigatorio,INT-DOC-000763,ok,2025-09,nao_se_aplica,nao_se_aplica,0.97,nenhuma,nao,confirmado
inteli,graduacao_2026,INT-SYN-0077,valor_divergente,INT-SYN-0077-M2,responsavel,55,desempregado,moradia,irpf_ou_iptu,moradia_propria,condicional,INT-DOC-000764,ok,2025-09,1200.00,1200.00,0.97,nenhuma,nao,confirmado
inteli,graduacao_2026,INT-SYN-0077,valor_divergente,INT-SYN-0077-M2,responsavel,55,desempregado,trabalho,ctps,todo_adulto,obrigatorio,INT-DOC-000765,ok,atual,nao_se_aplica,nao_se_aplica,0.97,nenhuma,nao,confirmado
inteli,graduacao_2026,INT-SYN-0077,valor_divergente,INT-SYN-0077-M2,responsavel,55,desempregado,trabalho,cnis_completo,todo_adulto,obrigatorio,INT-DOC-000766,ok,atual,nao_se_aplica,nao_se_aplica,0.97,nenhuma,nao,confirmado
inteli,graduacao_2026,INT-SYN-0077,valor_divergente,INT-SYN-0077-M2,responsavel,55,desempregado,tributario,irpf_com_recibo_ou_nada_consta,todo_adulto,obrigatorio,INT-DOC-000767,ok,exercicio_2025_ano_base_2024,nao_se_aplica,nao_se_aplica,0.97,nenhuma,nao,confirmado
inteli,graduacao_2026,INT-SYN-0077,valor_divergente,INT-SYN-0077-M2,responsavel,55,desempregado,financeiro,extratos_todas_contas,todo_adulto,obrigatorio,INT-DOC-000768,divergente,2025-07|2025-08|2025-09,3599.00,4249.00,0.93,comparar_declaracao_e_documento,sim,confirmado
inteli,graduacao_2026,INT-SYN-0077,valor_divergente,INT-SYN-0077-M2,responsavel,55,desempregado,renda,rescisao_fgts_ou_declaracao_inatividade,renda_desempregado,condicional,INT-DOC-000769,ok,2025-07|2025-08|2025-09,3599.00,3599.00,0.97,nenhuma,nao,confirmado
inteli,graduacao_2026,INT-SYN-0077,valor_divergente,INT-SYN-0077-M2,responsavel,55,desempregado,patrimonio,crlv_ou_renavam,grupo_possui_veiculo,condicional,INT-DOC-000770,ok,media_2025-07_a_2025-09,nao_se_aplica,nao_se_aplica,0.97,nenhuma,nao,confirmado
inteli,graduacao_2026,INT-SYN-0078,documento_desatualizado,INT-SYN-0078-M1,candidato,23,sem_renda,identificacao,rg_ou_cnh_candidato,todo_candidato,obrigatorio,INT-DOC-000771,ok,atual,nao_se_aplica,nao_se_aplica,0.97,nenhuma,nao,confirmado
inteli,graduacao_2026,INT-SYN-0078,documento_desatualizado,INT-SYN-0078-M2,responsavel,56,autonomo,identificacao,rg_cpf_adulto,todo_adulto,obrigatorio,INT-DOC-000772,ok,atual,nao_se_aplica,nao_se_aplica,0.97,nenhuma,nao,confirmado
inteli,graduacao_2026,INT-SYN-0078,documento_desatualizado,INT-SYN-0078-M2,responsavel,56,autonomo,residencia,comprovante_residencia_ultimo_mes,todo_grupo_familiar,obrigatorio,INT-DOC-000773,desatualizado,2025-09,nao_se_aplica,nao_se_aplica,0.95,solicitar_documento_atualizado,sim,confirmado
inteli,graduacao_2026,INT-SYN-0078,documento_desatualizado,INT-SYN-0078-M2,responsavel,56,autonomo,moradia,comprovante_aluguel_ultimo_mes,moradia_alugada,condicional,INT-DOC-000774,ok,2025-09,1200.00,1200.00,0.97,nenhuma,nao,confirmado
inteli,graduacao_2026,INT-SYN-0078,documento_desatualizado,INT-SYN-0078-M2,responsavel,56,autonomo,trabalho,ctps,todo_adulto,obrigatorio,INT-DOC-000775,ok,atual,nao_se_aplica,nao_se_aplica,0.97,nenhuma,nao,confirmado
inteli,graduacao_2026,INT-SYN-0078,documento_desatualizado,INT-SYN-0078-M2,responsavel,56,autonomo,trabalho,cnis_completo,todo_adulto,obrigatorio,INT-DOC-000776,ok,atual,nao_se_aplica,nao_se_aplica,0.97,nenhuma,nao,confirmado
inteli,graduacao_2026,INT-SYN-0078,documento_desatualizado,INT-SYN-0078-M2,responsavel,56,autonomo,tributario,irpf_com_recibo_ou_nada_consta,todo_adulto,obrigatorio,INT-DOC-000777,ok,exercicio_2025_ano_base_2024,nao_se_aplica,nao_se_aplica,0.97,nenhuma,nao,confirmado
inteli,graduacao_2026,INT-SYN-0078,documento_desatualizado,INT-SYN-0078-M2,responsavel,56,autonomo,financeiro,extratos_todas_contas,todo_adulto,obrigatorio,INT-DOC-000778,ok,2025-07|2025-08|2025-09,3736.00,3736.00,0.97,nenhuma,nao,confirmado
inteli,graduacao_2026,INT-SYN-0078,documento_desatualizado,INT-SYN-0078-M2,responsavel,56,autonomo,renda,dasn_simei_ou_decore,renda_autonomo,condicional,INT-DOC-000779,ok,2025-07|2025-08|2025-09,3736.00,3736.00,0.97,nenhuma,nao,confirmado
inteli,graduacao_2026,INT-SYN-0078,documento_desatualizado,INT-SYN-0078-M2,responsavel,56,autonomo,renda,comprovante_ou_declaracao_pensao,recebe_pensao,condicional,INT-DOC-000780,ok,media_2025-07_a_2025-09,420.00,420.00,0.97,nenhuma,nao,confirmado
inteli,graduacao_2026,INT-SYN-0079,dossie_completo,INT-SYN-0079-M1,candidato,24,sem_renda,identificacao,rg_ou_cnh_candidato,todo_candidato,obrigatorio,INT-DOC-000781,ok,atual,nao_se_aplica,nao_se_aplica,0.97,nenhuma,nao,confirmado
inteli,graduacao_2026,INT-SYN-0079,dossie_completo,INT-SYN-0079-M2,responsavel,57,assalariado,identificacao,rg_cpf_adulto,todo_adulto,obrigatorio,INT-DOC-000782,ok,atual,nao_se_aplica,nao_se_aplica,0.97,nenhuma,nao,confirmado
inteli,graduacao_2026,INT-SYN-0079,dossie_completo,INT-SYN-0079-M2,responsavel,57,assalariado,residencia,comprovante_residencia_ultimo_mes,todo_grupo_familiar,obrigatorio,INT-DOC-000783,ok,2025-09,nao_se_aplica,nao_se_aplica,0.97,nenhuma,nao,confirmado
inteli,graduacao_2026,INT-SYN-0079,dossie_completo,INT-SYN-0079-M2,responsavel,57,assalariado,moradia,comprovante_financiamento_ultimo_mes,moradia_financiada,condicional,INT-DOC-000784,ok,2025-09,1200.00,1200.00,0.97,nenhuma,nao,confirmado
inteli,graduacao_2026,INT-SYN-0079,dossie_completo,INT-SYN-0079-M2,responsavel,57,assalariado,trabalho,ctps,todo_adulto,obrigatorio,INT-DOC-000785,ok,atual,nao_se_aplica,nao_se_aplica,0.97,nenhuma,nao,confirmado
inteli,graduacao_2026,INT-SYN-0079,dossie_completo,INT-SYN-0079-M2,responsavel,57,assalariado,trabalho,cnis_completo,todo_adulto,obrigatorio,INT-DOC-000786,ok,atual,nao_se_aplica,nao_se_aplica,0.97,nenhuma,nao,confirmado
inteli,graduacao_2026,INT-SYN-0079,dossie_completo,INT-SYN-0079-M2,responsavel,57,assalariado,tributario,irpf_com_recibo_ou_nada_consta,todo_adulto,obrigatorio,INT-DOC-000787,ok,exercicio_2025_ano_base_2024,nao_se_aplica,nao_se_aplica,0.97,nenhuma,nao,confirmado
inteli,graduacao_2026,INT-SYN-0079,dossie_completo,INT-SYN-0079-M2,responsavel,57,assalariado,financeiro,extratos_todas_contas,todo_adulto,obrigatorio,INT-DOC-000788,ok,2025-07|2025-08|2025-09,3873.00,3873.00,0.97,nenhuma,nao,confirmado
inteli,graduacao_2026,INT-SYN-0079,dossie_completo,INT-SYN-0079-M2,responsavel,57,assalariado,renda,holerites_3_meses,renda_assalariado,condicional,INT-DOC-000789,ok,2025-07|2025-08|2025-09,3873.00,3873.00,0.97,nenhuma,nao,confirmado
inteli,graduacao_2026,INT-SYN-0079,dossie_completo,INT-SYN-0079-M2,responsavel,57,assalariado,gastos,comprovantes_saude,gasto_de_saude_declarado,condicional,INT-DOC-000790,ok,media_2025-07_a_2025-09,560.00,560.00,0.97,nenhuma,nao,confirmado
inteli,graduacao_2026,INT-SYN-0080,documento_faltante,INT-SYN-0080-M1,candidato,17,sem_renda,identificacao,rg_ou_cnh_candidato,todo_candidato,obrigatorio,INT-DOC-000791,ok,atual,nao_se_aplica,nao_se_aplica,0.97,nenhuma,nao,confirmado
inteli,graduacao_2026,INT-SYN-0080,documento_faltante,INT-SYN-0080-M2,responsavel,58,trabalhador_informal,identificacao,rg_cpf_adulto,todo_adulto,obrigatorio,INT-DOC-000792,ok,atual,nao_se_aplica,nao_se_aplica,0.97,nenhuma,nao,confirmado
inteli,graduacao_2026,INT-SYN-0080,documento_faltante,INT-SYN-0080-M2,responsavel,58,trabalhador_informal,residencia,comprovante_residencia_ultimo_mes,todo_grupo_familiar,obrigatorio,INT-DOC-000793,ok,2025-09,nao_se_aplica,nao_se_aplica,0.97,nenhuma,nao,confirmado
inteli,graduacao_2026,INT-SYN-0080,documento_faltante,INT-SYN-0080-M2,responsavel,58,trabalhador_informal,moradia,declaracao_cessao_imovel,moradia_cedida,condicional,INT-DOC-000794,ok,2025-09,1200.00,1200.00,0.97,nenhuma,nao,confirmado
inteli,graduacao_2026,INT-SYN-0080,documento_faltante,INT-SYN-0080-M2,responsavel,58,trabalhador_informal,trabalho,ctps,todo_adulto,obrigatorio,INT-DOC-000795,ok,atual,nao_se_aplica,nao_se_aplica,0.97,nenhuma,nao,confirmado
inteli,graduacao_2026,INT-SYN-0080,documento_faltante,INT-SYN-0080-M2,responsavel,58,trabalhador_informal,trabalho,cnis_completo,todo_adulto,obrigatorio,INT-DOC-000796,ok,atual,nao_se_aplica,nao_se_aplica,0.97,nenhuma,nao,confirmado
inteli,graduacao_2026,INT-SYN-0080,documento_faltante,INT-SYN-0080-M2,responsavel,58,trabalhador_informal,tributario,irpf_com_recibo_ou_nada_consta,todo_adulto,obrigatorio,INT-DOC-000797,ok,exercicio_2025_ano_base_2024,nao_se_aplica,nao_se_aplica,0.97,nenhuma,nao,confirmado
inteli,graduacao_2026,INT-SYN-0080,documento_faltante,INT-SYN-0080-M2,responsavel,58,trabalhador_informal,financeiro,extratos_todas_contas,todo_adulto,obrigatorio,INT-DOC-000798,ok,2025-07|2025-08|2025-09,4010.00,4010.00,0.97,nenhuma,nao,confirmado
inteli,graduacao_2026,INT-SYN-0080,documento_faltante,INT-SYN-0080-M2,responsavel,58,trabalhador_informal,renda,declaracao_trabalho_informal,renda_trabalhador_informal,condicional,ausente,faltante,2025-07|2025-08|2025-09,4010.00,nao_extraido,0.00,solicitar_documento_faltante,sim,confirmado
inteli,graduacao_2026,INT-SYN-0080,documento_faltante,INT-SYN-0080-M2,responsavel,58,trabalhador_informal,gastos,comprovantes_educacao,gasto_de_educacao_declarado,condicional,INT-DOC-000800,ok,media_2025-07_a_2025-09,250.00,250.00,0.97,nenhuma,nao,confirmado
inteli,graduacao_2026,INT-SYN-0081,arquivo_ilegivel,INT-SYN-0081-M1,candidato,18,sem_renda,identificacao,rg_ou_cnh_candidato,todo_candidato,obrigatorio,INT-DOC-000801,ok,atual,nao_se_aplica,nao_se_aplica,0.97,nenhuma,nao,confirmado
inteli,graduacao_2026,INT-SYN-0081,arquivo_ilegivel,INT-SYN-0081-M2,responsavel,59,mei,identificacao,rg_cpf_adulto,todo_adulto,obrigatorio,INT-DOC-000802,ok,atual,nao_se_aplica,nao_se_aplica,0.97,nenhuma,nao,confirmado
inteli,graduacao_2026,INT-SYN-0081,arquivo_ilegivel,INT-SYN-0081-M2,responsavel,59,mei,residencia,comprovante_residencia_ultimo_mes,todo_grupo_familiar,obrigatorio,INT-DOC-000803,ok,2025-09,nao_se_aplica,nao_se_aplica,0.97,nenhuma,nao,confirmado
inteli,graduacao_2026,INT-SYN-0081,arquivo_ilegivel,INT-SYN-0081-M2,responsavel,59,mei,moradia,irpf_ou_iptu,moradia_propria,condicional,INT-DOC-000804,ok,2025-09,1200.00,1200.00,0.97,nenhuma,nao,confirmado
inteli,graduacao_2026,INT-SYN-0081,arquivo_ilegivel,INT-SYN-0081-M2,responsavel,59,mei,trabalho,ctps,todo_adulto,obrigatorio,INT-DOC-000805,ok,atual,nao_se_aplica,nao_se_aplica,0.97,nenhuma,nao,confirmado
inteli,graduacao_2026,INT-SYN-0081,arquivo_ilegivel,INT-SYN-0081-M2,responsavel,59,mei,trabalho,cnis_completo,todo_adulto,obrigatorio,INT-DOC-000806,ok,atual,nao_se_aplica,nao_se_aplica,0.97,nenhuma,nao,confirmado
inteli,graduacao_2026,INT-SYN-0081,arquivo_ilegivel,INT-SYN-0081-M2,responsavel,59,mei,tributario,irpf_com_recibo_ou_nada_consta,todo_adulto,obrigatorio,INT-DOC-000807,ok,exercicio_2025_ano_base_2024,nao_se_aplica,nao_se_aplica,0.97,nenhuma,nao,confirmado
inteli,graduacao_2026,INT-SYN-0081,arquivo_ilegivel,INT-SYN-0081-M2,responsavel,59,mei,financeiro,extratos_todas_contas,todo_adulto,obrigatorio,INT-DOC-000808,ilegivel,2025-07|2025-08|2025-09,4147.00,nao_extraido,0.28,solicitar_arquivo_legivel,sim,confirmado
inteli,graduacao_2026,INT-SYN-0081,arquivo_ilegivel,INT-SYN-0081-M2,responsavel,59,mei,renda,comprovante_mei_e_dasn_simei,renda_mei,condicional,INT-DOC-000809,ok,2025-07|2025-08|2025-09,4147.00,4147.00,0.97,nenhuma,nao,confirmado
inteli,graduacao_2026,INT-SYN-0081,arquivo_ilegivel,INT-SYN-0081-M2,responsavel,59,mei,patrimonio,crlv_ou_renavam,grupo_possui_veiculo,condicional,INT-DOC-000810,ok,media_2025-07_a_2025-09,nao_se_aplica,nao_se_aplica,0.97,nenhuma,nao,confirmado
inteli,graduacao_2026,INT-SYN-0082,periodo_incompleto,INT-SYN-0082-M1,candidato,19,sem_renda,identificacao,rg_ou_cnh_candidato,todo_candidato,obrigatorio,INT-DOC-000811,ok,atual,nao_se_aplica,nao_se_aplica,0.97,nenhuma,nao,confirmado
inteli,graduacao_2026,INT-SYN-0082,periodo_incompleto,INT-SYN-0082-M2,responsavel,60,aposentado,identificacao,rg_cpf_adulto,todo_adulto,obrigatorio,INT-DOC-000812,ok,atual,nao_se_aplica,nao_se_aplica,0.97,nenhuma,nao,confirmado
inteli,graduacao_2026,INT-SYN-0082,periodo_incompleto,INT-SYN-0082-M2,responsavel,60,aposentado,residencia,comprovante_residencia_ultimo_mes,todo_grupo_familiar,obrigatorio,INT-DOC-000813,ok,2025-09,nao_se_aplica,nao_se_aplica,0.97,nenhuma,nao,confirmado
inteli,graduacao_2026,INT-SYN-0082,periodo_incompleto,INT-SYN-0082-M2,responsavel,60,aposentado,moradia,comprovante_aluguel_ultimo_mes,moradia_alugada,condicional,INT-DOC-000814,ok,2025-09,1200.00,1200.00,0.97,nenhuma,nao,confirmado
inteli,graduacao_2026,INT-SYN-0082,periodo_incompleto,INT-SYN-0082-M2,responsavel,60,aposentado,trabalho,ctps,todo_adulto,obrigatorio,INT-DOC-000815,ok,atual,nao_se_aplica,nao_se_aplica,0.97,nenhuma,nao,confirmado
inteli,graduacao_2026,INT-SYN-0082,periodo_incompleto,INT-SYN-0082-M2,responsavel,60,aposentado,trabalho,cnis_completo,todo_adulto,obrigatorio,INT-DOC-000816,ok,atual,nao_se_aplica,nao_se_aplica,0.97,nenhuma,nao,confirmado
inteli,graduacao_2026,INT-SYN-0082,periodo_incompleto,INT-SYN-0082-M2,responsavel,60,aposentado,tributario,irpf_com_recibo_ou_nada_consta,todo_adulto,obrigatorio,INT-DOC-000817,ok,exercicio_2025_ano_base_2024,nao_se_aplica,nao_se_aplica,0.97,nenhuma,nao,confirmado
inteli,graduacao_2026,INT-SYN-0082,periodo_incompleto,INT-SYN-0082-M2,responsavel,60,aposentado,financeiro,extratos_todas_contas,todo_adulto,obrigatorio,INT-DOC-000818,periodo_incompleto,2025-07|2025-08|2025-09,4284.00,4284.00,0.89,solicitar_competencias_ausentes,sim,confirmado
inteli,graduacao_2026,INT-SYN-0082,periodo_incompleto,INT-SYN-0082-M2,responsavel,60,aposentado,renda,extrato_beneficio_3_meses,renda_aposentado,condicional,INT-DOC-000819,ok,2025-07|2025-08|2025-09,4284.00,4284.00,0.97,nenhuma,nao,confirmado
inteli,graduacao_2026,INT-SYN-0082,periodo_incompleto,INT-SYN-0082-M2,responsavel,60,aposentado,renda,comprovante_ou_declaracao_pensao,recebe_pensao,condicional,INT-DOC-000820,ok,media_2025-07_a_2025-09,420.00,420.00,0.97,nenhuma,nao,confirmado
inteli,graduacao_2026,INT-SYN-0083,valor_divergente,INT-SYN-0083-M1,candidato,20,sem_renda,identificacao,rg_ou_cnh_candidato,todo_candidato,obrigatorio,INT-DOC-000821,ok,atual,nao_se_aplica,nao_se_aplica,0.97,nenhuma,nao,confirmado
inteli,graduacao_2026,INT-SYN-0083,valor_divergente,INT-SYN-0083-M2,responsavel,61,desempregado,identificacao,rg_cpf_adulto,todo_adulto,obrigatorio,INT-DOC-000822,ok,atual,nao_se_aplica,nao_se_aplica,0.97,nenhuma,nao,confirmado
inteli,graduacao_2026,INT-SYN-0083,valor_divergente,INT-SYN-0083-M2,responsavel,61,desempregado,residencia,comprovante_residencia_ultimo_mes,todo_grupo_familiar,obrigatorio,INT-DOC-000823,ok,2025-09,nao_se_aplica,nao_se_aplica,0.97,nenhuma,nao,confirmado
inteli,graduacao_2026,INT-SYN-0083,valor_divergente,INT-SYN-0083-M2,responsavel,61,desempregado,moradia,comprovante_financiamento_ultimo_mes,moradia_financiada,condicional,INT-DOC-000824,ok,2025-09,1200.00,1200.00,0.97,nenhuma,nao,confirmado
inteli,graduacao_2026,INT-SYN-0083,valor_divergente,INT-SYN-0083-M2,responsavel,61,desempregado,trabalho,ctps,todo_adulto,obrigatorio,INT-DOC-000825,ok,atual,nao_se_aplica,nao_se_aplica,0.97,nenhuma,nao,confirmado
inteli,graduacao_2026,INT-SYN-0083,valor_divergente,INT-SYN-0083-M2,responsavel,61,desempregado,trabalho,cnis_completo,todo_adulto,obrigatorio,INT-DOC-000826,ok,atual,nao_se_aplica,nao_se_aplica,0.97,nenhuma,nao,confirmado
inteli,graduacao_2026,INT-SYN-0083,valor_divergente,INT-SYN-0083-M2,responsavel,61,desempregado,tributario,irpf_com_recibo_ou_nada_consta,todo_adulto,obrigatorio,INT-DOC-000827,ok,exercicio_2025_ano_base_2024,nao_se_aplica,nao_se_aplica,0.97,nenhuma,nao,confirmado
inteli,graduacao_2026,INT-SYN-0083,valor_divergente,INT-SYN-0083-M2,responsavel,61,desempregado,financeiro,extratos_todas_contas,todo_adulto,obrigatorio,INT-DOC-000828,divergente,2025-07|2025-08|2025-09,4421.00,5071.00,0.93,comparar_declaracao_e_documento,sim,confirmado
inteli,graduacao_2026,INT-SYN-0083,valor_divergente,INT-SYN-0083-M2,responsavel,61,desempregado,renda,rescisao_fgts_ou_declaracao_inatividade,renda_desempregado,condicional,INT-DOC-000829,ok,2025-07|2025-08|2025-09,4421.00,4421.00,0.97,nenhuma,nao,confirmado
inteli,graduacao_2026,INT-SYN-0083,valor_divergente,INT-SYN-0083-M2,responsavel,61,desempregado,gastos,comprovantes_saude,gasto_de_saude_declarado,condicional,INT-DOC-000830,ok,media_2025-07_a_2025-09,560.00,560.00,0.97,nenhuma,nao,confirmado
inteli,graduacao_2026,INT-SYN-0084,documento_desatualizado,INT-SYN-0084-M1,candidato,21,sem_renda,identificacao,rg_ou_cnh_candidato,todo_candidato,obrigatorio,INT-DOC-000831,ok,atual,nao_se_aplica,nao_se_aplica,0.97,nenhuma,nao,confirmado
inteli,graduacao_2026,INT-SYN-0084,documento_desatualizado,INT-SYN-0084-M2,responsavel,34,autonomo,identificacao,rg_cpf_adulto,todo_adulto,obrigatorio,INT-DOC-000832,ok,atual,nao_se_aplica,nao_se_aplica,0.97,nenhuma,nao,confirmado
inteli,graduacao_2026,INT-SYN-0084,documento_desatualizado,INT-SYN-0084-M2,responsavel,34,autonomo,residencia,comprovante_residencia_ultimo_mes,todo_grupo_familiar,obrigatorio,INT-DOC-000833,desatualizado,2025-09,nao_se_aplica,nao_se_aplica,0.95,solicitar_documento_atualizado,sim,confirmado
inteli,graduacao_2026,INT-SYN-0084,documento_desatualizado,INT-SYN-0084-M2,responsavel,34,autonomo,moradia,declaracao_cessao_imovel,moradia_cedida,condicional,INT-DOC-000834,ok,2025-09,1200.00,1200.00,0.97,nenhuma,nao,confirmado
inteli,graduacao_2026,INT-SYN-0084,documento_desatualizado,INT-SYN-0084-M2,responsavel,34,autonomo,trabalho,ctps,todo_adulto,obrigatorio,INT-DOC-000835,ok,atual,nao_se_aplica,nao_se_aplica,0.97,nenhuma,nao,confirmado
inteli,graduacao_2026,INT-SYN-0084,documento_desatualizado,INT-SYN-0084-M2,responsavel,34,autonomo,trabalho,cnis_completo,todo_adulto,obrigatorio,INT-DOC-000836,ok,atual,nao_se_aplica,nao_se_aplica,0.97,nenhuma,nao,confirmado
inteli,graduacao_2026,INT-SYN-0084,documento_desatualizado,INT-SYN-0084-M2,responsavel,34,autonomo,tributario,irpf_com_recibo_ou_nada_consta,todo_adulto,obrigatorio,INT-DOC-000837,ok,exercicio_2025_ano_base_2024,nao_se_aplica,nao_se_aplica,0.97,nenhuma,nao,confirmado
inteli,graduacao_2026,INT-SYN-0084,documento_desatualizado,INT-SYN-0084-M2,responsavel,34,autonomo,financeiro,extratos_todas_contas,todo_adulto,obrigatorio,INT-DOC-000838,ok,2025-07|2025-08|2025-09,4558.00,4558.00,0.97,nenhuma,nao,confirmado
inteli,graduacao_2026,INT-SYN-0084,documento_desatualizado,INT-SYN-0084-M2,responsavel,34,autonomo,renda,dasn_simei_ou_decore,renda_autonomo,condicional,INT-DOC-000839,ok,2025-07|2025-08|2025-09,4558.00,4558.00,0.97,nenhuma,nao,confirmado
inteli,graduacao_2026,INT-SYN-0084,documento_desatualizado,INT-SYN-0084-M2,responsavel,34,autonomo,gastos,comprovantes_educacao,gasto_de_educacao_declarado,condicional,INT-DOC-000840,ok,media_2025-07_a_2025-09,250.00,250.00,0.97,nenhuma,nao,confirmado
inteli,graduacao_2026,INT-SYN-0085,dossie_completo,INT-SYN-0085-M1,candidato,22,sem_renda,identificacao,rg_ou_cnh_candidato,todo_candidato,obrigatorio,INT-DOC-000841,ok,atual,nao_se_aplica,nao_se_aplica,0.97,nenhuma,nao,confirmado
inteli,graduacao_2026,INT-SYN-0085,dossie_completo,INT-SYN-0085-M2,responsavel,35,assalariado,identificacao,rg_cpf_adulto,todo_adulto,obrigatorio,INT-DOC-000842,ok,atual,nao_se_aplica,nao_se_aplica,0.97,nenhuma,nao,confirmado
inteli,graduacao_2026,INT-SYN-0085,dossie_completo,INT-SYN-0085-M2,responsavel,35,assalariado,residencia,comprovante_residencia_ultimo_mes,todo_grupo_familiar,obrigatorio,INT-DOC-000843,ok,2025-09,nao_se_aplica,nao_se_aplica,0.97,nenhuma,nao,confirmado
inteli,graduacao_2026,INT-SYN-0085,dossie_completo,INT-SYN-0085-M2,responsavel,35,assalariado,moradia,irpf_ou_iptu,moradia_propria,condicional,INT-DOC-000844,ok,2025-09,1200.00,1200.00,0.97,nenhuma,nao,confirmado
inteli,graduacao_2026,INT-SYN-0085,dossie_completo,INT-SYN-0085-M2,responsavel,35,assalariado,trabalho,ctps,todo_adulto,obrigatorio,INT-DOC-000845,ok,atual,nao_se_aplica,nao_se_aplica,0.97,nenhuma,nao,confirmado
inteli,graduacao_2026,INT-SYN-0085,dossie_completo,INT-SYN-0085-M2,responsavel,35,assalariado,trabalho,cnis_completo,todo_adulto,obrigatorio,INT-DOC-000846,ok,atual,nao_se_aplica,nao_se_aplica,0.97,nenhuma,nao,confirmado
inteli,graduacao_2026,INT-SYN-0085,dossie_completo,INT-SYN-0085-M2,responsavel,35,assalariado,tributario,irpf_com_recibo_ou_nada_consta,todo_adulto,obrigatorio,INT-DOC-000847,ok,exercicio_2025_ano_base_2024,nao_se_aplica,nao_se_aplica,0.97,nenhuma,nao,confirmado
inteli,graduacao_2026,INT-SYN-0085,dossie_completo,INT-SYN-0085-M2,responsavel,35,assalariado,financeiro,extratos_todas_contas,todo_adulto,obrigatorio,INT-DOC-000848,ok,2025-07|2025-08|2025-09,4695.00,4695.00,0.97,nenhuma,nao,confirmado
inteli,graduacao_2026,INT-SYN-0085,dossie_completo,INT-SYN-0085-M2,responsavel,35,assalariado,renda,holerites_3_meses,renda_assalariado,condicional,INT-DOC-000849,ok,2025-07|2025-08|2025-09,4695.00,4695.00,0.97,nenhuma,nao,confirmado
inteli,graduacao_2026,INT-SYN-0085,dossie_completo,INT-SYN-0085-M2,responsavel,35,assalariado,patrimonio,crlv_ou_renavam,grupo_possui_veiculo,condicional,INT-DOC-000850,ok,media_2025-07_a_2025-09,nao_se_aplica,nao_se_aplica,0.97,nenhuma,nao,confirmado
inteli,graduacao_2026,INT-SYN-0086,documento_faltante,INT-SYN-0086-M1,candidato,23,sem_renda,identificacao,rg_ou_cnh_candidato,todo_candidato,obrigatorio,INT-DOC-000851,ok,atual,nao_se_aplica,nao_se_aplica,0.97,nenhuma,nao,confirmado
inteli,graduacao_2026,INT-SYN-0086,documento_faltante,INT-SYN-0086-M2,responsavel,36,trabalhador_informal,identificacao,rg_cpf_adulto,todo_adulto,obrigatorio,INT-DOC-000852,ok,atual,nao_se_aplica,nao_se_aplica,0.97,nenhuma,nao,confirmado
inteli,graduacao_2026,INT-SYN-0086,documento_faltante,INT-SYN-0086-M2,responsavel,36,trabalhador_informal,residencia,comprovante_residencia_ultimo_mes,todo_grupo_familiar,obrigatorio,INT-DOC-000853,ok,2025-09,nao_se_aplica,nao_se_aplica,0.97,nenhuma,nao,confirmado
inteli,graduacao_2026,INT-SYN-0086,documento_faltante,INT-SYN-0086-M2,responsavel,36,trabalhador_informal,moradia,comprovante_aluguel_ultimo_mes,moradia_alugada,condicional,INT-DOC-000854,ok,2025-09,1200.00,1200.00,0.97,nenhuma,nao,confirmado
inteli,graduacao_2026,INT-SYN-0086,documento_faltante,INT-SYN-0086-M2,responsavel,36,trabalhador_informal,trabalho,ctps,todo_adulto,obrigatorio,INT-DOC-000855,ok,atual,nao_se_aplica,nao_se_aplica,0.97,nenhuma,nao,confirmado
inteli,graduacao_2026,INT-SYN-0086,documento_faltante,INT-SYN-0086-M2,responsavel,36,trabalhador_informal,trabalho,cnis_completo,todo_adulto,obrigatorio,INT-DOC-000856,ok,atual,nao_se_aplica,nao_se_aplica,0.97,nenhuma,nao,confirmado
inteli,graduacao_2026,INT-SYN-0086,documento_faltante,INT-SYN-0086-M2,responsavel,36,trabalhador_informal,tributario,irpf_com_recibo_ou_nada_consta,todo_adulto,obrigatorio,INT-DOC-000857,ok,exercicio_2025_ano_base_2024,nao_se_aplica,nao_se_aplica,0.97,nenhuma,nao,confirmado
inteli,graduacao_2026,INT-SYN-0086,documento_faltante,INT-SYN-0086-M2,responsavel,36,trabalhador_informal,financeiro,extratos_todas_contas,todo_adulto,obrigatorio,INT-DOC-000858,ok,2025-07|2025-08|2025-09,4832.00,4832.00,0.97,nenhuma,nao,confirmado
inteli,graduacao_2026,INT-SYN-0086,documento_faltante,INT-SYN-0086-M2,responsavel,36,trabalhador_informal,renda,declaracao_trabalho_informal,renda_trabalhador_informal,condicional,ausente,faltante,2025-07|2025-08|2025-09,4832.00,nao_extraido,0.00,solicitar_documento_faltante,sim,confirmado
inteli,graduacao_2026,INT-SYN-0086,documento_faltante,INT-SYN-0086-M2,responsavel,36,trabalhador_informal,renda,comprovante_ou_declaracao_pensao,recebe_pensao,condicional,INT-DOC-000860,ok,media_2025-07_a_2025-09,420.00,420.00,0.97,nenhuma,nao,confirmado
inteli,graduacao_2026,INT-SYN-0087,arquivo_ilegivel,INT-SYN-0087-M1,candidato,24,sem_renda,identificacao,rg_ou_cnh_candidato,todo_candidato,obrigatorio,INT-DOC-000861,ok,atual,nao_se_aplica,nao_se_aplica,0.97,nenhuma,nao,confirmado
inteli,graduacao_2026,INT-SYN-0087,arquivo_ilegivel,INT-SYN-0087-M2,responsavel,37,mei,identificacao,rg_cpf_adulto,todo_adulto,obrigatorio,INT-DOC-000862,ok,atual,nao_se_aplica,nao_se_aplica,0.97,nenhuma,nao,confirmado
inteli,graduacao_2026,INT-SYN-0087,arquivo_ilegivel,INT-SYN-0087-M2,responsavel,37,mei,residencia,comprovante_residencia_ultimo_mes,todo_grupo_familiar,obrigatorio,INT-DOC-000863,ok,2025-09,nao_se_aplica,nao_se_aplica,0.97,nenhuma,nao,confirmado
inteli,graduacao_2026,INT-SYN-0087,arquivo_ilegivel,INT-SYN-0087-M2,responsavel,37,mei,moradia,comprovante_financiamento_ultimo_mes,moradia_financiada,condicional,INT-DOC-000864,ok,2025-09,1200.00,1200.00,0.97,nenhuma,nao,confirmado
inteli,graduacao_2026,INT-SYN-0087,arquivo_ilegivel,INT-SYN-0087-M2,responsavel,37,mei,trabalho,ctps,todo_adulto,obrigatorio,INT-DOC-000865,ok,atual,nao_se_aplica,nao_se_aplica,0.97,nenhuma,nao,confirmado
inteli,graduacao_2026,INT-SYN-0087,arquivo_ilegivel,INT-SYN-0087-M2,responsavel,37,mei,trabalho,cnis_completo,todo_adulto,obrigatorio,INT-DOC-000866,ok,atual,nao_se_aplica,nao_se_aplica,0.97,nenhuma,nao,confirmado
inteli,graduacao_2026,INT-SYN-0087,arquivo_ilegivel,INT-SYN-0087-M2,responsavel,37,mei,tributario,irpf_com_recibo_ou_nada_consta,todo_adulto,obrigatorio,INT-DOC-000867,ok,exercicio_2025_ano_base_2024,nao_se_aplica,nao_se_aplica,0.97,nenhuma,nao,confirmado
inteli,graduacao_2026,INT-SYN-0087,arquivo_ilegivel,INT-SYN-0087-M2,responsavel,37,mei,financeiro,extratos_todas_contas,todo_adulto,obrigatorio,INT-DOC-000868,ilegivel,2025-07|2025-08|2025-09,4969.00,nao_extraido,0.28,solicitar_arquivo_legivel,sim,confirmado
inteli,graduacao_2026,INT-SYN-0087,arquivo_ilegivel,INT-SYN-0087-M2,responsavel,37,mei,renda,comprovante_mei_e_dasn_simei,renda_mei,condicional,INT-DOC-000869,ok,2025-07|2025-08|2025-09,4969.00,4969.00,0.97,nenhuma,nao,confirmado
inteli,graduacao_2026,INT-SYN-0087,arquivo_ilegivel,INT-SYN-0087-M2,responsavel,37,mei,gastos,comprovantes_saude,gasto_de_saude_declarado,condicional,INT-DOC-000870,ok,media_2025-07_a_2025-09,560.00,560.00,0.97,nenhuma,nao,confirmado
inteli,graduacao_2026,INT-SYN-0088,periodo_incompleto,INT-SYN-0088-M1,candidato,17,sem_renda,identificacao,rg_ou_cnh_candidato,todo_candidato,obrigatorio,INT-DOC-000871,ok,atual,nao_se_aplica,nao_se_aplica,0.97,nenhuma,nao,confirmado
inteli,graduacao_2026,INT-SYN-0088,periodo_incompleto,INT-SYN-0088-M2,responsavel,38,aposentado,identificacao,rg_cpf_adulto,todo_adulto,obrigatorio,INT-DOC-000872,ok,atual,nao_se_aplica,nao_se_aplica,0.97,nenhuma,nao,confirmado
inteli,graduacao_2026,INT-SYN-0088,periodo_incompleto,INT-SYN-0088-M2,responsavel,38,aposentado,residencia,comprovante_residencia_ultimo_mes,todo_grupo_familiar,obrigatorio,INT-DOC-000873,ok,2025-09,nao_se_aplica,nao_se_aplica,0.97,nenhuma,nao,confirmado
inteli,graduacao_2026,INT-SYN-0088,periodo_incompleto,INT-SYN-0088-M2,responsavel,38,aposentado,moradia,declaracao_cessao_imovel,moradia_cedida,condicional,INT-DOC-000874,ok,2025-09,1200.00,1200.00,0.97,nenhuma,nao,confirmado
inteli,graduacao_2026,INT-SYN-0088,periodo_incompleto,INT-SYN-0088-M2,responsavel,38,aposentado,trabalho,ctps,todo_adulto,obrigatorio,INT-DOC-000875,ok,atual,nao_se_aplica,nao_se_aplica,0.97,nenhuma,nao,confirmado
inteli,graduacao_2026,INT-SYN-0088,periodo_incompleto,INT-SYN-0088-M2,responsavel,38,aposentado,trabalho,cnis_completo,todo_adulto,obrigatorio,INT-DOC-000876,ok,atual,nao_se_aplica,nao_se_aplica,0.97,nenhuma,nao,confirmado
inteli,graduacao_2026,INT-SYN-0088,periodo_incompleto,INT-SYN-0088-M2,responsavel,38,aposentado,tributario,irpf_com_recibo_ou_nada_consta,todo_adulto,obrigatorio,INT-DOC-000877,ok,exercicio_2025_ano_base_2024,nao_se_aplica,nao_se_aplica,0.97,nenhuma,nao,confirmado
inteli,graduacao_2026,INT-SYN-0088,periodo_incompleto,INT-SYN-0088-M2,responsavel,38,aposentado,financeiro,extratos_todas_contas,todo_adulto,obrigatorio,INT-DOC-000878,periodo_incompleto,2025-07|2025-08|2025-09,5106.00,5106.00,0.89,solicitar_competencias_ausentes,sim,confirmado
inteli,graduacao_2026,INT-SYN-0088,periodo_incompleto,INT-SYN-0088-M2,responsavel,38,aposentado,renda,extrato_beneficio_3_meses,renda_aposentado,condicional,INT-DOC-000879,ok,2025-07|2025-08|2025-09,5106.00,5106.00,0.97,nenhuma,nao,confirmado
inteli,graduacao_2026,INT-SYN-0088,periodo_incompleto,INT-SYN-0088-M2,responsavel,38,aposentado,gastos,comprovantes_educacao,gasto_de_educacao_declarado,condicional,INT-DOC-000880,ok,media_2025-07_a_2025-09,250.00,250.00,0.97,nenhuma,nao,confirmado
inteli,graduacao_2026,INT-SYN-0089,valor_divergente,INT-SYN-0089-M1,candidato,18,sem_renda,identificacao,rg_ou_cnh_candidato,todo_candidato,obrigatorio,INT-DOC-000881,ok,atual,nao_se_aplica,nao_se_aplica,0.97,nenhuma,nao,confirmado
inteli,graduacao_2026,INT-SYN-0089,valor_divergente,INT-SYN-0089-M2,responsavel,39,desempregado,identificacao,rg_cpf_adulto,todo_adulto,obrigatorio,INT-DOC-000882,ok,atual,nao_se_aplica,nao_se_aplica,0.97,nenhuma,nao,confirmado
inteli,graduacao_2026,INT-SYN-0089,valor_divergente,INT-SYN-0089-M2,responsavel,39,desempregado,residencia,comprovante_residencia_ultimo_mes,todo_grupo_familiar,obrigatorio,INT-DOC-000883,ok,2025-09,nao_se_aplica,nao_se_aplica,0.97,nenhuma,nao,confirmado
inteli,graduacao_2026,INT-SYN-0089,valor_divergente,INT-SYN-0089-M2,responsavel,39,desempregado,moradia,irpf_ou_iptu,moradia_propria,condicional,INT-DOC-000884,ok,2025-09,1200.00,1200.00,0.97,nenhuma,nao,confirmado
inteli,graduacao_2026,INT-SYN-0089,valor_divergente,INT-SYN-0089-M2,responsavel,39,desempregado,trabalho,ctps,todo_adulto,obrigatorio,INT-DOC-000885,ok,atual,nao_se_aplica,nao_se_aplica,0.97,nenhuma,nao,confirmado
inteli,graduacao_2026,INT-SYN-0089,valor_divergente,INT-SYN-0089-M2,responsavel,39,desempregado,trabalho,cnis_completo,todo_adulto,obrigatorio,INT-DOC-000886,ok,atual,nao_se_aplica,nao_se_aplica,0.97,nenhuma,nao,confirmado
inteli,graduacao_2026,INT-SYN-0089,valor_divergente,INT-SYN-0089-M2,responsavel,39,desempregado,tributario,irpf_com_recibo_ou_nada_consta,todo_adulto,obrigatorio,INT-DOC-000887,ok,exercicio_2025_ano_base_2024,nao_se_aplica,nao_se_aplica,0.97,nenhuma,nao,confirmado
inteli,graduacao_2026,INT-SYN-0089,valor_divergente,INT-SYN-0089-M2,responsavel,39,desempregado,financeiro,extratos_todas_contas,todo_adulto,obrigatorio,INT-DOC-000888,divergente,2025-07|2025-08|2025-09,5243.00,5893.00,0.93,comparar_declaracao_e_documento,sim,confirmado
inteli,graduacao_2026,INT-SYN-0089,valor_divergente,INT-SYN-0089-M2,responsavel,39,desempregado,renda,rescisao_fgts_ou_declaracao_inatividade,renda_desempregado,condicional,INT-DOC-000889,ok,2025-07|2025-08|2025-09,5243.00,5243.00,0.97,nenhuma,nao,confirmado
inteli,graduacao_2026,INT-SYN-0089,valor_divergente,INT-SYN-0089-M2,responsavel,39,desempregado,patrimonio,crlv_ou_renavam,grupo_possui_veiculo,condicional,INT-DOC-000890,ok,media_2025-07_a_2025-09,nao_se_aplica,nao_se_aplica,0.97,nenhuma,nao,confirmado
inteli,graduacao_2026,INT-SYN-0090,documento_desatualizado,INT-SYN-0090-M1,candidato,19,sem_renda,identificacao,rg_ou_cnh_candidato,todo_candidato,obrigatorio,INT-DOC-000891,ok,atual,nao_se_aplica,nao_se_aplica,0.97,nenhuma,nao,confirmado
inteli,graduacao_2026,INT-SYN-0090,documento_desatualizado,INT-SYN-0090-M2,responsavel,40,autonomo,identificacao,rg_cpf_adulto,todo_adulto,obrigatorio,INT-DOC-000892,ok,atual,nao_se_aplica,nao_se_aplica,0.97,nenhuma,nao,confirmado
inteli,graduacao_2026,INT-SYN-0090,documento_desatualizado,INT-SYN-0090-M2,responsavel,40,autonomo,residencia,comprovante_residencia_ultimo_mes,todo_grupo_familiar,obrigatorio,INT-DOC-000893,desatualizado,2025-09,nao_se_aplica,nao_se_aplica,0.95,solicitar_documento_atualizado,sim,confirmado
inteli,graduacao_2026,INT-SYN-0090,documento_desatualizado,INT-SYN-0090-M2,responsavel,40,autonomo,moradia,comprovante_aluguel_ultimo_mes,moradia_alugada,condicional,INT-DOC-000894,ok,2025-09,1200.00,1200.00,0.97,nenhuma,nao,confirmado
inteli,graduacao_2026,INT-SYN-0090,documento_desatualizado,INT-SYN-0090-M2,responsavel,40,autonomo,trabalho,ctps,todo_adulto,obrigatorio,INT-DOC-000895,ok,atual,nao_se_aplica,nao_se_aplica,0.97,nenhuma,nao,confirmado
inteli,graduacao_2026,INT-SYN-0090,documento_desatualizado,INT-SYN-0090-M2,responsavel,40,autonomo,trabalho,cnis_completo,todo_adulto,obrigatorio,INT-DOC-000896,ok,atual,nao_se_aplica,nao_se_aplica,0.97,nenhuma,nao,confirmado
inteli,graduacao_2026,INT-SYN-0090,documento_desatualizado,INT-SYN-0090-M2,responsavel,40,autonomo,tributario,irpf_com_recibo_ou_nada_consta,todo_adulto,obrigatorio,INT-DOC-000897,ok,exercicio_2025_ano_base_2024,nao_se_aplica,nao_se_aplica,0.97,nenhuma,nao,confirmado
inteli,graduacao_2026,INT-SYN-0090,documento_desatualizado,INT-SYN-0090-M2,responsavel,40,autonomo,financeiro,extratos_todas_contas,todo_adulto,obrigatorio,INT-DOC-000898,ok,2025-07|2025-08|2025-09,5380.00,5380.00,0.97,nenhuma,nao,confirmado
inteli,graduacao_2026,INT-SYN-0090,documento_desatualizado,INT-SYN-0090-M2,responsavel,40,autonomo,renda,dasn_simei_ou_decore,renda_autonomo,condicional,INT-DOC-000899,ok,2025-07|2025-08|2025-09,5380.00,5380.00,0.97,nenhuma,nao,confirmado
inteli,graduacao_2026,INT-SYN-0090,documento_desatualizado,INT-SYN-0090-M2,responsavel,40,autonomo,renda,comprovante_ou_declaracao_pensao,recebe_pensao,condicional,INT-DOC-000900,ok,media_2025-07_a_2025-09,420.00,420.00,0.97,nenhuma,nao,confirmado
inteli,graduacao_2026,INT-SYN-0091,dossie_completo,INT-SYN-0091-M1,candidato,20,sem_renda,identificacao,rg_ou_cnh_candidato,todo_candidato,obrigatorio,INT-DOC-000901,ok,atual,nao_se_aplica,nao_se_aplica,0.97,nenhuma,nao,confirmado
inteli,graduacao_2026,INT-SYN-0091,dossie_completo,INT-SYN-0091-M2,responsavel,41,assalariado,identificacao,rg_cpf_adulto,todo_adulto,obrigatorio,INT-DOC-000902,ok,atual,nao_se_aplica,nao_se_aplica,0.97,nenhuma,nao,confirmado
inteli,graduacao_2026,INT-SYN-0091,dossie_completo,INT-SYN-0091-M2,responsavel,41,assalariado,residencia,comprovante_residencia_ultimo_mes,todo_grupo_familiar,obrigatorio,INT-DOC-000903,ok,2025-09,nao_se_aplica,nao_se_aplica,0.97,nenhuma,nao,confirmado
inteli,graduacao_2026,INT-SYN-0091,dossie_completo,INT-SYN-0091-M2,responsavel,41,assalariado,moradia,comprovante_financiamento_ultimo_mes,moradia_financiada,condicional,INT-DOC-000904,ok,2025-09,1200.00,1200.00,0.97,nenhuma,nao,confirmado
inteli,graduacao_2026,INT-SYN-0091,dossie_completo,INT-SYN-0091-M2,responsavel,41,assalariado,trabalho,ctps,todo_adulto,obrigatorio,INT-DOC-000905,ok,atual,nao_se_aplica,nao_se_aplica,0.97,nenhuma,nao,confirmado
inteli,graduacao_2026,INT-SYN-0091,dossie_completo,INT-SYN-0091-M2,responsavel,41,assalariado,trabalho,cnis_completo,todo_adulto,obrigatorio,INT-DOC-000906,ok,atual,nao_se_aplica,nao_se_aplica,0.97,nenhuma,nao,confirmado
inteli,graduacao_2026,INT-SYN-0091,dossie_completo,INT-SYN-0091-M2,responsavel,41,assalariado,tributario,irpf_com_recibo_ou_nada_consta,todo_adulto,obrigatorio,INT-DOC-000907,ok,exercicio_2025_ano_base_2024,nao_se_aplica,nao_se_aplica,0.97,nenhuma,nao,confirmado
inteli,graduacao_2026,INT-SYN-0091,dossie_completo,INT-SYN-0091-M2,responsavel,41,assalariado,financeiro,extratos_todas_contas,todo_adulto,obrigatorio,INT-DOC-000908,ok,2025-07|2025-08|2025-09,5517.00,5517.00,0.97,nenhuma,nao,confirmado
inteli,graduacao_2026,INT-SYN-0091,dossie_completo,INT-SYN-0091-M2,responsavel,41,assalariado,renda,holerites_3_meses,renda_assalariado,condicional,INT-DOC-000909,ok,2025-07|2025-08|2025-09,5517.00,5517.00,0.97,nenhuma,nao,confirmado
inteli,graduacao_2026,INT-SYN-0091,dossie_completo,INT-SYN-0091-M2,responsavel,41,assalariado,gastos,comprovantes_saude,gasto_de_saude_declarado,condicional,INT-DOC-000910,ok,media_2025-07_a_2025-09,560.00,560.00,0.97,nenhuma,nao,confirmado
inteli,graduacao_2026,INT-SYN-0092,documento_faltante,INT-SYN-0092-M1,candidato,21,sem_renda,identificacao,rg_ou_cnh_candidato,todo_candidato,obrigatorio,INT-DOC-000911,ok,atual,nao_se_aplica,nao_se_aplica,0.97,nenhuma,nao,confirmado
inteli,graduacao_2026,INT-SYN-0092,documento_faltante,INT-SYN-0092-M2,responsavel,42,trabalhador_informal,identificacao,rg_cpf_adulto,todo_adulto,obrigatorio,INT-DOC-000912,ok,atual,nao_se_aplica,nao_se_aplica,0.97,nenhuma,nao,confirmado
inteli,graduacao_2026,INT-SYN-0092,documento_faltante,INT-SYN-0092-M2,responsavel,42,trabalhador_informal,residencia,comprovante_residencia_ultimo_mes,todo_grupo_familiar,obrigatorio,INT-DOC-000913,ok,2025-09,nao_se_aplica,nao_se_aplica,0.97,nenhuma,nao,confirmado
inteli,graduacao_2026,INT-SYN-0092,documento_faltante,INT-SYN-0092-M2,responsavel,42,trabalhador_informal,moradia,declaracao_cessao_imovel,moradia_cedida,condicional,INT-DOC-000914,ok,2025-09,1200.00,1200.00,0.97,nenhuma,nao,confirmado
inteli,graduacao_2026,INT-SYN-0092,documento_faltante,INT-SYN-0092-M2,responsavel,42,trabalhador_informal,trabalho,ctps,todo_adulto,obrigatorio,INT-DOC-000915,ok,atual,nao_se_aplica,nao_se_aplica,0.97,nenhuma,nao,confirmado
inteli,graduacao_2026,INT-SYN-0092,documento_faltante,INT-SYN-0092-M2,responsavel,42,trabalhador_informal,trabalho,cnis_completo,todo_adulto,obrigatorio,INT-DOC-000916,ok,atual,nao_se_aplica,nao_se_aplica,0.97,nenhuma,nao,confirmado
inteli,graduacao_2026,INT-SYN-0092,documento_faltante,INT-SYN-0092-M2,responsavel,42,trabalhador_informal,tributario,irpf_com_recibo_ou_nada_consta,todo_adulto,obrigatorio,INT-DOC-000917,ok,exercicio_2025_ano_base_2024,nao_se_aplica,nao_se_aplica,0.97,nenhuma,nao,confirmado
inteli,graduacao_2026,INT-SYN-0092,documento_faltante,INT-SYN-0092-M2,responsavel,42,trabalhador_informal,financeiro,extratos_todas_contas,todo_adulto,obrigatorio,INT-DOC-000918,ok,2025-07|2025-08|2025-09,1454.00,1454.00,0.97,nenhuma,nao,confirmado
inteli,graduacao_2026,INT-SYN-0092,documento_faltante,INT-SYN-0092-M2,responsavel,42,trabalhador_informal,renda,declaracao_trabalho_informal,renda_trabalhador_informal,condicional,ausente,faltante,2025-07|2025-08|2025-09,1454.00,nao_extraido,0.00,solicitar_documento_faltante,sim,confirmado
inteli,graduacao_2026,INT-SYN-0092,documento_faltante,INT-SYN-0092-M2,responsavel,42,trabalhador_informal,gastos,comprovantes_educacao,gasto_de_educacao_declarado,condicional,INT-DOC-000920,ok,media_2025-07_a_2025-09,250.00,250.00,0.97,nenhuma,nao,confirmado
inteli,graduacao_2026,INT-SYN-0093,arquivo_ilegivel,INT-SYN-0093-M1,candidato,22,sem_renda,identificacao,rg_ou_cnh_candidato,todo_candidato,obrigatorio,INT-DOC-000921,ok,atual,nao_se_aplica,nao_se_aplica,0.97,nenhuma,nao,confirmado
inteli,graduacao_2026,INT-SYN-0093,arquivo_ilegivel,INT-SYN-0093-M2,responsavel,43,mei,identificacao,rg_cpf_adulto,todo_adulto,obrigatorio,INT-DOC-000922,ok,atual,nao_se_aplica,nao_se_aplica,0.97,nenhuma,nao,confirmado
inteli,graduacao_2026,INT-SYN-0093,arquivo_ilegivel,INT-SYN-0093-M2,responsavel,43,mei,residencia,comprovante_residencia_ultimo_mes,todo_grupo_familiar,obrigatorio,INT-DOC-000923,ok,2025-09,nao_se_aplica,nao_se_aplica,0.97,nenhuma,nao,confirmado
inteli,graduacao_2026,INT-SYN-0093,arquivo_ilegivel,INT-SYN-0093-M2,responsavel,43,mei,moradia,irpf_ou_iptu,moradia_propria,condicional,INT-DOC-000924,ok,2025-09,1200.00,1200.00,0.97,nenhuma,nao,confirmado
inteli,graduacao_2026,INT-SYN-0093,arquivo_ilegivel,INT-SYN-0093-M2,responsavel,43,mei,trabalho,ctps,todo_adulto,obrigatorio,INT-DOC-000925,ok,atual,nao_se_aplica,nao_se_aplica,0.97,nenhuma,nao,confirmado
inteli,graduacao_2026,INT-SYN-0093,arquivo_ilegivel,INT-SYN-0093-M2,responsavel,43,mei,trabalho,cnis_completo,todo_adulto,obrigatorio,INT-DOC-000926,ok,atual,nao_se_aplica,nao_se_aplica,0.97,nenhuma,nao,confirmado
inteli,graduacao_2026,INT-SYN-0093,arquivo_ilegivel,INT-SYN-0093-M2,responsavel,43,mei,tributario,irpf_com_recibo_ou_nada_consta,todo_adulto,obrigatorio,INT-DOC-000927,ok,exercicio_2025_ano_base_2024,nao_se_aplica,nao_se_aplica,0.97,nenhuma,nao,confirmado
inteli,graduacao_2026,INT-SYN-0093,arquivo_ilegivel,INT-SYN-0093-M2,responsavel,43,mei,financeiro,extratos_todas_contas,todo_adulto,obrigatorio,INT-DOC-000928,ilegivel,2025-07|2025-08|2025-09,1591.00,nao_extraido,0.28,solicitar_arquivo_legivel,sim,confirmado
inteli,graduacao_2026,INT-SYN-0093,arquivo_ilegivel,INT-SYN-0093-M2,responsavel,43,mei,renda,comprovante_mei_e_dasn_simei,renda_mei,condicional,INT-DOC-000929,ok,2025-07|2025-08|2025-09,1591.00,1591.00,0.97,nenhuma,nao,confirmado
inteli,graduacao_2026,INT-SYN-0093,arquivo_ilegivel,INT-SYN-0093-M2,responsavel,43,mei,patrimonio,crlv_ou_renavam,grupo_possui_veiculo,condicional,INT-DOC-000930,ok,media_2025-07_a_2025-09,nao_se_aplica,nao_se_aplica,0.97,nenhuma,nao,confirmado
inteli,graduacao_2026,INT-SYN-0094,periodo_incompleto,INT-SYN-0094-M1,candidato,23,sem_renda,identificacao,rg_ou_cnh_candidato,todo_candidato,obrigatorio,INT-DOC-000931,ok,atual,nao_se_aplica,nao_se_aplica,0.97,nenhuma,nao,confirmado
inteli,graduacao_2026,INT-SYN-0094,periodo_incompleto,INT-SYN-0094-M2,responsavel,44,aposentado,identificacao,rg_cpf_adulto,todo_adulto,obrigatorio,INT-DOC-000932,ok,atual,nao_se_aplica,nao_se_aplica,0.97,nenhuma,nao,confirmado
inteli,graduacao_2026,INT-SYN-0094,periodo_incompleto,INT-SYN-0094-M2,responsavel,44,aposentado,residencia,comprovante_residencia_ultimo_mes,todo_grupo_familiar,obrigatorio,INT-DOC-000933,ok,2025-09,nao_se_aplica,nao_se_aplica,0.97,nenhuma,nao,confirmado
inteli,graduacao_2026,INT-SYN-0094,periodo_incompleto,INT-SYN-0094-M2,responsavel,44,aposentado,moradia,comprovante_aluguel_ultimo_mes,moradia_alugada,condicional,INT-DOC-000934,ok,2025-09,1200.00,1200.00,0.97,nenhuma,nao,confirmado
inteli,graduacao_2026,INT-SYN-0094,periodo_incompleto,INT-SYN-0094-M2,responsavel,44,aposentado,trabalho,ctps,todo_adulto,obrigatorio,INT-DOC-000935,ok,atual,nao_se_aplica,nao_se_aplica,0.97,nenhuma,nao,confirmado
inteli,graduacao_2026,INT-SYN-0094,periodo_incompleto,INT-SYN-0094-M2,responsavel,44,aposentado,trabalho,cnis_completo,todo_adulto,obrigatorio,INT-DOC-000936,ok,atual,nao_se_aplica,nao_se_aplica,0.97,nenhuma,nao,confirmado
inteli,graduacao_2026,INT-SYN-0094,periodo_incompleto,INT-SYN-0094-M2,responsavel,44,aposentado,tributario,irpf_com_recibo_ou_nada_consta,todo_adulto,obrigatorio,INT-DOC-000937,ok,exercicio_2025_ano_base_2024,nao_se_aplica,nao_se_aplica,0.97,nenhuma,nao,confirmado
inteli,graduacao_2026,INT-SYN-0094,periodo_incompleto,INT-SYN-0094-M2,responsavel,44,aposentado,financeiro,extratos_todas_contas,todo_adulto,obrigatorio,INT-DOC-000938,periodo_incompleto,2025-07|2025-08|2025-09,1728.00,1728.00,0.89,solicitar_competencias_ausentes,sim,confirmado
inteli,graduacao_2026,INT-SYN-0094,periodo_incompleto,INT-SYN-0094-M2,responsavel,44,aposentado,renda,extrato_beneficio_3_meses,renda_aposentado,condicional,INT-DOC-000939,ok,2025-07|2025-08|2025-09,1728.00,1728.00,0.97,nenhuma,nao,confirmado
inteli,graduacao_2026,INT-SYN-0094,periodo_incompleto,INT-SYN-0094-M2,responsavel,44,aposentado,renda,comprovante_ou_declaracao_pensao,recebe_pensao,condicional,INT-DOC-000940,ok,media_2025-07_a_2025-09,420.00,420.00,0.97,nenhuma,nao,confirmado
inteli,graduacao_2026,INT-SYN-0095,valor_divergente,INT-SYN-0095-M1,candidato,24,sem_renda,identificacao,rg_ou_cnh_candidato,todo_candidato,obrigatorio,INT-DOC-000941,ok,atual,nao_se_aplica,nao_se_aplica,0.97,nenhuma,nao,confirmado
inteli,graduacao_2026,INT-SYN-0095,valor_divergente,INT-SYN-0095-M2,responsavel,45,desempregado,identificacao,rg_cpf_adulto,todo_adulto,obrigatorio,INT-DOC-000942,ok,atual,nao_se_aplica,nao_se_aplica,0.97,nenhuma,nao,confirmado
inteli,graduacao_2026,INT-SYN-0095,valor_divergente,INT-SYN-0095-M2,responsavel,45,desempregado,residencia,comprovante_residencia_ultimo_mes,todo_grupo_familiar,obrigatorio,INT-DOC-000943,ok,2025-09,nao_se_aplica,nao_se_aplica,0.97,nenhuma,nao,confirmado
inteli,graduacao_2026,INT-SYN-0095,valor_divergente,INT-SYN-0095-M2,responsavel,45,desempregado,moradia,comprovante_financiamento_ultimo_mes,moradia_financiada,condicional,INT-DOC-000944,ok,2025-09,1200.00,1200.00,0.97,nenhuma,nao,confirmado
inteli,graduacao_2026,INT-SYN-0095,valor_divergente,INT-SYN-0095-M2,responsavel,45,desempregado,trabalho,ctps,todo_adulto,obrigatorio,INT-DOC-000945,ok,atual,nao_se_aplica,nao_se_aplica,0.97,nenhuma,nao,confirmado
inteli,graduacao_2026,INT-SYN-0095,valor_divergente,INT-SYN-0095-M2,responsavel,45,desempregado,trabalho,cnis_completo,todo_adulto,obrigatorio,INT-DOC-000946,ok,atual,nao_se_aplica,nao_se_aplica,0.97,nenhuma,nao,confirmado
inteli,graduacao_2026,INT-SYN-0095,valor_divergente,INT-SYN-0095-M2,responsavel,45,desempregado,tributario,irpf_com_recibo_ou_nada_consta,todo_adulto,obrigatorio,INT-DOC-000947,ok,exercicio_2025_ano_base_2024,nao_se_aplica,nao_se_aplica,0.97,nenhuma,nao,confirmado
inteli,graduacao_2026,INT-SYN-0095,valor_divergente,INT-SYN-0095-M2,responsavel,45,desempregado,financeiro,extratos_todas_contas,todo_adulto,obrigatorio,INT-DOC-000948,divergente,2025-07|2025-08|2025-09,1865.00,2515.00,0.93,comparar_declaracao_e_documento,sim,confirmado
inteli,graduacao_2026,INT-SYN-0095,valor_divergente,INT-SYN-0095-M2,responsavel,45,desempregado,renda,rescisao_fgts_ou_declaracao_inatividade,renda_desempregado,condicional,INT-DOC-000949,ok,2025-07|2025-08|2025-09,1865.00,1865.00,0.97,nenhuma,nao,confirmado
inteli,graduacao_2026,INT-SYN-0095,valor_divergente,INT-SYN-0095-M2,responsavel,45,desempregado,gastos,comprovantes_saude,gasto_de_saude_declarado,condicional,INT-DOC-000950,ok,media_2025-07_a_2025-09,560.00,560.00,0.97,nenhuma,nao,confirmado
inteli,graduacao_2026,INT-SYN-0096,documento_desatualizado,INT-SYN-0096-M1,candidato,17,sem_renda,identificacao,rg_ou_cnh_candidato,todo_candidato,obrigatorio,INT-DOC-000951,ok,atual,nao_se_aplica,nao_se_aplica,0.97,nenhuma,nao,confirmado
inteli,graduacao_2026,INT-SYN-0096,documento_desatualizado,INT-SYN-0096-M2,responsavel,46,autonomo,identificacao,rg_cpf_adulto,todo_adulto,obrigatorio,INT-DOC-000952,ok,atual,nao_se_aplica,nao_se_aplica,0.97,nenhuma,nao,confirmado
inteli,graduacao_2026,INT-SYN-0096,documento_desatualizado,INT-SYN-0096-M2,responsavel,46,autonomo,residencia,comprovante_residencia_ultimo_mes,todo_grupo_familiar,obrigatorio,INT-DOC-000953,desatualizado,2025-09,nao_se_aplica,nao_se_aplica,0.95,solicitar_documento_atualizado,sim,confirmado
inteli,graduacao_2026,INT-SYN-0096,documento_desatualizado,INT-SYN-0096-M2,responsavel,46,autonomo,moradia,declaracao_cessao_imovel,moradia_cedida,condicional,INT-DOC-000954,ok,2025-09,1200.00,1200.00,0.97,nenhuma,nao,confirmado
inteli,graduacao_2026,INT-SYN-0096,documento_desatualizado,INT-SYN-0096-M2,responsavel,46,autonomo,trabalho,ctps,todo_adulto,obrigatorio,INT-DOC-000955,ok,atual,nao_se_aplica,nao_se_aplica,0.97,nenhuma,nao,confirmado
inteli,graduacao_2026,INT-SYN-0096,documento_desatualizado,INT-SYN-0096-M2,responsavel,46,autonomo,trabalho,cnis_completo,todo_adulto,obrigatorio,INT-DOC-000956,ok,atual,nao_se_aplica,nao_se_aplica,0.97,nenhuma,nao,confirmado
inteli,graduacao_2026,INT-SYN-0096,documento_desatualizado,INT-SYN-0096-M2,responsavel,46,autonomo,tributario,irpf_com_recibo_ou_nada_consta,todo_adulto,obrigatorio,INT-DOC-000957,ok,exercicio_2025_ano_base_2024,nao_se_aplica,nao_se_aplica,0.97,nenhuma,nao,confirmado
inteli,graduacao_2026,INT-SYN-0096,documento_desatualizado,INT-SYN-0096-M2,responsavel,46,autonomo,financeiro,extratos_todas_contas,todo_adulto,obrigatorio,INT-DOC-000958,ok,2025-07|2025-08|2025-09,2002.00,2002.00,0.97,nenhuma,nao,confirmado
inteli,graduacao_2026,INT-SYN-0096,documento_desatualizado,INT-SYN-0096-M2,responsavel,46,autonomo,renda,dasn_simei_ou_decore,renda_autonomo,condicional,INT-DOC-000959,ok,2025-07|2025-08|2025-09,2002.00,2002.00,0.97,nenhuma,nao,confirmado
inteli,graduacao_2026,INT-SYN-0096,documento_desatualizado,INT-SYN-0096-M2,responsavel,46,autonomo,gastos,comprovantes_educacao,gasto_de_educacao_declarado,condicional,INT-DOC-000960,ok,media_2025-07_a_2025-09,250.00,250.00,0.97,nenhuma,nao,confirmado
inteli,graduacao_2026,INT-SYN-0097,dossie_completo,INT-SYN-0097-M1,candidato,18,sem_renda,identificacao,rg_ou_cnh_candidato,todo_candidato,obrigatorio,INT-DOC-000961,ok,atual,nao_se_aplica,nao_se_aplica,0.97,nenhuma,nao,confirmado
inteli,graduacao_2026,INT-SYN-0097,dossie_completo,INT-SYN-0097-M2,responsavel,47,assalariado,identificacao,rg_cpf_adulto,todo_adulto,obrigatorio,INT-DOC-000962,ok,atual,nao_se_aplica,nao_se_aplica,0.97,nenhuma,nao,confirmado
inteli,graduacao_2026,INT-SYN-0097,dossie_completo,INT-SYN-0097-M2,responsavel,47,assalariado,residencia,comprovante_residencia_ultimo_mes,todo_grupo_familiar,obrigatorio,INT-DOC-000963,ok,2025-09,nao_se_aplica,nao_se_aplica,0.97,nenhuma,nao,confirmado
inteli,graduacao_2026,INT-SYN-0097,dossie_completo,INT-SYN-0097-M2,responsavel,47,assalariado,moradia,irpf_ou_iptu,moradia_propria,condicional,INT-DOC-000964,ok,2025-09,1200.00,1200.00,0.97,nenhuma,nao,confirmado
inteli,graduacao_2026,INT-SYN-0097,dossie_completo,INT-SYN-0097-M2,responsavel,47,assalariado,trabalho,ctps,todo_adulto,obrigatorio,INT-DOC-000965,ok,atual,nao_se_aplica,nao_se_aplica,0.97,nenhuma,nao,confirmado
inteli,graduacao_2026,INT-SYN-0097,dossie_completo,INT-SYN-0097-M2,responsavel,47,assalariado,trabalho,cnis_completo,todo_adulto,obrigatorio,INT-DOC-000966,ok,atual,nao_se_aplica,nao_se_aplica,0.97,nenhuma,nao,confirmado
inteli,graduacao_2026,INT-SYN-0097,dossie_completo,INT-SYN-0097-M2,responsavel,47,assalariado,tributario,irpf_com_recibo_ou_nada_consta,todo_adulto,obrigatorio,INT-DOC-000967,ok,exercicio_2025_ano_base_2024,nao_se_aplica,nao_se_aplica,0.97,nenhuma,nao,confirmado
inteli,graduacao_2026,INT-SYN-0097,dossie_completo,INT-SYN-0097-M2,responsavel,47,assalariado,financeiro,extratos_todas_contas,todo_adulto,obrigatorio,INT-DOC-000968,ok,2025-07|2025-08|2025-09,2139.00,2139.00,0.97,nenhuma,nao,confirmado
inteli,graduacao_2026,INT-SYN-0097,dossie_completo,INT-SYN-0097-M2,responsavel,47,assalariado,renda,holerites_3_meses,renda_assalariado,condicional,INT-DOC-000969,ok,2025-07|2025-08|2025-09,2139.00,2139.00,0.97,nenhuma,nao,confirmado
inteli,graduacao_2026,INT-SYN-0097,dossie_completo,INT-SYN-0097-M2,responsavel,47,assalariado,patrimonio,crlv_ou_renavam,grupo_possui_veiculo,condicional,INT-DOC-000970,ok,media_2025-07_a_2025-09,nao_se_aplica,nao_se_aplica,0.97,nenhuma,nao,confirmado
inteli,graduacao_2026,INT-SYN-0098,documento_faltante,INT-SYN-0098-M1,candidato,19,sem_renda,identificacao,rg_ou_cnh_candidato,todo_candidato,obrigatorio,INT-DOC-000971,ok,atual,nao_se_aplica,nao_se_aplica,0.97,nenhuma,nao,confirmado
inteli,graduacao_2026,INT-SYN-0098,documento_faltante,INT-SYN-0098-M2,responsavel,48,trabalhador_informal,identificacao,rg_cpf_adulto,todo_adulto,obrigatorio,INT-DOC-000972,ok,atual,nao_se_aplica,nao_se_aplica,0.97,nenhuma,nao,confirmado
inteli,graduacao_2026,INT-SYN-0098,documento_faltante,INT-SYN-0098-M2,responsavel,48,trabalhador_informal,residencia,comprovante_residencia_ultimo_mes,todo_grupo_familiar,obrigatorio,INT-DOC-000973,ok,2025-09,nao_se_aplica,nao_se_aplica,0.97,nenhuma,nao,confirmado
inteli,graduacao_2026,INT-SYN-0098,documento_faltante,INT-SYN-0098-M2,responsavel,48,trabalhador_informal,moradia,comprovante_aluguel_ultimo_mes,moradia_alugada,condicional,INT-DOC-000974,ok,2025-09,1200.00,1200.00,0.97,nenhuma,nao,confirmado
inteli,graduacao_2026,INT-SYN-0098,documento_faltante,INT-SYN-0098-M2,responsavel,48,trabalhador_informal,trabalho,ctps,todo_adulto,obrigatorio,INT-DOC-000975,ok,atual,nao_se_aplica,nao_se_aplica,0.97,nenhuma,nao,confirmado
inteli,graduacao_2026,INT-SYN-0098,documento_faltante,INT-SYN-0098-M2,responsavel,48,trabalhador_informal,trabalho,cnis_completo,todo_adulto,obrigatorio,INT-DOC-000976,ok,atual,nao_se_aplica,nao_se_aplica,0.97,nenhuma,nao,confirmado
inteli,graduacao_2026,INT-SYN-0098,documento_faltante,INT-SYN-0098-M2,responsavel,48,trabalhador_informal,tributario,irpf_com_recibo_ou_nada_consta,todo_adulto,obrigatorio,INT-DOC-000977,ok,exercicio_2025_ano_base_2024,nao_se_aplica,nao_se_aplica,0.97,nenhuma,nao,confirmado
inteli,graduacao_2026,INT-SYN-0098,documento_faltante,INT-SYN-0098-M2,responsavel,48,trabalhador_informal,financeiro,extratos_todas_contas,todo_adulto,obrigatorio,INT-DOC-000978,ok,2025-07|2025-08|2025-09,2276.00,2276.00,0.97,nenhuma,nao,confirmado
inteli,graduacao_2026,INT-SYN-0098,documento_faltante,INT-SYN-0098-M2,responsavel,48,trabalhador_informal,renda,declaracao_trabalho_informal,renda_trabalhador_informal,condicional,ausente,faltante,2025-07|2025-08|2025-09,2276.00,nao_extraido,0.00,solicitar_documento_faltante,sim,confirmado
inteli,graduacao_2026,INT-SYN-0098,documento_faltante,INT-SYN-0098-M2,responsavel,48,trabalhador_informal,renda,comprovante_ou_declaracao_pensao,recebe_pensao,condicional,INT-DOC-000980,ok,media_2025-07_a_2025-09,420.00,420.00,0.97,nenhuma,nao,confirmado
inteli,graduacao_2026,INT-SYN-0099,arquivo_ilegivel,INT-SYN-0099-M1,candidato,20,sem_renda,identificacao,rg_ou_cnh_candidato,todo_candidato,obrigatorio,INT-DOC-000981,ok,atual,nao_se_aplica,nao_se_aplica,0.97,nenhuma,nao,confirmado
inteli,graduacao_2026,INT-SYN-0099,arquivo_ilegivel,INT-SYN-0099-M2,responsavel,49,mei,identificacao,rg_cpf_adulto,todo_adulto,obrigatorio,INT-DOC-000982,ok,atual,nao_se_aplica,nao_se_aplica,0.97,nenhuma,nao,confirmado
inteli,graduacao_2026,INT-SYN-0099,arquivo_ilegivel,INT-SYN-0099-M2,responsavel,49,mei,residencia,comprovante_residencia_ultimo_mes,todo_grupo_familiar,obrigatorio,INT-DOC-000983,ok,2025-09,nao_se_aplica,nao_se_aplica,0.97,nenhuma,nao,confirmado
inteli,graduacao_2026,INT-SYN-0099,arquivo_ilegivel,INT-SYN-0099-M2,responsavel,49,mei,moradia,comprovante_financiamento_ultimo_mes,moradia_financiada,condicional,INT-DOC-000984,ok,2025-09,1200.00,1200.00,0.97,nenhuma,nao,confirmado
inteli,graduacao_2026,INT-SYN-0099,arquivo_ilegivel,INT-SYN-0099-M2,responsavel,49,mei,trabalho,ctps,todo_adulto,obrigatorio,INT-DOC-000985,ok,atual,nao_se_aplica,nao_se_aplica,0.97,nenhuma,nao,confirmado
inteli,graduacao_2026,INT-SYN-0099,arquivo_ilegivel,INT-SYN-0099-M2,responsavel,49,mei,trabalho,cnis_completo,todo_adulto,obrigatorio,INT-DOC-000986,ok,atual,nao_se_aplica,nao_se_aplica,0.97,nenhuma,nao,confirmado
inteli,graduacao_2026,INT-SYN-0099,arquivo_ilegivel,INT-SYN-0099-M2,responsavel,49,mei,tributario,irpf_com_recibo_ou_nada_consta,todo_adulto,obrigatorio,INT-DOC-000987,ok,exercicio_2025_ano_base_2024,nao_se_aplica,nao_se_aplica,0.97,nenhuma,nao,confirmado
inteli,graduacao_2026,INT-SYN-0099,arquivo_ilegivel,INT-SYN-0099-M2,responsavel,49,mei,financeiro,extratos_todas_contas,todo_adulto,obrigatorio,INT-DOC-000988,ilegivel,2025-07|2025-08|2025-09,2413.00,nao_extraido,0.28,solicitar_arquivo_legivel,sim,confirmado
inteli,graduacao_2026,INT-SYN-0099,arquivo_ilegivel,INT-SYN-0099-M2,responsavel,49,mei,renda,comprovante_mei_e_dasn_simei,renda_mei,condicional,INT-DOC-000989,ok,2025-07|2025-08|2025-09,2413.00,2413.00,0.97,nenhuma,nao,confirmado
inteli,graduacao_2026,INT-SYN-0099,arquivo_ilegivel,INT-SYN-0099-M2,responsavel,49,mei,gastos,comprovantes_saude,gasto_de_saude_declarado,condicional,INT-DOC-000990,ok,media_2025-07_a_2025-09,560.00,560.00,0.97,nenhuma,nao,confirmado
inteli,graduacao_2026,INT-SYN-0100,periodo_incompleto,INT-SYN-0100-M1,candidato,21,sem_renda,identificacao,rg_ou_cnh_candidato,todo_candidato,obrigatorio,INT-DOC-000991,ok,atual,nao_se_aplica,nao_se_aplica,0.97,nenhuma,nao,confirmado
inteli,graduacao_2026,INT-SYN-0100,periodo_incompleto,INT-SYN-0100-M2,responsavel,50,aposentado,identificacao,rg_cpf_adulto,todo_adulto,obrigatorio,INT-DOC-000992,ok,atual,nao_se_aplica,nao_se_aplica,0.97,nenhuma,nao,confirmado
inteli,graduacao_2026,INT-SYN-0100,periodo_incompleto,INT-SYN-0100-M2,responsavel,50,aposentado,residencia,comprovante_residencia_ultimo_mes,todo_grupo_familiar,obrigatorio,INT-DOC-000993,ok,2025-09,nao_se_aplica,nao_se_aplica,0.97,nenhuma,nao,confirmado
inteli,graduacao_2026,INT-SYN-0100,periodo_incompleto,INT-SYN-0100-M2,responsavel,50,aposentado,moradia,declaracao_cessao_imovel,moradia_cedida,condicional,INT-DOC-000994,ok,2025-09,1200.00,1200.00,0.97,nenhuma,nao,confirmado
inteli,graduacao_2026,INT-SYN-0100,periodo_incompleto,INT-SYN-0100-M2,responsavel,50,aposentado,trabalho,ctps,todo_adulto,obrigatorio,INT-DOC-000995,ok,atual,nao_se_aplica,nao_se_aplica,0.97,nenhuma,nao,confirmado
inteli,graduacao_2026,INT-SYN-0100,periodo_incompleto,INT-SYN-0100-M2,responsavel,50,aposentado,trabalho,cnis_completo,todo_adulto,obrigatorio,INT-DOC-000996,ok,atual,nao_se_aplica,nao_se_aplica,0.97,nenhuma,nao,confirmado
inteli,graduacao_2026,INT-SYN-0100,periodo_incompleto,INT-SYN-0100-M2,responsavel,50,aposentado,tributario,irpf_com_recibo_ou_nada_consta,todo_adulto,obrigatorio,INT-DOC-000997,ok,exercicio_2025_ano_base_2024,nao_se_aplica,nao_se_aplica,0.97,nenhuma,nao,confirmado
inteli,graduacao_2026,INT-SYN-0100,periodo_incompleto,INT-SYN-0100-M2,responsavel,50,aposentado,financeiro,extratos_todas_contas,todo_adulto,obrigatorio,INT-DOC-000998,periodo_incompleto,2025-07|2025-08|2025-09,2550.00,2550.00,0.89,solicitar_competencias_ausentes,sim,confirmado
inteli,graduacao_2026,INT-SYN-0100,periodo_incompleto,INT-SYN-0100-M2,responsavel,50,aposentado,renda,extrato_beneficio_3_meses,renda_aposentado,condicional,INT-DOC-000999,ok,2025-07|2025-08|2025-09,2550.00,2550.00,0.97,nenhuma,nao,confirmado
inteli,graduacao_2026,INT-SYN-0100,periodo_incompleto,INT-SYN-0100-M2,responsavel,50,aposentado,gastos,comprovantes_educacao,gasto_de_educacao_declarado,condicional,INT-DOC-001000,ok,media_2025-07_a_2025-09,250.00,250.00,0.97,nenhuma,nao,confirmado
