instituicao,edicao,candidatura_id,cenario_teste,membro_id,relacao,idade,ocupacao,categoria_documental,tipo_documento,regra_aplicabilidade,obrigatoriedade,arquivo_id,status_documento,competencia,valor_declarado,valor_extraido,confianca_extracao,pendencia_esperada,revisao_humana_esperada,nivel_confirmacao_fonte
marista_dom_silverio,bolsa_social_2026,MAR-SYN-0001,dossie_presente,MAR-SYN-0001-M1,candidato,7,estudante,inscricao,formulario_avaliacao_socioeconomica,todo_candidato,obrigatorio,MAR-DOC-000001,ok,2026,nao_se_aplica,nao_se_aplica,0.97,nenhuma,nao,confirmado
marista_dom_silverio,bolsa_social_2026,MAR-SYN-0001,dossie_presente,MAR-SYN-0001-M1,candidato,7,estudante,identificacao,certidao_ou_rg_candidato,documentos_do_candidato_detalhados_no_anexo,a_validar,MAR-DOC-000002,ok,atual,nao_se_aplica,nao_se_aplica,0.97,nenhuma,sim,parcial
marista_dom_silverio,bolsa_social_2026,MAR-SYN-0001,dossie_presente,MAR-SYN-0001-M2,responsavel,31,assalariado,identificacao,rg_cpf_adulto,documentos_do_grupo_detalhados_no_anexo,a_validar,MAR-DOC-000003,ok,atual,nao_se_aplica,nao_se_aplica,0.97,nenhuma,sim,parcial
marista_dom_silverio,bolsa_social_2026,MAR-SYN-0001,dossie_presente,MAR-SYN-0001-M2,responsavel,31,assalariado,residencia,comprovante_endereco,indicado_na_pesquisa_de_partida,a_validar,MAR-DOC-000004,ok,2025-10,nao_se_aplica,nao_se_aplica,0.97,nenhuma,sim,hipotese
marista_dom_silverio,bolsa_social_2026,MAR-SYN-0001,dossie_presente,MAR-SYN-0001-M2,responsavel,31,assalariado,moradia,iptu_ou_irpf,moradia_propria,a_validar,MAR-DOC-000005,ok,2025-10,1350.00,1350.00,0.97,nenhuma,sim,hipotese
marista_dom_silverio,bolsa_social_2026,MAR-SYN-0001,dossie_presente,MAR-SYN-0001-M2,responsavel,31,assalariado,renda,contracheques,comprovacao_de_renda_detalhada_no_anexo,a_validar,MAR-DOC-000006,ok,2025-08|2025-09|2025-10,1587.00,1587.00,0.97,nenhuma,sim,parcial
marista_dom_silverio,bolsa_social_2026,MAR-SYN-0001,dossie_presente,MAR-SYN-0001-M2,responsavel,31,assalariado,tributario,irpf_ou_comprovacao_de_nao_declaracao,indicado_na_pesquisa_de_partida,a_validar,MAR-DOC-000007,ok,ultimo_exercicio,nao_se_aplica,nao_se_aplica,0.97,nenhuma,sim,hipotese
marista_dom_silverio,bolsa_social_2026,MAR-SYN-0001,dossie_presente,MAR-SYN-0001-M2,responsavel,31,assalariado,cadastro_social,folha_resumo_cadunico,criterio_oficial_documento_exato_a_validar,preferencial,MAR-DOC-000008,ok,atual,nao_se_aplica,nao_se_aplica,0.97,nenhuma,sim,parcial
marista_dom_silverio,bolsa_social_2026,MAR-SYN-0002,comprovante_renda_faltante,MAR-SYN-0002-M1,candidato,8,estudante,inscricao,formulario_avaliacao_socioeconomica,todo_candidato,obrigatorio,MAR-DOC-000009,ok,2026,nao_se_aplica,nao_se_aplica,0.97,nenhuma,nao,confirmado
marista_dom_silverio,bolsa_social_2026,MAR-SYN-0002,comprovante_renda_faltante,MAR-SYN-0002-M1,candidato,8,estudante,identificacao,certidao_ou_rg_candidato,documentos_do_candidato_detalhados_no_anexo,a_validar,MAR-DOC-000010,ok,atual,nao_se_aplica,nao_se_aplica,0.97,nenhuma,sim,parcial
marista_dom_silverio,bolsa_social_2026,MAR-SYN-0002,comprovante_renda_faltante,MAR-SYN-0002-M2,responsavel,32,trabalhador_informal,identificacao,rg_cpf_adulto,documentos_do_grupo_detalhados_no_anexo,a_validar,MAR-DOC-000011,ok,atual,nao_se_aplica,nao_se_aplica,0.97,nenhuma,sim,parcial
marista_dom_silverio,bolsa_social_2026,MAR-SYN-0002,comprovante_renda_faltante,MAR-SYN-0002-M2,responsavel,32,trabalhador_informal,residencia,comprovante_endereco,indicado_na_pesquisa_de_partida,a_validar,MAR-DOC-000012,ok,2025-10,nao_se_aplica,nao_se_aplica,0.97,nenhuma,sim,hipotese
marista_dom_silverio,bolsa_social_2026,MAR-SYN-0002,comprovante_renda_faltante,MAR-SYN-0002-M2,responsavel,32,trabalhador_informal,moradia,contrato_e_recibo_aluguel,moradia_alugada,a_validar,MAR-DOC-000013,ok,2025-10,1350.00,1350.00,0.97,nenhuma,sim,hipotese
marista_dom_silverio,bolsa_social_2026,MAR-SYN-0002,comprovante_renda_faltante,MAR-SYN-0002-M2,responsavel,32,trabalhador_informal,renda,declaracao_atividade_remunerada,comprovacao_de_renda_detalhada_no_anexo,a_validar,ausente,faltante,2025-08|2025-09|2025-10,1724.00,nao_extraido,0.00,solicitar_documento_faltante,sim,parcial
marista_dom_silverio,bolsa_social_2026,MAR-SYN-0002,comprovante_renda_faltante,MAR-SYN-0002-M2,responsavel,32,trabalhador_informal,tributario,irpf_ou_comprovacao_de_nao_declaracao,indicado_na_pesquisa_de_partida,a_validar,MAR-DOC-000015,ok,ultimo_exercicio,nao_se_aplica,nao_se_aplica,0.97,nenhuma,sim,hipotese
marista_dom_silverio,bolsa_social_2026,MAR-SYN-0002,comprovante_renda_faltante,MAR-SYN-0002-M2,responsavel,32,trabalhador_informal,cadastro_social,folha_resumo_cadunico,criterio_oficial_documento_exato_a_validar,preferencial,MAR-DOC-000016,ok,atual,nao_se_aplica,nao_se_aplica,0.97,nenhuma,sim,parcial
marista_dom_silverio,bolsa_social_2026,MAR-SYN-0003,residencia_ilegivel,MAR-SYN-0003-M1,candidato,9,estudante,inscricao,formulario_avaliacao_socioeconomica,todo_candidato,obrigatorio,MAR-DOC-000017,ok,2026,nao_se_aplica,nao_se_aplica,0.97,nenhuma,nao,confirmado
marista_dom_silverio,bolsa_social_2026,MAR-SYN-0003,residencia_ilegivel,MAR-SYN-0003-M1,candidato,9,estudante,identificacao,certidao_ou_rg_candidato,documentos_do_candidato_detalhados_no_anexo,a_validar,MAR-DOC-000018,ok,atual,nao_se_aplica,nao_se_aplica,0.97,nenhuma,sim,parcial
marista_dom_silverio,bolsa_social_2026,MAR-SYN-0003,residencia_ilegivel,MAR-SYN-0003-M2,responsavel,33,mei,identificacao,rg_cpf_adulto,documentos_do_grupo_detalhados_no_anexo,a_validar,MAR-DOC-000019,ok,atual,nao_se_aplica,nao_se_aplica,0.97,nenhuma,sim,parcial
marista_dom_silverio,bolsa_social_2026,MAR-SYN-0003,residencia_ilegivel,MAR-SYN-0003-M2,responsavel,33,mei,residencia,comprovante_endereco,indicado_na_pesquisa_de_partida,a_validar,MAR-DOC-000020,ilegivel,2025-10,nao_se_aplica,nao_se_aplica,0.28,solicitar_arquivo_legivel,sim,hipotese
marista_dom_silverio,bolsa_social_2026,MAR-SYN-0003,residencia_ilegivel,MAR-SYN-0003-M2,responsavel,33,mei,moradia,comprovante_financiamento,moradia_financiada,a_validar,MAR-DOC-000021,ok,2025-10,1350.00,1350.00,0.97,nenhuma,sim,hipotese
marista_dom_silverio,bolsa_social_2026,MAR-SYN-0003,residencia_ilegivel,MAR-SYN-0003-M2,responsavel,33,mei,renda,dasn_simei,comprovacao_de_renda_detalhada_no_anexo,a_validar,MAR-DOC-000022,ok,2025-08|2025-09|2025-10,1861.00,1861.00,0.97,nenhuma,sim,parcial
marista_dom_silverio,bolsa_social_2026,MAR-SYN-0003,residencia_ilegivel,MAR-SYN-0003-M2,responsavel,33,mei,tributario,irpf_ou_comprovacao_de_nao_declaracao,indicado_na_pesquisa_de_partida,a_validar,MAR-DOC-000023,ok,ultimo_exercicio,nao_se_aplica,nao_se_aplica,0.97,nenhuma,sim,hipotese
marista_dom_silverio,bolsa_social_2026,MAR-SYN-0003,residencia_ilegivel,MAR-SYN-0003-M2,responsavel,33,mei,cadastro_social,folha_resumo_cadunico,criterio_oficial_documento_exato_a_validar,preferencial,MAR-DOC-000024,ok,atual,nao_se_aplica,nao_se_aplica,0.97,nenhuma,sim,parcial
marista_dom_silverio,bolsa_social_2026,MAR-SYN-0004,periodo_de_renda_incompleto,MAR-SYN-0004-M1,candidato,10,estudante,inscricao,formulario_avaliacao_socioeconomica,todo_candidato,obrigatorio,MAR-DOC-000025,ok,2026,nao_se_aplica,nao_se_aplica,0.97,nenhuma,nao,confirmado
marista_dom_silverio,bolsa_social_2026,MAR-SYN-0004,periodo_de_renda_incompleto,MAR-SYN-0004-M1,candidato,10,estudante,identificacao,certidao_ou_rg_candidato,documentos_do_candidato_detalhados_no_anexo,a_validar,MAR-DOC-000026,ok,atual,nao_se_aplica,nao_se_aplica,0.97,nenhuma,sim,parcial
marista_dom_silverio,bolsa_social_2026,MAR-SYN-0004,periodo_de_renda_incompleto,MAR-SYN-0004-M2,responsavel,34,aposentado,identificacao,rg_cpf_adulto,documentos_do_grupo_detalhados_no_anexo,a_validar,MAR-DOC-000027,ok,atual,nao_se_aplica,nao_se_aplica,0.97,nenhuma,sim,parcial
marista_dom_silverio,bolsa_social_2026,MAR-SYN-0004,periodo_de_renda_incompleto,MAR-SYN-0004-M2,responsavel,34,aposentado,residencia,comprovante_endereco,indicado_na_pesquisa_de_partida,a_validar,MAR-DOC-000028,ok,2025-10,nao_se_aplica,nao_se_aplica,0.97,nenhuma,sim,hipotese
marista_dom_silverio,bolsa_social_2026,MAR-SYN-0004,periodo_de_renda_incompleto,MAR-SYN-0004-M2,responsavel,34,aposentado,moradia,declaracao_imovel_cedido,moradia_cedida,a_validar,MAR-DOC-000029,ok,2025-10,1350.00,1350.00,0.97,nenhuma,sim,hipotese
marista_dom_silverio,bolsa_social_2026,MAR-SYN-0004,periodo_de_renda_incompleto,MAR-SYN-0004-M2,responsavel,34,aposentado,renda,extrato_beneficio_previdenciario,comprovacao_de_renda_detalhada_no_anexo,a_validar,MAR-DOC-000030,periodo_incompleto,2025-08|2025-09|2025-10,1998.00,1998.00,0.89,solicitar_competencias_ausentes,sim,parcial
marista_dom_silverio,bolsa_social_2026,MAR-SYN-0004,periodo_de_renda_incompleto,MAR-SYN-0004-M2,responsavel,34,aposentado,tributario,irpf_ou_comprovacao_de_nao_declaracao,indicado_na_pesquisa_de_partida,a_validar,MAR-DOC-000031,ok,ultimo_exercicio,nao_se_aplica,nao_se_aplica,0.97,nenhuma,sim,hipotese
marista_dom_silverio,bolsa_social_2026,MAR-SYN-0004,periodo_de_renda_incompleto,MAR-SYN-0004-M2,responsavel,34,aposentado,cadastro_social,folha_resumo_cadunico,criterio_oficial_documento_exato_a_validar,preferencial,MAR-DOC-000032,ok,atual,nao_se_aplica,nao_se_aplica,0.97,nenhuma,sim,parcial
marista_dom_silverio,bolsa_social_2026,MAR-SYN-0005,renda_declarada_divergente,MAR-SYN-0005-M1,candidato,11,estudante,inscricao,formulario_avaliacao_socioeconomica,todo_candidato,obrigatorio,MAR-DOC-000033,ok,2026,nao_se_aplica,nao_se_aplica,0.97,nenhuma,nao,confirmado
marista_dom_silverio,bolsa_social_2026,MAR-SYN-0005,renda_declarada_divergente,MAR-SYN-0005-M1,candidato,11,estudante,identificacao,certidao_ou_rg_candidato,documentos_do_candidato_detalhados_no_anexo,a_validar,MAR-DOC-000034,ok,atual,nao_se_aplica,nao_se_aplica,0.97,nenhuma,sim,parcial
marista_dom_silverio,bolsa_social_2026,MAR-SYN-0005,renda_declarada_divergente,MAR-SYN-0005-M2,responsavel,35,desempregado,identificacao,rg_cpf_adulto,documentos_do_grupo_detalhados_no_anexo,a_validar,MAR-DOC-000035,ok,atual,nao_se_aplica,nao_se_aplica,0.97,nenhuma,sim,parcial
marista_dom_silverio,bolsa_social_2026,MAR-SYN-0005,renda_declarada_divergente,MAR-SYN-0005-M2,responsavel,35,desempregado,residencia,comprovante_endereco,indicado_na_pesquisa_de_partida,a_validar,MAR-DOC-000036,ok,2025-10,nao_se_aplica,nao_se_aplica,0.97,nenhuma,sim,hipotese
marista_dom_silverio,bolsa_social_2026,MAR-SYN-0005,renda_declarada_divergente,MAR-SYN-0005-M2,responsavel,35,desempregado,moradia,iptu_ou_irpf,moradia_propria,a_validar,MAR-DOC-000037,ok,2025-10,1350.00,1350.00,0.97,nenhuma,sim,hipotese
marista_dom_silverio,bolsa_social_2026,MAR-SYN-0005,renda_declarada_divergente,MAR-SYN-0005-M2,responsavel,35,desempregado,renda,declaracao_sem_renda_e_cnis,comprovacao_de_renda_detalhada_no_anexo,a_validar,MAR-DOC-000038,divergente,2025-08|2025-09|2025-10,2135.00,2785.00,0.93,comparar_declaracao_e_documento,sim,parcial
marista_dom_silverio,bolsa_social_2026,MAR-SYN-0005,renda_declarada_divergente,MAR-SYN-0005-M2,responsavel,35,desempregado,tributario,irpf_ou_comprovacao_de_nao_declaracao,indicado_na_pesquisa_de_partida,a_validar,MAR-DOC-000039,ok,ultimo_exercicio,nao_se_aplica,nao_se_aplica,0.97,nenhuma,sim,hipotese
marista_dom_silverio,bolsa_social_2026,MAR-SYN-0005,renda_declarada_divergente,MAR-SYN-0005-M2,responsavel,35,desempregado,cadastro_social,folha_resumo_cadunico,criterio_oficial_documento_exato_a_validar,preferencial,MAR-DOC-000040,ok,atual,nao_se_aplica,nao_se_aplica,0.97,nenhuma,sim,parcial
marista_dom_silverio,bolsa_social_2026,MAR-SYN-0006,cadunico_desatualizado,MAR-SYN-0006-M1,candidato,12,estudante,inscricao,formulario_avaliacao_socioeconomica,todo_candidato,obrigatorio,MAR-DOC-000041,ok,2026,nao_se_aplica,nao_se_aplica,0.97,nenhuma,nao,confirmado
marista_dom_silverio,bolsa_social_2026,MAR-SYN-0006,cadunico_desatualizado,MAR-SYN-0006-M1,candidato,12,estudante,identificacao,certidao_ou_rg_candidato,documentos_do_candidato_detalhados_no_anexo,a_validar,MAR-DOC-000042,ok,atual,nao_se_aplica,nao_se_aplica,0.97,nenhuma,sim,parcial
marista_dom_silverio,bolsa_social_2026,MAR-SYN-0006,cadunico_desatualizado,MAR-SYN-0006-M2,responsavel,36,assalariado,identificacao,rg_cpf_adulto,documentos_do_grupo_detalhados_no_anexo,a_validar,MAR-DOC-000043,ok,atual,nao_se_aplica,nao_se_aplica,0.97,nenhuma,sim,parcial
marista_dom_silverio,bolsa_social_2026,MAR-SYN-0006,cadunico_desatualizado,MAR-SYN-0006-M2,responsavel,36,assalariado,residencia,comprovante_endereco,indicado_na_pesquisa_de_partida,a_validar,MAR-DOC-000044,ok,2025-10,nao_se_aplica,nao_se_aplica,0.97,nenhuma,sim,hipotese
marista_dom_silverio,bolsa_social_2026,MAR-SYN-0006,cadunico_desatualizado,MAR-SYN-0006-M2,responsavel,36,assalariado,moradia,contrato_e_recibo_aluguel,moradia_alugada,a_validar,MAR-DOC-000045,ok,2025-10,1350.00,1350.00,0.97,nenhuma,sim,hipotese
marista_dom_silverio,bolsa_social_2026,MAR-SYN-0006,cadunico_desatualizado,MAR-SYN-0006-M2,responsavel,36,assalariado,renda,contracheques,comprovacao_de_renda_detalhada_no_anexo,a_validar,MAR-DOC-000046,ok,2025-08|2025-09|2025-10,2272.00,2272.00,0.97,nenhuma,sim,parcial
marista_dom_silverio,bolsa_social_2026,MAR-SYN-0006,cadunico_desatualizado,MAR-SYN-0006-M2,responsavel,36,assalariado,tributario,irpf_ou_comprovacao_de_nao_declaracao,indicado_na_pesquisa_de_partida,a_validar,MAR-DOC-000047,ok,ultimo_exercicio,nao_se_aplica,nao_se_aplica,0.97,nenhuma,sim,hipotese
marista_dom_silverio,bolsa_social_2026,MAR-SYN-0006,cadunico_desatualizado,MAR-SYN-0006-M2,responsavel,36,assalariado,cadastro_social,folha_resumo_cadunico,criterio_oficial_documento_exato_a_validar,preferencial,MAR-DOC-000048,desatualizado,atual,nao_se_aplica,nao_se_aplica,0.95,solicitar_documento_atualizado,sim,parcial
marista_dom_silverio,bolsa_social_2026,MAR-SYN-0007,dossie_presente,MAR-SYN-0007-M1,candidato,13,estudante,inscricao,formulario_avaliacao_socioeconomica,todo_candidato,obrigatorio,MAR-DOC-000049,ok,2026,nao_se_aplica,nao_se_aplica,0.97,nenhuma,nao,confirmado
marista_dom_silverio,bolsa_social_2026,MAR-SYN-0007,dossie_presente,MAR-SYN-0007-M1,candidato,13,estudante,identificacao,certidao_ou_rg_candidato,documentos_do_candidato_detalhados_no_anexo,a_validar,MAR-DOC-000050,ok,atual,nao_se_aplica,nao_se_aplica,0.97,nenhuma,sim,parcial
marista_dom_silverio,bolsa_social_2026,MAR-SYN-0007,dossie_presente,MAR-SYN-0007-M2,responsavel,37,trabalhador_informal,identificacao,rg_cpf_adulto,documentos_do_grupo_detalhados_no_anexo,a_validar,MAR-DOC-000051,ok,atual,nao_se_aplica,nao_se_aplica,0.97,nenhuma,sim,parcial
marista_dom_silverio,bolsa_social_2026,MAR-SYN-0007,dossie_presente,MAR-SYN-0007-M2,responsavel,37,trabalhador_informal,residencia,comprovante_endereco,indicado_na_pesquisa_de_partida,a_validar,MAR-DOC-000052,ok,2025-10,nao_se_aplica,nao_se_aplica,0.97,nenhuma,sim,hipotese
marista_dom_silverio,bolsa_social_2026,MAR-SYN-0007,dossie_presente,MAR-SYN-0007-M2,responsavel,37,trabalhador_informal,moradia,comprovante_financiamento,moradia_financiada,a_validar,MAR-DOC-000053,ok,2025-10,1350.00,1350.00,0.97,nenhuma,sim,hipotese
marista_dom_silverio,bolsa_social_2026,MAR-SYN-0007,dossie_presente,MAR-SYN-0007-M2,responsavel,37,trabalhador_informal,renda,declaracao_atividade_remunerada,comprovacao_de_renda_detalhada_no_anexo,a_validar,MAR-DOC-000054,ok,2025-08|2025-09|2025-10,2409.00,2409.00,0.97,nenhuma,sim,parcial
marista_dom_silverio,bolsa_social_2026,MAR-SYN-0007,dossie_presente,MAR-SYN-0007-M2,responsavel,37,trabalhador_informal,tributario,irpf_ou_comprovacao_de_nao_declaracao,indicado_na_pesquisa_de_partida,a_validar,MAR-DOC-000055,ok,ultimo_exercicio,nao_se_aplica,nao_se_aplica,0.97,nenhuma,sim,hipotese
marista_dom_silverio,bolsa_social_2026,MAR-SYN-0007,dossie_presente,MAR-SYN-0007-M2,responsavel,37,trabalhador_informal,cadastro_social,folha_resumo_cadunico,criterio_oficial_documento_exato_a_validar,preferencial,MAR-DOC-000056,ok,atual,nao_se_aplica,nao_se_aplica,0.97,nenhuma,sim,parcial
marista_dom_silverio,bolsa_social_2026,MAR-SYN-0008,comprovante_renda_faltante,MAR-SYN-0008-M1,candidato,14,estudante,inscricao,formulario_avaliacao_socioeconomica,todo_candidato,obrigatorio,MAR-DOC-000057,ok,2026,nao_se_aplica,nao_se_aplica,0.97,nenhuma,nao,confirmado
marista_dom_silverio,bolsa_social_2026,MAR-SYN-0008,comprovante_renda_faltante,MAR-SYN-0008-M1,candidato,14,estudante,identificacao,certidao_ou_rg_candidato,documentos_do_candidato_detalhados_no_anexo,a_validar,MAR-DOC-000058,ok,atual,nao_se_aplica,nao_se_aplica,0.97,nenhuma,sim,parcial
marista_dom_silverio,bolsa_social_2026,MAR-SYN-0008,comprovante_renda_faltante,MAR-SYN-0008-M2,responsavel,38,mei,identificacao,rg_cpf_adulto,documentos_do_grupo_detalhados_no_anexo,a_validar,MAR-DOC-000059,ok,atual,nao_se_aplica,nao_se_aplica,0.97,nenhuma,sim,parcial
marista_dom_silverio,bolsa_social_2026,MAR-SYN-0008,comprovante_renda_faltante,MAR-SYN-0008-M2,responsavel,38,mei,residencia,comprovante_endereco,indicado_na_pesquisa_de_partida,a_validar,MAR-DOC-000060,ok,2025-10,nao_se_aplica,nao_se_aplica,0.97,nenhuma,sim,hipotese
marista_dom_silverio,bolsa_social_2026,MAR-SYN-0008,comprovante_renda_faltante,MAR-SYN-0008-M2,responsavel,38,mei,moradia,declaracao_imovel_cedido,moradia_cedida,a_validar,MAR-DOC-000061,ok,2025-10,1350.00,1350.00,0.97,nenhuma,sim,hipotese
marista_dom_silverio,bolsa_social_2026,MAR-SYN-0008,comprovante_renda_faltante,MAR-SYN-0008-M2,responsavel,38,mei,renda,dasn_simei,comprovacao_de_renda_detalhada_no_anexo,a_validar,ausente,faltante,2025-08|2025-09|2025-10,2546.00,nao_extraido,0.00,solicitar_documento_faltante,sim,parcial
marista_dom_silverio,bolsa_social_2026,MAR-SYN-0008,comprovante_renda_faltante,MAR-SYN-0008-M2,responsavel,38,mei,tributario,irpf_ou_comprovacao_de_nao_declaracao,indicado_na_pesquisa_de_partida,a_validar,MAR-DOC-000063,ok,ultimo_exercicio,nao_se_aplica,nao_se_aplica,0.97,nenhuma,sim,hipotese
marista_dom_silverio,bolsa_social_2026,MAR-SYN-0008,comprovante_renda_faltante,MAR-SYN-0008-M2,responsavel,38,mei,cadastro_social,folha_resumo_cadunico,criterio_oficial_documento_exato_a_validar,preferencial,MAR-DOC-000064,ok,atual,nao_se_aplica,nao_se_aplica,0.97,nenhuma,sim,parcial
marista_dom_silverio,bolsa_social_2026,MAR-SYN-0009,residencia_ilegivel,MAR-SYN-0009-M1,candidato,15,estudante,inscricao,formulario_avaliacao_socioeconomica,todo_candidato,obrigatorio,MAR-DOC-000065,ok,2026,nao_se_aplica,nao_se_aplica,0.97,nenhuma,nao,confirmado
marista_dom_silverio,bolsa_social_2026,MAR-SYN-0009,residencia_ilegivel,MAR-SYN-0009-M1,candidato,15,estudante,identificacao,certidao_ou_rg_candidato,documentos_do_candidato_detalhados_no_anexo,a_validar,MAR-DOC-000066,ok,atual,nao_se_aplica,nao_se_aplica,0.97,nenhuma,sim,parcial
marista_dom_silverio,bolsa_social_2026,MAR-SYN-0009,residencia_ilegivel,MAR-SYN-0009-M2,responsavel,39,aposentado,identificacao,rg_cpf_adulto,documentos_do_grupo_detalhados_no_anexo,a_validar,MAR-DOC-000067,ok,atual,nao_se_aplica,nao_se_aplica,0.97,nenhuma,sim,parcial
marista_dom_silverio,bolsa_social_2026,MAR-SYN-0009,residencia_ilegivel,MAR-SYN-0009-M2,responsavel,39,aposentado,residencia,comprovante_endereco,indicado_na_pesquisa_de_partida,a_validar,MAR-DOC-000068,ilegivel,2025-10,nao_se_aplica,nao_se_aplica,0.28,solicitar_arquivo_legivel,sim,hipotese
marista_dom_silverio,bolsa_social_2026,MAR-SYN-0009,residencia_ilegivel,MAR-SYN-0009-M2,responsavel,39,aposentado,moradia,iptu_ou_irpf,moradia_propria,a_validar,MAR-DOC-000069,ok,2025-10,1350.00,1350.00,0.97,nenhuma,sim,hipotese
marista_dom_silverio,bolsa_social_2026,MAR-SYN-0009,residencia_ilegivel,MAR-SYN-0009-M2,responsavel,39,aposentado,renda,extrato_beneficio_previdenciario,comprovacao_de_renda_detalhada_no_anexo,a_validar,MAR-DOC-000070,ok,2025-08|2025-09|2025-10,2683.00,2683.00,0.97,nenhuma,sim,parcial
marista_dom_silverio,bolsa_social_2026,MAR-SYN-0009,residencia_ilegivel,MAR-SYN-0009-M2,responsavel,39,aposentado,tributario,irpf_ou_comprovacao_de_nao_declaracao,indicado_na_pesquisa_de_partida,a_validar,MAR-DOC-000071,ok,ultimo_exercicio,nao_se_aplica,nao_se_aplica,0.97,nenhuma,sim,hipotese
marista_dom_silverio,bolsa_social_2026,MAR-SYN-0009,residencia_ilegivel,MAR-SYN-0009-M2,responsavel,39,aposentado,cadastro_social,folha_resumo_cadunico,criterio_oficial_documento_exato_a_validar,preferencial,MAR-DOC-000072,ok,atual,nao_se_aplica,nao_se_aplica,0.97,nenhuma,sim,parcial
marista_dom_silverio,bolsa_social_2026,MAR-SYN-0010,periodo_de_renda_incompleto,MAR-SYN-0010-M1,candidato,16,estudante,inscricao,formulario_avaliacao_socioeconomica,todo_candidato,obrigatorio,MAR-DOC-000073,ok,2026,nao_se_aplica,nao_se_aplica,0.97,nenhuma,nao,confirmado
marista_dom_silverio,bolsa_social_2026,MAR-SYN-0010,periodo_de_renda_incompleto,MAR-SYN-0010-M1,candidato,16,estudante,identificacao,certidao_ou_rg_candidato,documentos_do_candidato_detalhados_no_anexo,a_validar,MAR-DOC-000074,ok,atual,nao_se_aplica,nao_se_aplica,0.97,nenhuma,sim,parcial
marista_dom_silverio,bolsa_social_2026,MAR-SYN-0010,periodo_de_renda_incompleto,MAR-SYN-0010-M2,responsavel,40,desempregado,identificacao,rg_cpf_adulto,documentos_do_grupo_detalhados_no_anexo,a_validar,MAR-DOC-000075,ok,atual,nao_se_aplica,nao_se_aplica,0.97,nenhuma,sim,parcial
marista_dom_silverio,bolsa_social_2026,MAR-SYN-0010,periodo_de_renda_incompleto,MAR-SYN-0010-M2,responsavel,40,desempregado,residencia,comprovante_endereco,indicado_na_pesquisa_de_partida,a_validar,MAR-DOC-000076,ok,2025-10,nao_se_aplica,nao_se_aplica,0.97,nenhuma,sim,hipotese
marista_dom_silverio,bolsa_social_2026,MAR-SYN-0010,periodo_de_renda_incompleto,MAR-SYN-0010-M2,responsavel,40,desempregado,moradia,contrato_e_recibo_aluguel,moradia_alugada,a_validar,MAR-DOC-000077,ok,2025-10,1350.00,1350.00,0.97,nenhuma,sim,hipotese
marista_dom_silverio,bolsa_social_2026,MAR-SYN-0010,periodo_de_renda_incompleto,MAR-SYN-0010-M2,responsavel,40,desempregado,renda,declaracao_sem_renda_e_cnis,comprovacao_de_renda_detalhada_no_anexo,a_validar,MAR-DOC-000078,periodo_incompleto,2025-08|2025-09|2025-10,2820.00,2820.00,0.89,solicitar_competencias_ausentes,sim,parcial
marista_dom_silverio,bolsa_social_2026,MAR-SYN-0010,periodo_de_renda_incompleto,MAR-SYN-0010-M2,responsavel,40,desempregado,tributario,irpf_ou_comprovacao_de_nao_declaracao,indicado_na_pesquisa_de_partida,a_validar,MAR-DOC-000079,ok,ultimo_exercicio,nao_se_aplica,nao_se_aplica,0.97,nenhuma,sim,hipotese
marista_dom_silverio,bolsa_social_2026,MAR-SYN-0010,periodo_de_renda_incompleto,MAR-SYN-0010-M2,responsavel,40,desempregado,cadastro_social,folha_resumo_cadunico,criterio_oficial_documento_exato_a_validar,preferencial,MAR-DOC-000080,ok,atual,nao_se_aplica,nao_se_aplica,0.97,nenhuma,sim,parcial
marista_dom_silverio,bolsa_social_2026,MAR-SYN-0011,renda_declarada_divergente,MAR-SYN-0011-M1,candidato,17,estudante,inscricao,formulario_avaliacao_socioeconomica,todo_candidato,obrigatorio,MAR-DOC-000081,ok,2026,nao_se_aplica,nao_se_aplica,0.97,nenhuma,nao,confirmado
marista_dom_silverio,bolsa_social_2026,MAR-SYN-0011,renda_declarada_divergente,MAR-SYN-0011-M1,candidato,17,estudante,identificacao,certidao_ou_rg_candidato,documentos_do_candidato_detalhados_no_anexo,a_validar,MAR-DOC-000082,ok,atual,nao_se_aplica,nao_se_aplica,0.97,nenhuma,sim,parcial
marista_dom_silverio,bolsa_social_2026,MAR-SYN-0011,renda_declarada_divergente,MAR-SYN-0011-M2,responsavel,41,assalariado,identificacao,rg_cpf_adulto,documentos_do_grupo_detalhados_no_anexo,a_validar,MAR-DOC-000083,ok,atual,nao_se_aplica,nao_se_aplica,0.97,nenhuma,sim,parcial
marista_dom_silverio,bolsa_social_2026,MAR-SYN-0011,renda_declarada_divergente,MAR-SYN-0011-M2,responsavel,41,assalariado,residencia,comprovante_endereco,indicado_na_pesquisa_de_partida,a_validar,MAR-DOC-000084,ok,2025-10,nao_se_aplica,nao_se_aplica,0.97,nenhuma,sim,hipotese
marista_dom_silverio,bolsa_social_2026,MAR-SYN-0011,renda_declarada_divergente,MAR-SYN-0011-M2,responsavel,41,assalariado,moradia,comprovante_financiamento,moradia_financiada,a_validar,MAR-DOC-000085,ok,2025-10,1350.00,1350.00,0.97,nenhuma,sim,hipotese
marista_dom_silverio,bolsa_social_2026,MAR-SYN-0011,renda_declarada_divergente,MAR-SYN-0011-M2,responsavel,41,assalariado,renda,contracheques,comprovacao_de_renda_detalhada_no_anexo,a_validar,MAR-DOC-000086,divergente,2025-08|2025-09|2025-10,2957.00,3607.00,0.93,comparar_declaracao_e_documento,sim,parcial
marista_dom_silverio,bolsa_social_2026,MAR-SYN-0011,renda_declarada_divergente,MAR-SYN-0011-M2,responsavel,41,assalariado,tributario,irpf_ou_comprovacao_de_nao_declaracao,indicado_na_pesquisa_de_partida,a_validar,MAR-DOC-000087,ok,ultimo_exercicio,nao_se_aplica,nao_se_aplica,0.97,nenhuma,sim,hipotese
marista_dom_silverio,bolsa_social_2026,MAR-SYN-0011,renda_declarada_divergente,MAR-SYN-0011-M2,responsavel,41,assalariado,cadastro_social,folha_resumo_cadunico,criterio_oficial_documento_exato_a_validar,preferencial,MAR-DOC-000088,ok,atual,nao_se_aplica,nao_se_aplica,0.97,nenhuma,sim,parcial
marista_dom_silverio,bolsa_social_2026,MAR-SYN-0012,cadunico_desatualizado,MAR-SYN-0012-M1,candidato,6,estudante,inscricao,formulario_avaliacao_socioeconomica,todo_candidato,obrigatorio,MAR-DOC-000089,ok,2026,nao_se_aplica,nao_se_aplica,0.97,nenhuma,nao,confirmado
marista_dom_silverio,bolsa_social_2026,MAR-SYN-0012,cadunico_desatualizado,MAR-SYN-0012-M1,candidato,6,estudante,identificacao,certidao_ou_rg_candidato,documentos_do_candidato_detalhados_no_anexo,a_validar,MAR-DOC-000090,ok,atual,nao_se_aplica,nao_se_aplica,0.97,nenhuma,sim,parcial
marista_dom_silverio,bolsa_social_2026,MAR-SYN-0012,cadunico_desatualizado,MAR-SYN-0012-M2,responsavel,42,trabalhador_informal,identificacao,rg_cpf_adulto,documentos_do_grupo_detalhados_no_anexo,a_validar,MAR-DOC-000091,ok,atual,nao_se_aplica,nao_se_aplica,0.97,nenhuma,sim,parcial
marista_dom_silverio,bolsa_social_2026,MAR-SYN-0012,cadunico_desatualizado,MAR-SYN-0012-M2,responsavel,42,trabalhador_informal,residencia,comprovante_endereco,indicado_na_pesquisa_de_partida,a_validar,MAR-DOC-000092,ok,2025-10,nao_se_aplica,nao_se_aplica,0.97,nenhuma,sim,hipotese
marista_dom_silverio,bolsa_social_2026,MAR-SYN-0012,cadunico_desatualizado,MAR-SYN-0012-M2,responsavel,42,trabalhador_informal,moradia,declaracao_imovel_cedido,moradia_cedida,a_validar,MAR-DOC-000093,ok,2025-10,1350.00,1350.00,0.97,nenhuma,sim,hipotese
marista_dom_silverio,bolsa_social_2026,MAR-SYN-0012,cadunico_desatualizado,MAR-SYN-0012-M2,responsavel,42,trabalhador_informal,renda,declaracao_atividade_remunerada,comprovacao_de_renda_detalhada_no_anexo,a_validar,MAR-DOC-000094,ok,2025-08|2025-09|2025-10,3094.00,3094.00,0.97,nenhuma,sim,parcial
marista_dom_silverio,bolsa_social_2026,MAR-SYN-0012,cadunico_desatualizado,MAR-SYN-0012-M2,responsavel,42,trabalhador_informal,tributario,irpf_ou_comprovacao_de_nao_declaracao,indicado_na_pesquisa_de_partida,a_validar,MAR-DOC-000095,ok,ultimo_exercicio,nao_se_aplica,nao_se_aplica,0.97,nenhuma,sim,hipotese
marista_dom_silverio,bolsa_social_2026,MAR-SYN-0012,cadunico_desatualizado,MAR-SYN-0012-M2,responsavel,42,trabalhador_informal,cadastro_social,folha_resumo_cadunico,criterio_oficial_documento_exato_a_validar,preferencial,MAR-DOC-000096,desatualizado,atual,nao_se_aplica,nao_se_aplica,0.95,solicitar_documento_atualizado,sim,parcial
marista_dom_silverio,bolsa_social_2026,MAR-SYN-0013,dossie_presente,MAR-SYN-0013-M1,candidato,7,estudante,inscricao,formulario_avaliacao_socioeconomica,todo_candidato,obrigatorio,MAR-DOC-000097,ok,2026,nao_se_aplica,nao_se_aplica,0.97,nenhuma,nao,confirmado
marista_dom_silverio,bolsa_social_2026,MAR-SYN-0013,dossie_presente,MAR-SYN-0013-M1,candidato,7,estudante,identificacao,certidao_ou_rg_candidato,documentos_do_candidato_detalhados_no_anexo,a_validar,MAR-DOC-000098,ok,atual,nao_se_aplica,nao_se_aplica,0.97,nenhuma,sim,parcial
marista_dom_silverio,bolsa_social_2026,MAR-SYN-0013,dossie_presente,MAR-SYN-0013-M2,responsavel,43,mei,identificacao,rg_cpf_adulto,documentos_do_grupo_detalhados_no_anexo,a_validar,MAR-DOC-000099,ok,atual,nao_se_aplica,nao_se_aplica,0.97,nenhuma,sim,parcial
marista_dom_silverio,bolsa_social_2026,MAR-SYN-0013,dossie_presente,MAR-SYN-0013-M2,responsavel,43,mei,residencia,comprovante_endereco,indicado_na_pesquisa_de_partida,a_validar,MAR-DOC-000100,ok,2025-10,nao_se_aplica,nao_se_aplica,0.97,nenhuma,sim,hipotese
marista_dom_silverio,bolsa_social_2026,MAR-SYN-0013,dossie_presente,MAR-SYN-0013-M2,responsavel,43,mei,moradia,iptu_ou_irpf,moradia_propria,a_validar,MAR-DOC-000101,ok,2025-10,1350.00,1350.00,0.97,nenhuma,sim,hipotese
marista_dom_silverio,bolsa_social_2026,MAR-SYN-0013,dossie_presente,MAR-SYN-0013-M2,responsavel,43,mei,renda,dasn_simei,comprovacao_de_renda_detalhada_no_anexo,a_validar,MAR-DOC-000102,ok,2025-08|2025-09|2025-10,3231.00,3231.00,0.97,nenhuma,sim,parcial
marista_dom_silverio,bolsa_social_2026,MAR-SYN-0013,dossie_presente,MAR-SYN-0013-M2,responsavel,43,mei,tributario,irpf_ou_comprovacao_de_nao_declaracao,indicado_na_pesquisa_de_partida,a_validar,MAR-DOC-000103,ok,ultimo_exercicio,nao_se_aplica,nao_se_aplica,0.97,nenhuma,sim,hipotese
marista_dom_silverio,bolsa_social_2026,MAR-SYN-0013,dossie_presente,MAR-SYN-0013-M2,responsavel,43,mei,cadastro_social,folha_resumo_cadunico,criterio_oficial_documento_exato_a_validar,preferencial,MAR-DOC-000104,ok,atual,nao_se_aplica,nao_se_aplica,0.97,nenhuma,sim,parcial
marista_dom_silverio,bolsa_social_2026,MAR-SYN-0014,comprovante_renda_faltante,MAR-SYN-0014-M1,candidato,8,estudante,inscricao,formulario_avaliacao_socioeconomica,todo_candidato,obrigatorio,MAR-DOC-000105,ok,2026,nao_se_aplica,nao_se_aplica,0.97,nenhuma,nao,confirmado
marista_dom_silverio,bolsa_social_2026,MAR-SYN-0014,comprovante_renda_faltante,MAR-SYN-0014-M1,candidato,8,estudante,identificacao,certidao_ou_rg_candidato,documentos_do_candidato_detalhados_no_anexo,a_validar,MAR-DOC-000106,ok,atual,nao_se_aplica,nao_se_aplica,0.97,nenhuma,sim,parcial
marista_dom_silverio,bolsa_social_2026,MAR-SYN-0014,comprovante_renda_faltante,MAR-SYN-0014-M2,responsavel,44,aposentado,identificacao,rg_cpf_adulto,documentos_do_grupo_detalhados_no_anexo,a_validar,MAR-DOC-000107,ok,atual,nao_se_aplica,nao_se_aplica,0.97,nenhuma,sim,parcial
marista_dom_silverio,bolsa_social_2026,MAR-SYN-0014,comprovante_renda_faltante,MAR-SYN-0014-M2,responsavel,44,aposentado,residencia,comprovante_endereco,indicado_na_pesquisa_de_partida,a_validar,MAR-DOC-000108,ok,2025-10,nao_se_aplica,nao_se_aplica,0.97,nenhuma,sim,hipotese
marista_dom_silverio,bolsa_social_2026,MAR-SYN-0014,comprovante_renda_faltante,MAR-SYN-0014-M2,responsavel,44,aposentado,moradia,contrato_e_recibo_aluguel,moradia_alugada,a_validar,MAR-DOC-000109,ok,2025-10,1350.00,1350.00,0.97,nenhuma,sim,hipotese
marista_dom_silverio,bolsa_social_2026,MAR-SYN-0014,comprovante_renda_faltante,MAR-SYN-0014-M2,responsavel,44,aposentado,renda,extrato_beneficio_previdenciario,comprovacao_de_renda_detalhada_no_anexo,a_validar,ausente,faltante,2025-08|2025-09|2025-10,3368.00,nao_extraido,0.00,solicitar_documento_faltante,sim,parcial
marista_dom_silverio,bolsa_social_2026,MAR-SYN-0014,comprovante_renda_faltante,MAR-SYN-0014-M2,responsavel,44,aposentado,tributario,irpf_ou_comprovacao_de_nao_declaracao,indicado_na_pesquisa_de_partida,a_validar,MAR-DOC-000111,ok,ultimo_exercicio,nao_se_aplica,nao_se_aplica,0.97,nenhuma,sim,hipotese
marista_dom_silverio,bolsa_social_2026,MAR-SYN-0014,comprovante_renda_faltante,MAR-SYN-0014-M2,responsavel,44,aposentado,cadastro_social,folha_resumo_cadunico,criterio_oficial_documento_exato_a_validar,preferencial,MAR-DOC-000112,ok,atual,nao_se_aplica,nao_se_aplica,0.97,nenhuma,sim,parcial
marista_dom_silverio,bolsa_social_2026,MAR-SYN-0015,residencia_ilegivel,MAR-SYN-0015-M1,candidato,9,estudante,inscricao,formulario_avaliacao_socioeconomica,todo_candidato,obrigatorio,MAR-DOC-000113,ok,2026,nao_se_aplica,nao_se_aplica,0.97,nenhuma,nao,confirmado
marista_dom_silverio,bolsa_social_2026,MAR-SYN-0015,residencia_ilegivel,MAR-SYN-0015-M1,candidato,9,estudante,identificacao,certidao_ou_rg_candidato,documentos_do_candidato_detalhados_no_anexo,a_validar,MAR-DOC-000114,ok,atual,nao_se_aplica,nao_se_aplica,0.97,nenhuma,sim,parcial
marista_dom_silverio,bolsa_social_2026,MAR-SYN-0015,residencia_ilegivel,MAR-SYN-0015-M2,responsavel,45,desempregado,identificacao,rg_cpf_adulto,documentos_do_grupo_detalhados_no_anexo,a_validar,MAR-DOC-000115,ok,atual,nao_se_aplica,nao_se_aplica,0.97,nenhuma,sim,parcial
marista_dom_silverio,bolsa_social_2026,MAR-SYN-0015,residencia_ilegivel,MAR-SYN-0015-M2,responsavel,45,desempregado,residencia,comprovante_endereco,indicado_na_pesquisa_de_partida,a_validar,MAR-DOC-000116,ilegivel,2025-10,nao_se_aplica,nao_se_aplica,0.28,solicitar_arquivo_legivel,sim,hipotese
marista_dom_silverio,bolsa_social_2026,MAR-SYN-0015,residencia_ilegivel,MAR-SYN-0015-M2,responsavel,45,desempregado,moradia,comprovante_financiamento,moradia_financiada,a_validar,MAR-DOC-000117,ok,2025-10,1350.00,1350.00,0.97,nenhuma,sim,hipotese
marista_dom_silverio,bolsa_social_2026,MAR-SYN-0015,residencia_ilegivel,MAR-SYN-0015-M2,responsavel,45,desempregado,renda,declaracao_sem_renda_e_cnis,comprovacao_de_renda_detalhada_no_anexo,a_validar,MAR-DOC-000118,ok,2025-08|2025-09|2025-10,3505.00,3505.00,0.97,nenhuma,sim,parcial
marista_dom_silverio,bolsa_social_2026,MAR-SYN-0015,residencia_ilegivel,MAR-SYN-0015-M2,responsavel,45,desempregado,tributario,irpf_ou_comprovacao_de_nao_declaracao,indicado_na_pesquisa_de_partida,a_validar,MAR-DOC-000119,ok,ultimo_exercicio,nao_se_aplica,nao_se_aplica,0.97,nenhuma,sim,hipotese
marista_dom_silverio,bolsa_social_2026,MAR-SYN-0015,residencia_ilegivel,MAR-SYN-0015-M2,responsavel,45,desempregado,cadastro_social,folha_resumo_cadunico,criterio_oficial_documento_exato_a_validar,preferencial,MAR-DOC-000120,ok,atual,nao_se_aplica,nao_se_aplica,0.97,nenhuma,sim,parcial
marista_dom_silverio,bolsa_social_2026,MAR-SYN-0016,periodo_de_renda_incompleto,MAR-SYN-0016-M1,candidato,10,estudante,inscricao,formulario_avaliacao_socioeconomica,todo_candidato,obrigatorio,MAR-DOC-000121,ok,2026,nao_se_aplica,nao_se_aplica,0.97,nenhuma,nao,confirmado
marista_dom_silverio,bolsa_social_2026,MAR-SYN-0016,periodo_de_renda_incompleto,MAR-SYN-0016-M1,candidato,10,estudante,identificacao,certidao_ou_rg_candidato,documentos_do_candidato_detalhados_no_anexo,a_validar,MAR-DOC-000122,ok,atual,nao_se_aplica,nao_se_aplica,0.97,nenhuma,sim,parcial
marista_dom_silverio,bolsa_social_2026,MAR-SYN-0016,periodo_de_renda_incompleto,MAR-SYN-0016-M2,responsavel,46,assalariado,identificacao,rg_cpf_adulto,documentos_do_grupo_detalhados_no_anexo,a_validar,MAR-DOC-000123,ok,atual,nao_se_aplica,nao_se_aplica,0.97,nenhuma,sim,parcial
marista_dom_silverio,bolsa_social_2026,MAR-SYN-0016,periodo_de_renda_incompleto,MAR-SYN-0016-M2,responsavel,46,assalariado,residencia,comprovante_endereco,indicado_na_pesquisa_de_partida,a_validar,MAR-DOC-000124,ok,2025-10,nao_se_aplica,nao_se_aplica,0.97,nenhuma,sim,hipotese
marista_dom_silverio,bolsa_social_2026,MAR-SYN-0016,periodo_de_renda_incompleto,MAR-SYN-0016-M2,responsavel,46,assalariado,moradia,declaracao_imovel_cedido,moradia_cedida,a_validar,MAR-DOC-000125,ok,2025-10,1350.00,1350.00,0.97,nenhuma,sim,hipotese
marista_dom_silverio,bolsa_social_2026,MAR-SYN-0016,periodo_de_renda_incompleto,MAR-SYN-0016-M2,responsavel,46,assalariado,renda,contracheques,comprovacao_de_renda_detalhada_no_anexo,a_validar,MAR-DOC-000126,periodo_incompleto,2025-08|2025-09|2025-10,3642.00,3642.00,0.89,solicitar_competencias_ausentes,sim,parcial
marista_dom_silverio,bolsa_social_2026,MAR-SYN-0016,periodo_de_renda_incompleto,MAR-SYN-0016-M2,responsavel,46,assalariado,tributario,irpf_ou_comprovacao_de_nao_declaracao,indicado_na_pesquisa_de_partida,a_validar,MAR-DOC-000127,ok,ultimo_exercicio,nao_se_aplica,nao_se_aplica,0.97,nenhuma,sim,hipotese
marista_dom_silverio,bolsa_social_2026,MAR-SYN-0016,periodo_de_renda_incompleto,MAR-SYN-0016-M2,responsavel,46,assalariado,cadastro_social,folha_resumo_cadunico,criterio_oficial_documento_exato_a_validar,preferencial,MAR-DOC-000128,ok,atual,nao_se_aplica,nao_se_aplica,0.97,nenhuma,sim,parcial
marista_dom_silverio,bolsa_social_2026,MAR-SYN-0017,renda_declarada_divergente,MAR-SYN-0017-M1,candidato,11,estudante,inscricao,formulario_avaliacao_socioeconomica,todo_candidato,obrigatorio,MAR-DOC-000129,ok,2026,nao_se_aplica,nao_se_aplica,0.97,nenhuma,nao,confirmado
marista_dom_silverio,bolsa_social_2026,MAR-SYN-0017,renda_declarada_divergente,MAR-SYN-0017-M1,candidato,11,estudante,identificacao,certidao_ou_rg_candidato,documentos_do_candidato_detalhados_no_anexo,a_validar,MAR-DOC-000130,ok,atual,nao_se_aplica,nao_se_aplica,0.97,nenhuma,sim,parcial
marista_dom_silverio,bolsa_social_2026,MAR-SYN-0017,renda_declarada_divergente,MAR-SYN-0017-M2,responsavel,47,trabalhador_informal,identificacao,rg_cpf_adulto,documentos_do_grupo_detalhados_no_anexo,a_validar,MAR-DOC-000131,ok,atual,nao_se_aplica,nao_se_aplica,0.97,nenhuma,sim,parcial
marista_dom_silverio,bolsa_social_2026,MAR-SYN-0017,renda_declarada_divergente,MAR-SYN-0017-M2,responsavel,47,trabalhador_informal,residencia,comprovante_endereco,indicado_na_pesquisa_de_partida,a_validar,MAR-DOC-000132,ok,2025-10,nao_se_aplica,nao_se_aplica,0.97,nenhuma,sim,hipotese
marista_dom_silverio,bolsa_social_2026,MAR-SYN-0017,renda_declarada_divergente,MAR-SYN-0017-M2,responsavel,47,trabalhador_informal,moradia,iptu_ou_irpf,moradia_propria,a_validar,MAR-DOC-000133,ok,2025-10,1350.00,1350.00,0.97,nenhuma,sim,hipotese
marista_dom_silverio,bolsa_social_2026,MAR-SYN-0017,renda_declarada_divergente,MAR-SYN-0017-M2,responsavel,47,trabalhador_informal,renda,declaracao_atividade_remunerada,comprovacao_de_renda_detalhada_no_anexo,a_validar,MAR-DOC-000134,divergente,2025-08|2025-09|2025-10,3779.00,4429.00,0.93,comparar_declaracao_e_documento,sim,parcial
marista_dom_silverio,bolsa_social_2026,MAR-SYN-0017,renda_declarada_divergente,MAR-SYN-0017-M2,responsavel,47,trabalhador_informal,tributario,irpf_ou_comprovacao_de_nao_declaracao,indicado_na_pesquisa_de_partida,a_validar,MAR-DOC-000135,ok,ultimo_exercicio,nao_se_aplica,nao_se_aplica,0.97,nenhuma,sim,hipotese
marista_dom_silverio,bolsa_social_2026,MAR-SYN-0017,renda_declarada_divergente,MAR-SYN-0017-M2,responsavel,47,trabalhador_informal,cadastro_social,folha_resumo_cadunico,criterio_oficial_documento_exato_a_validar,preferencial,MAR-DOC-000136,ok,atual,nao_se_aplica,nao_se_aplica,0.97,nenhuma,sim,parcial
marista_dom_silverio,bolsa_social_2026,MAR-SYN-0018,cadunico_desatualizado,MAR-SYN-0018-M1,candidato,12,estudante,inscricao,formulario_avaliacao_socioeconomica,todo_candidato,obrigatorio,MAR-DOC-000137,ok,2026,nao_se_aplica,nao_se_aplica,0.97,nenhuma,nao,confirmado
marista_dom_silverio,bolsa_social_2026,MAR-SYN-0018,cadunico_desatualizado,MAR-SYN-0018-M1,candidato,12,estudante,identificacao,certidao_ou_rg_candidato,documentos_do_candidato_detalhados_no_anexo,a_validar,MAR-DOC-000138,ok,atual,nao_se_aplica,nao_se_aplica,0.97,nenhuma,sim,parcial
marista_dom_silverio,bolsa_social_2026,MAR-SYN-0018,cadunico_desatualizado,MAR-SYN-0018-M2,responsavel,48,mei,identificacao,rg_cpf_adulto,documentos_do_grupo_detalhados_no_anexo,a_validar,MAR-DOC-000139,ok,atual,nao_se_aplica,nao_se_aplica,0.97,nenhuma,sim,parcial
marista_dom_silverio,bolsa_social_2026,MAR-SYN-0018,cadunico_desatualizado,MAR-SYN-0018-M2,responsavel,48,mei,residencia,comprovante_endereco,indicado_na_pesquisa_de_partida,a_validar,MAR-DOC-000140,ok,2025-10,nao_se_aplica,nao_se_aplica,0.97,nenhuma,sim,hipotese
marista_dom_silverio,bolsa_social_2026,MAR-SYN-0018,cadunico_desatualizado,MAR-SYN-0018-M2,responsavel,48,mei,moradia,contrato_e_recibo_aluguel,moradia_alugada,a_validar,MAR-DOC-000141,ok,2025-10,1350.00,1350.00,0.97,nenhuma,sim,hipotese
marista_dom_silverio,bolsa_social_2026,MAR-SYN-0018,cadunico_desatualizado,MAR-SYN-0018-M2,responsavel,48,mei,renda,dasn_simei,comprovacao_de_renda_detalhada_no_anexo,a_validar,MAR-DOC-000142,ok,2025-08|2025-09|2025-10,3916.00,3916.00,0.97,nenhuma,sim,parcial
marista_dom_silverio,bolsa_social_2026,MAR-SYN-0018,cadunico_desatualizado,MAR-SYN-0018-M2,responsavel,48,mei,tributario,irpf_ou_comprovacao_de_nao_declaracao,indicado_na_pesquisa_de_partida,a_validar,MAR-DOC-000143,ok,ultimo_exercicio,nao_se_aplica,nao_se_aplica,0.97,nenhuma,sim,hipotese
marista_dom_silverio,bolsa_social_2026,MAR-SYN-0018,cadunico_desatualizado,MAR-SYN-0018-M2,responsavel,48,mei,cadastro_social,folha_resumo_cadunico,criterio_oficial_documento_exato_a_validar,preferencial,MAR-DOC-000144,desatualizado,atual,nao_se_aplica,nao_se_aplica,0.95,solicitar_documento_atualizado,sim,parcial
marista_dom_silverio,bolsa_social_2026,MAR-SYN-0019,dossie_presente,MAR-SYN-0019-M1,candidato,13,estudante,inscricao,formulario_avaliacao_socioeconomica,todo_candidato,obrigatorio,MAR-DOC-000145,ok,2026,nao_se_aplica,nao_se_aplica,0.97,nenhuma,nao,confirmado
marista_dom_silverio,bolsa_social_2026,MAR-SYN-0019,dossie_presente,MAR-SYN-0019-M1,candidato,13,estudante,identificacao,certidao_ou_rg_candidato,documentos_do_candidato_detalhados_no_anexo,a_validar,MAR-DOC-000146,ok,atual,nao_se_aplica,nao_se_aplica,0.97,nenhuma,sim,parcial
marista_dom_silverio,bolsa_social_2026,MAR-SYN-0019,dossie_presente,MAR-SYN-0019-M2,responsavel,49,aposentado,identificacao,rg_cpf_adulto,documentos_do_grupo_detalhados_no_anexo,a_validar,MAR-DOC-000147,ok,atual,nao_se_aplica,nao_se_aplica,0.97,nenhuma,sim,parcial
marista_dom_silverio,bolsa_social_2026,MAR-SYN-0019,dossie_presente,MAR-SYN-0019-M2,responsavel,49,aposentado,residencia,comprovante_endereco,indicado_na_pesquisa_de_partida,a_validar,MAR-DOC-000148,ok,2025-10,nao_se_aplica,nao_se_aplica,0.97,nenhuma,sim,hipotese
marista_dom_silverio,bolsa_social_2026,MAR-SYN-0019,dossie_presente,MAR-SYN-0019-M2,responsavel,49,aposentado,moradia,comprovante_financiamento,moradia_financiada,a_validar,MAR-DOC-000149,ok,2025-10,1350.00,1350.00,0.97,nenhuma,sim,hipotese
marista_dom_silverio,bolsa_social_2026,MAR-SYN-0019,dossie_presente,MAR-SYN-0019-M2,responsavel,49,aposentado,renda,extrato_beneficio_previdenciario,comprovacao_de_renda_detalhada_no_anexo,a_validar,MAR-DOC-000150,ok,2025-08|2025-09|2025-10,4053.00,4053.00,0.97,nenhuma,sim,parcial
marista_dom_silverio,bolsa_social_2026,MAR-SYN-0019,dossie_presente,MAR-SYN-0019-M2,responsavel,49,aposentado,tributario,irpf_ou_comprovacao_de_nao_declaracao,indicado_na_pesquisa_de_partida,a_validar,MAR-DOC-000151,ok,ultimo_exercicio,nao_se_aplica,nao_se_aplica,0.97,nenhuma,sim,hipotese
marista_dom_silverio,bolsa_social_2026,MAR-SYN-0019,dossie_presente,MAR-SYN-0019-M2,responsavel,49,aposentado,cadastro_social,folha_resumo_cadunico,criterio_oficial_documento_exato_a_validar,preferencial,MAR-DOC-000152,ok,atual,nao_se_aplica,nao_se_aplica,0.97,nenhuma,sim,parcial
marista_dom_silverio,bolsa_social_2026,MAR-SYN-0020,comprovante_renda_faltante,MAR-SYN-0020-M1,candidato,14,estudante,inscricao,formulario_avaliacao_socioeconomica,todo_candidato,obrigatorio,MAR-DOC-000153,ok,2026,nao_se_aplica,nao_se_aplica,0.97,nenhuma,nao,confirmado
marista_dom_silverio,bolsa_social_2026,MAR-SYN-0020,comprovante_renda_faltante,MAR-SYN-0020-M1,candidato,14,estudante,identificacao,certidao_ou_rg_candidato,documentos_do_candidato_detalhados_no_anexo,a_validar,MAR-DOC-000154,ok,atual,nao_se_aplica,nao_se_aplica,0.97,nenhuma,sim,parcial
marista_dom_silverio,bolsa_social_2026,MAR-SYN-0020,comprovante_renda_faltante,MAR-SYN-0020-M2,responsavel,50,desempregado,identificacao,rg_cpf_adulto,documentos_do_grupo_detalhados_no_anexo,a_validar,MAR-DOC-000155,ok,atual,nao_se_aplica,nao_se_aplica,0.97,nenhuma,sim,parcial
marista_dom_silverio,bolsa_social_2026,MAR-SYN-0020,comprovante_renda_faltante,MAR-SYN-0020-M2,responsavel,50,desempregado,residencia,comprovante_endereco,indicado_na_pesquisa_de_partida,a_validar,MAR-DOC-000156,ok,2025-10,nao_se_aplica,nao_se_aplica,0.97,nenhuma,sim,hipotese
marista_dom_silverio,bolsa_social_2026,MAR-SYN-0020,comprovante_renda_faltante,MAR-SYN-0020-M2,responsavel,50,desempregado,moradia,declaracao_imovel_cedido,moradia_cedida,a_validar,MAR-DOC-000157,ok,2025-10,1350.00,1350.00,0.97,nenhuma,sim,hipotese
marista_dom_silverio,bolsa_social_2026,MAR-SYN-0020,comprovante_renda_faltante,MAR-SYN-0020-M2,responsavel,50,desempregado,renda,declaracao_sem_renda_e_cnis,comprovacao_de_renda_detalhada_no_anexo,a_validar,ausente,faltante,2025-08|2025-09|2025-10,4190.00,nao_extraido,0.00,solicitar_documento_faltante,sim,parcial
marista_dom_silverio,bolsa_social_2026,MAR-SYN-0020,comprovante_renda_faltante,MAR-SYN-0020-M2,responsavel,50,desempregado,tributario,irpf_ou_comprovacao_de_nao_declaracao,indicado_na_pesquisa_de_partida,a_validar,MAR-DOC-000159,ok,ultimo_exercicio,nao_se_aplica,nao_se_aplica,0.97,nenhuma,sim,hipotese
marista_dom_silverio,bolsa_social_2026,MAR-SYN-0020,comprovante_renda_faltante,MAR-SYN-0020-M2,responsavel,50,desempregado,cadastro_social,folha_resumo_cadunico,criterio_oficial_documento_exato_a_validar,preferencial,MAR-DOC-000160,ok,atual,nao_se_aplica,nao_se_aplica,0.97,nenhuma,sim,parcial
marista_dom_silverio,bolsa_social_2026,MAR-SYN-0021,residencia_ilegivel,MAR-SYN-0021-M1,candidato,15,estudante,inscricao,formulario_avaliacao_socioeconomica,todo_candidato,obrigatorio,MAR-DOC-000161,ok,2026,nao_se_aplica,nao_se_aplica,0.97,nenhuma,nao,confirmado
marista_dom_silverio,bolsa_social_2026,MAR-SYN-0021,residencia_ilegivel,MAR-SYN-0021-M1,candidato,15,estudante,identificacao,certidao_ou_rg_candidato,documentos_do_candidato_detalhados_no_anexo,a_validar,MAR-DOC-000162,ok,atual,nao_se_aplica,nao_se_aplica,0.97,nenhuma,sim,parcial
marista_dom_silverio,bolsa_social_2026,MAR-SYN-0021,residencia_ilegivel,MAR-SYN-0021-M2,responsavel,51,assalariado,identificacao,rg_cpf_adulto,documentos_do_grupo_detalhados_no_anexo,a_validar,MAR-DOC-000163,ok,atual,nao_se_aplica,nao_se_aplica,0.97,nenhuma,sim,parcial
marista_dom_silverio,bolsa_social_2026,MAR-SYN-0021,residencia_ilegivel,MAR-SYN-0021-M2,responsavel,51,assalariado,residencia,comprovante_endereco,indicado_na_pesquisa_de_partida,a_validar,MAR-DOC-000164,ilegivel,2025-10,nao_se_aplica,nao_se_aplica,0.28,solicitar_arquivo_legivel,sim,hipotese
marista_dom_silverio,bolsa_social_2026,MAR-SYN-0021,residencia_ilegivel,MAR-SYN-0021-M2,responsavel,51,assalariado,moradia,iptu_ou_irpf,moradia_propria,a_validar,MAR-DOC-000165,ok,2025-10,1350.00,1350.00,0.97,nenhuma,sim,hipotese
marista_dom_silverio,bolsa_social_2026,MAR-SYN-0021,residencia_ilegivel,MAR-SYN-0021-M2,responsavel,51,assalariado,renda,contracheques,comprovacao_de_renda_detalhada_no_anexo,a_validar,MAR-DOC-000166,ok,2025-08|2025-09|2025-10,4327.00,4327.00,0.97,nenhuma,sim,parcial
marista_dom_silverio,bolsa_social_2026,MAR-SYN-0021,residencia_ilegivel,MAR-SYN-0021-M2,responsavel,51,assalariado,tributario,irpf_ou_comprovacao_de_nao_declaracao,indicado_na_pesquisa_de_partida,a_validar,MAR-DOC-000167,ok,ultimo_exercicio,nao_se_aplica,nao_se_aplica,0.97,nenhuma,sim,hipotese
marista_dom_silverio,bolsa_social_2026,MAR-SYN-0021,residencia_ilegivel,MAR-SYN-0021-M2,responsavel,51,assalariado,cadastro_social,folha_resumo_cadunico,criterio_oficial_documento_exato_a_validar,preferencial,MAR-DOC-000168,ok,atual,nao_se_aplica,nao_se_aplica,0.97,nenhuma,sim,parcial
marista_dom_silverio,bolsa_social_2026,MAR-SYN-0022,periodo_de_renda_incompleto,MAR-SYN-0022-M1,candidato,16,estudante,inscricao,formulario_avaliacao_socioeconomica,todo_candidato,obrigatorio,MAR-DOC-000169,ok,2026,nao_se_aplica,nao_se_aplica,0.97,nenhuma,nao,confirmado
marista_dom_silverio,bolsa_social_2026,MAR-SYN-0022,periodo_de_renda_incompleto,MAR-SYN-0022-M1,candidato,16,estudante,identificacao,certidao_ou_rg_candidato,documentos_do_candidato_detalhados_no_anexo,a_validar,MAR-DOC-000170,ok,atual,nao_se_aplica,nao_se_aplica,0.97,nenhuma,sim,parcial
marista_dom_silverio,bolsa_social_2026,MAR-SYN-0022,periodo_de_renda_incompleto,MAR-SYN-0022-M2,responsavel,52,trabalhador_informal,identificacao,rg_cpf_adulto,documentos_do_grupo_detalhados_no_anexo,a_validar,MAR-DOC-000171,ok,atual,nao_se_aplica,nao_se_aplica,0.97,nenhuma,sim,parcial
marista_dom_silverio,bolsa_social_2026,MAR-SYN-0022,periodo_de_renda_incompleto,MAR-SYN-0022-M2,responsavel,52,trabalhador_informal,residencia,comprovante_endereco,indicado_na_pesquisa_de_partida,a_validar,MAR-DOC-000172,ok,2025-10,nao_se_aplica,nao_se_aplica,0.97,nenhuma,sim,hipotese
marista_dom_silverio,bolsa_social_2026,MAR-SYN-0022,periodo_de_renda_incompleto,MAR-SYN-0022-M2,responsavel,52,trabalhador_informal,moradia,contrato_e_recibo_aluguel,moradia_alugada,a_validar,MAR-DOC-000173,ok,2025-10,1350.00,1350.00,0.97,nenhuma,sim,hipotese
marista_dom_silverio,bolsa_social_2026,MAR-SYN-0022,periodo_de_renda_incompleto,MAR-SYN-0022-M2,responsavel,52,trabalhador_informal,renda,declaracao_atividade_remunerada,comprovacao_de_renda_detalhada_no_anexo,a_validar,MAR-DOC-000174,periodo_incompleto,2025-08|2025-09|2025-10,4464.00,4464.00,0.89,solicitar_competencias_ausentes,sim,parcial
marista_dom_silverio,bolsa_social_2026,MAR-SYN-0022,periodo_de_renda_incompleto,MAR-SYN-0022-M2,responsavel,52,trabalhador_informal,tributario,irpf_ou_comprovacao_de_nao_declaracao,indicado_na_pesquisa_de_partida,a_validar,MAR-DOC-000175,ok,ultimo_exercicio,nao_se_aplica,nao_se_aplica,0.97,nenhuma,sim,hipotese
marista_dom_silverio,bolsa_social_2026,MAR-SYN-0022,periodo_de_renda_incompleto,MAR-SYN-0022-M2,responsavel,52,trabalhador_informal,cadastro_social,folha_resumo_cadunico,criterio_oficial_documento_exato_a_validar,preferencial,MAR-DOC-000176,ok,atual,nao_se_aplica,nao_se_aplica,0.97,nenhuma,sim,parcial
marista_dom_silverio,bolsa_social_2026,MAR-SYN-0023,renda_declarada_divergente,MAR-SYN-0023-M1,candidato,17,estudante,inscricao,formulario_avaliacao_socioeconomica,todo_candidato,obrigatorio,MAR-DOC-000177,ok,2026,nao_se_aplica,nao_se_aplica,0.97,nenhuma,nao,confirmado
marista_dom_silverio,bolsa_social_2026,MAR-SYN-0023,renda_declarada_divergente,MAR-SYN-0023-M1,candidato,17,estudante,identificacao,certidao_ou_rg_candidato,documentos_do_candidato_detalhados_no_anexo,a_validar,MAR-DOC-000178,ok,atual,nao_se_aplica,nao_se_aplica,0.97,nenhuma,sim,parcial
marista_dom_silverio,bolsa_social_2026,MAR-SYN-0023,renda_declarada_divergente,MAR-SYN-0023-M2,responsavel,53,mei,identificacao,rg_cpf_adulto,documentos_do_grupo_detalhados_no_anexo,a_validar,MAR-DOC-000179,ok,atual,nao_se_aplica,nao_se_aplica,0.97,nenhuma,sim,parcial
marista_dom_silverio,bolsa_social_2026,MAR-SYN-0023,renda_declarada_divergente,MAR-SYN-0023-M2,responsavel,53,mei,residencia,comprovante_endereco,indicado_na_pesquisa_de_partida,a_validar,MAR-DOC-000180,ok,2025-10,nao_se_aplica,nao_se_aplica,0.97,nenhuma,sim,hipotese
marista_dom_silverio,bolsa_social_2026,MAR-SYN-0023,renda_declarada_divergente,MAR-SYN-0023-M2,responsavel,53,mei,moradia,comprovante_financiamento,moradia_financiada,a_validar,MAR-DOC-000181,ok,2025-10,1350.00,1350.00,0.97,nenhuma,sim,hipotese
marista_dom_silverio,bolsa_social_2026,MAR-SYN-0023,renda_declarada_divergente,MAR-SYN-0023-M2,responsavel,53,mei,renda,dasn_simei,comprovacao_de_renda_detalhada_no_anexo,a_validar,MAR-DOC-000182,divergente,2025-08|2025-09|2025-10,4601.00,5251.00,0.93,comparar_declaracao_e_documento,sim,parcial
marista_dom_silverio,bolsa_social_2026,MAR-SYN-0023,renda_declarada_divergente,MAR-SYN-0023-M2,responsavel,53,mei,tributario,irpf_ou_comprovacao_de_nao_declaracao,indicado_na_pesquisa_de_partida,a_validar,MAR-DOC-000183,ok,ultimo_exercicio,nao_se_aplica,nao_se_aplica,0.97,nenhuma,sim,hipotese
marista_dom_silverio,bolsa_social_2026,MAR-SYN-0023,renda_declarada_divergente,MAR-SYN-0023-M2,responsavel,53,mei,cadastro_social,folha_resumo_cadunico,criterio_oficial_documento_exato_a_validar,preferencial,MAR-DOC-000184,ok,atual,nao_se_aplica,nao_se_aplica,0.97,nenhuma,sim,parcial
marista_dom_silverio,bolsa_social_2026,MAR-SYN-0024,cadunico_desatualizado,MAR-SYN-0024-M1,candidato,6,estudante,inscricao,formulario_avaliacao_socioeconomica,todo_candidato,obrigatorio,MAR-DOC-000185,ok,2026,nao_se_aplica,nao_se_aplica,0.97,nenhuma,nao,confirmado
marista_dom_silverio,bolsa_social_2026,MAR-SYN-0024,cadunico_desatualizado,MAR-SYN-0024-M1,candidato,6,estudante,identificacao,certidao_ou_rg_candidato,documentos_do_candidato_detalhados_no_anexo,a_validar,MAR-DOC-000186,ok,atual,nao_se_aplica,nao_se_aplica,0.97,nenhuma,sim,parcial
marista_dom_silverio,bolsa_social_2026,MAR-SYN-0024,cadunico_desatualizado,MAR-SYN-0024-M2,responsavel,54,aposentado,identificacao,rg_cpf_adulto,documentos_do_grupo_detalhados_no_anexo,a_validar,MAR-DOC-000187,ok,atual,nao_se_aplica,nao_se_aplica,0.97,nenhuma,sim,parcial
marista_dom_silverio,bolsa_social_2026,MAR-SYN-0024,cadunico_desatualizado,MAR-SYN-0024-M2,responsavel,54,aposentado,residencia,comprovante_endereco,indicado_na_pesquisa_de_partida,a_validar,MAR-DOC-000188,ok,2025-10,nao_se_aplica,nao_se_aplica,0.97,nenhuma,sim,hipotese
marista_dom_silverio,bolsa_social_2026,MAR-SYN-0024,cadunico_desatualizado,MAR-SYN-0024-M2,responsavel,54,aposentado,moradia,declaracao_imovel_cedido,moradia_cedida,a_validar,MAR-DOC-000189,ok,2025-10,1350.00,1350.00,0.97,nenhuma,sim,hipotese
marista_dom_silverio,bolsa_social_2026,MAR-SYN-0024,cadunico_desatualizado,MAR-SYN-0024-M2,responsavel,54,aposentado,renda,extrato_beneficio_previdenciario,comprovacao_de_renda_detalhada_no_anexo,a_validar,MAR-DOC-000190,ok,2025-08|2025-09|2025-10,4738.00,4738.00,0.97,nenhuma,sim,parcial
marista_dom_silverio,bolsa_social_2026,MAR-SYN-0024,cadunico_desatualizado,MAR-SYN-0024-M2,responsavel,54,aposentado,tributario,irpf_ou_comprovacao_de_nao_declaracao,indicado_na_pesquisa_de_partida,a_validar,MAR-DOC-000191,ok,ultimo_exercicio,nao_se_aplica,nao_se_aplica,0.97,nenhuma,sim,hipotese
marista_dom_silverio,bolsa_social_2026,MAR-SYN-0024,cadunico_desatualizado,MAR-SYN-0024-M2,responsavel,54,aposentado,cadastro_social,folha_resumo_cadunico,criterio_oficial_documento_exato_a_validar,preferencial,MAR-DOC-000192,desatualizado,atual,nao_se_aplica,nao_se_aplica,0.95,solicitar_documento_atualizado,sim,parcial
marista_dom_silverio,bolsa_social_2026,MAR-SYN-0025,dossie_presente,MAR-SYN-0025-M1,candidato,7,estudante,inscricao,formulario_avaliacao_socioeconomica,todo_candidato,obrigatorio,MAR-DOC-000193,ok,2026,nao_se_aplica,nao_se_aplica,0.97,nenhuma,nao,confirmado
marista_dom_silverio,bolsa_social_2026,MAR-SYN-0025,dossie_presente,MAR-SYN-0025-M1,candidato,7,estudante,identificacao,certidao_ou_rg_candidato,documentos_do_candidato_detalhados_no_anexo,a_validar,MAR-DOC-000194,ok,atual,nao_se_aplica,nao_se_aplica,0.97,nenhuma,sim,parcial
marista_dom_silverio,bolsa_social_2026,MAR-SYN-0025,dossie_presente,MAR-SYN-0025-M2,responsavel,55,desempregado,identificacao,rg_cpf_adulto,documentos_do_grupo_detalhados_no_anexo,a_validar,MAR-DOC-000195,ok,atual,nao_se_aplica,nao_se_aplica,0.97,nenhuma,sim,parcial
marista_dom_silverio,bolsa_social_2026,MAR-SYN-0025,dossie_presente,MAR-SYN-0025-M2,responsavel,55,desempregado,residencia,comprovante_endereco,indicado_na_pesquisa_de_partida,a_validar,MAR-DOC-000196,ok,2025-10,nao_se_aplica,nao_se_aplica,0.97,nenhuma,sim,hipotese
marista_dom_silverio,bolsa_social_2026,MAR-SYN-0025,dossie_presente,MAR-SYN-0025-M2,responsavel,55,desempregado,moradia,iptu_ou_irpf,moradia_propria,a_validar,MAR-DOC-000197,ok,2025-10,1350.00,1350.00,0.97,nenhuma,sim,hipotese
marista_dom_silverio,bolsa_social_2026,MAR-SYN-0025,dossie_presente,MAR-SYN-0025-M2,responsavel,55,desempregado,renda,declaracao_sem_renda_e_cnis,comprovacao_de_renda_detalhada_no_anexo,a_validar,MAR-DOC-000198,ok,2025-08|2025-09|2025-10,4875.00,4875.00,0.97,nenhuma,sim,parcial
marista_dom_silverio,bolsa_social_2026,MAR-SYN-0025,dossie_presente,MAR-SYN-0025-M2,responsavel,55,desempregado,tributario,irpf_ou_comprovacao_de_nao_declaracao,indicado_na_pesquisa_de_partida,a_validar,MAR-DOC-000199,ok,ultimo_exercicio,nao_se_aplica,nao_se_aplica,0.97,nenhuma,sim,hipotese
marista_dom_silverio,bolsa_social_2026,MAR-SYN-0025,dossie_presente,MAR-SYN-0025-M2,responsavel,55,desempregado,cadastro_social,folha_resumo_cadunico,criterio_oficial_documento_exato_a_validar,preferencial,MAR-DOC-000200,ok,atual,nao_se_aplica,nao_se_aplica,0.97,nenhuma,sim,parcial
marista_dom_silverio,bolsa_social_2026,MAR-SYN-0026,comprovante_renda_faltante,MAR-SYN-0026-M1,candidato,8,estudante,inscricao,formulario_avaliacao_socioeconomica,todo_candidato,obrigatorio,MAR-DOC-000201,ok,2026,nao_se_aplica,nao_se_aplica,0.97,nenhuma,nao,confirmado
marista_dom_silverio,bolsa_social_2026,MAR-SYN-0026,comprovante_renda_faltante,MAR-SYN-0026-M1,candidato,8,estudante,identificacao,certidao_ou_rg_candidato,documentos_do_candidato_detalhados_no_anexo,a_validar,MAR-DOC-000202,ok,atual,nao_se_aplica,nao_se_aplica,0.97,nenhuma,sim,parcial
marista_dom_silverio,bolsa_social_2026,MAR-SYN-0026,comprovante_renda_faltante,MAR-SYN-0026-M2,responsavel,56,assalariado,identificacao,rg_cpf_adulto,documentos_do_grupo_detalhados_no_anexo,a_validar,MAR-DOC-000203,ok,atual,nao_se_aplica,nao_se_aplica,0.97,nenhuma,sim,parcial
marista_dom_silverio,bolsa_social_2026,MAR-SYN-0026,comprovante_renda_faltante,MAR-SYN-0026-M2,responsavel,56,assalariado,residencia,comprovante_endereco,indicado_na_pesquisa_de_partida,a_validar,MAR-DOC-000204,ok,2025-10,nao_se_aplica,nao_se_aplica,0.97,nenhuma,sim,hipotese
marista_dom_silverio,bolsa_social_2026,MAR-SYN-0026,comprovante_renda_faltante,MAR-SYN-0026-M2,responsavel,56,assalariado,moradia,contrato_e_recibo_aluguel,moradia_alugada,a_validar,MAR-DOC-000205,ok,2025-10,1350.00,1350.00,0.97,nenhuma,sim,hipotese
marista_dom_silverio,bolsa_social_2026,MAR-SYN-0026,comprovante_renda_faltante,MAR-SYN-0026-M2,responsavel,56,assalariado,renda,contracheques,comprovacao_de_renda_detalhada_no_anexo,a_validar,ausente,faltante,2025-08|2025-09|2025-10,5012.00,nao_extraido,0.00,solicitar_documento_faltante,sim,parcial
marista_dom_silverio,bolsa_social_2026,MAR-SYN-0026,comprovante_renda_faltante,MAR-SYN-0026-M2,responsavel,56,assalariado,tributario,irpf_ou_comprovacao_de_nao_declaracao,indicado_na_pesquisa_de_partida,a_validar,MAR-DOC-000207,ok,ultimo_exercicio,nao_se_aplica,nao_se_aplica,0.97,nenhuma,sim,hipotese
marista_dom_silverio,bolsa_social_2026,MAR-SYN-0026,comprovante_renda_faltante,MAR-SYN-0026-M2,responsavel,56,assalariado,cadastro_social,folha_resumo_cadunico,criterio_oficial_documento_exato_a_validar,preferencial,MAR-DOC-000208,ok,atual,nao_se_aplica,nao_se_aplica,0.97,nenhuma,sim,parcial
marista_dom_silverio,bolsa_social_2026,MAR-SYN-0027,residencia_ilegivel,MAR-SYN-0027-M1,candidato,9,estudante,inscricao,formulario_avaliacao_socioeconomica,todo_candidato,obrigatorio,MAR-DOC-000209,ok,2026,nao_se_aplica,nao_se_aplica,0.97,nenhuma,nao,confirmado
marista_dom_silverio,bolsa_social_2026,MAR-SYN-0027,residencia_ilegivel,MAR-SYN-0027-M1,candidato,9,estudante,identificacao,certidao_ou_rg_candidato,documentos_do_candidato_detalhados_no_anexo,a_validar,MAR-DOC-000210,ok,atual,nao_se_aplica,nao_se_aplica,0.97,nenhuma,sim,parcial
marista_dom_silverio,bolsa_social_2026,MAR-SYN-0027,residencia_ilegivel,MAR-SYN-0027-M2,responsavel,57,trabalhador_informal,identificacao,rg_cpf_adulto,documentos_do_grupo_detalhados_no_anexo,a_validar,MAR-DOC-000211,ok,atual,nao_se_aplica,nao_se_aplica,0.97,nenhuma,sim,parcial
marista_dom_silverio,bolsa_social_2026,MAR-SYN-0027,residencia_ilegivel,MAR-SYN-0027-M2,responsavel,57,trabalhador_informal,residencia,comprovante_endereco,indicado_na_pesquisa_de_partida,a_validar,MAR-DOC-000212,ilegivel,2025-10,nao_se_aplica,nao_se_aplica,0.28,solicitar_arquivo_legivel,sim,hipotese
marista_dom_silverio,bolsa_social_2026,MAR-SYN-0027,residencia_ilegivel,MAR-SYN-0027-M2,responsavel,57,trabalhador_informal,moradia,comprovante_financiamento,moradia_financiada,a_validar,MAR-DOC-000213,ok,2025-10,1350.00,1350.00,0.97,nenhuma,sim,hipotese
marista_dom_silverio,bolsa_social_2026,MAR-SYN-0027,residencia_ilegivel,MAR-SYN-0027-M2,responsavel,57,trabalhador_informal,renda,declaracao_atividade_remunerada,comprovacao_de_renda_detalhada_no_anexo,a_validar,MAR-DOC-000214,ok,2025-08|2025-09|2025-10,5149.00,5149.00,0.97,nenhuma,sim,parcial
marista_dom_silverio,bolsa_social_2026,MAR-SYN-0027,residencia_ilegivel,MAR-SYN-0027-M2,responsavel,57,trabalhador_informal,tributario,irpf_ou_comprovacao_de_nao_declaracao,indicado_na_pesquisa_de_partida,a_validar,MAR-DOC-000215,ok,ultimo_exercicio,nao_se_aplica,nao_se_aplica,0.97,nenhuma,sim,hipotese
marista_dom_silverio,bolsa_social_2026,MAR-SYN-0027,residencia_ilegivel,MAR-SYN-0027-M2,responsavel,57,trabalhador_informal,cadastro_social,folha_resumo_cadunico,criterio_oficial_documento_exato_a_validar,preferencial,MAR-DOC-000216,ok,atual,nao_se_aplica,nao_se_aplica,0.97,nenhuma,sim,parcial
marista_dom_silverio,bolsa_social_2026,MAR-SYN-0028,periodo_de_renda_incompleto,MAR-SYN-0028-M1,candidato,10,estudante,inscricao,formulario_avaliacao_socioeconomica,todo_candidato,obrigatorio,MAR-DOC-000217,ok,2026,nao_se_aplica,nao_se_aplica,0.97,nenhuma,nao,confirmado
marista_dom_silverio,bolsa_social_2026,MAR-SYN-0028,periodo_de_renda_incompleto,MAR-SYN-0028-M1,candidato,10,estudante,identificacao,certidao_ou_rg_candidato,documentos_do_candidato_detalhados_no_anexo,a_validar,MAR-DOC-000218,ok,atual,nao_se_aplica,nao_se_aplica,0.97,nenhuma,sim,parcial
marista_dom_silverio,bolsa_social_2026,MAR-SYN-0028,periodo_de_renda_incompleto,MAR-SYN-0028-M2,responsavel,58,mei,identificacao,rg_cpf_adulto,documentos_do_grupo_detalhados_no_anexo,a_validar,MAR-DOC-000219,ok,atual,nao_se_aplica,nao_se_aplica,0.97,nenhuma,sim,parcial
marista_dom_silverio,bolsa_social_2026,MAR-SYN-0028,periodo_de_renda_incompleto,MAR-SYN-0028-M2,responsavel,58,mei,residencia,comprovante_endereco,indicado_na_pesquisa_de_partida,a_validar,MAR-DOC-000220,ok,2025-10,nao_se_aplica,nao_se_aplica,0.97,nenhuma,sim,hipotese
marista_dom_silverio,bolsa_social_2026,MAR-SYN-0028,periodo_de_renda_incompleto,MAR-SYN-0028-M2,responsavel,58,mei,moradia,declaracao_imovel_cedido,moradia_cedida,a_validar,MAR-DOC-000221,ok,2025-10,1350.00,1350.00,0.97,nenhuma,sim,hipotese
marista_dom_silverio,bolsa_social_2026,MAR-SYN-0028,periodo_de_renda_incompleto,MAR-SYN-0028-M2,responsavel,58,mei,renda,dasn_simei,comprovacao_de_renda_detalhada_no_anexo,a_validar,MAR-DOC-000222,periodo_incompleto,2025-08|2025-09|2025-10,5286.00,5286.00,0.89,solicitar_competencias_ausentes,sim,parcial
marista_dom_silverio,bolsa_social_2026,MAR-SYN-0028,periodo_de_renda_incompleto,MAR-SYN-0028-M2,responsavel,58,mei,tributario,irpf_ou_comprovacao_de_nao_declaracao,indicado_na_pesquisa_de_partida,a_validar,MAR-DOC-000223,ok,ultimo_exercicio,nao_se_aplica,nao_se_aplica,0.97,nenhuma,sim,hipotese
marista_dom_silverio,bolsa_social_2026,MAR-SYN-0028,periodo_de_renda_incompleto,MAR-SYN-0028-M2,responsavel,58,mei,cadastro_social,folha_resumo_cadunico,criterio_oficial_documento_exato_a_validar,preferencial,MAR-DOC-000224,ok,atual,nao_se_aplica,nao_se_aplica,0.97,nenhuma,sim,parcial
marista_dom_silverio,bolsa_social_2026,MAR-SYN-0029,renda_declarada_divergente,MAR-SYN-0029-M1,candidato,11,estudante,inscricao,formulario_avaliacao_socioeconomica,todo_candidato,obrigatorio,MAR-DOC-000225,ok,2026,nao_se_aplica,nao_se_aplica,0.97,nenhuma,nao,confirmado
marista_dom_silverio,bolsa_social_2026,MAR-SYN-0029,renda_declarada_divergente,MAR-SYN-0029-M1,candidato,11,estudante,identificacao,certidao_ou_rg_candidato,documentos_do_candidato_detalhados_no_anexo,a_validar,MAR-DOC-000226,ok,atual,nao_se_aplica,nao_se_aplica,0.97,nenhuma,sim,parcial
marista_dom_silverio,bolsa_social_2026,MAR-SYN-0029,renda_declarada_divergente,MAR-SYN-0029-M2,responsavel,59,aposentado,identificacao,rg_cpf_adulto,documentos_do_grupo_detalhados_no_anexo,a_validar,MAR-DOC-000227,ok,atual,nao_se_aplica,nao_se_aplica,0.97,nenhuma,sim,parcial
marista_dom_silverio,bolsa_social_2026,MAR-SYN-0029,renda_declarada_divergente,MAR-SYN-0029-M2,responsavel,59,aposentado,residencia,comprovante_endereco,indicado_na_pesquisa_de_partida,a_validar,MAR-DOC-000228,ok,2025-10,nao_se_aplica,nao_se_aplica,0.97,nenhuma,sim,hipotese
marista_dom_silverio,bolsa_social_2026,MAR-SYN-0029,renda_declarada_divergente,MAR-SYN-0029-M2,responsavel,59,aposentado,moradia,iptu_ou_irpf,moradia_propria,a_validar,MAR-DOC-000229,ok,2025-10,1350.00,1350.00,0.97,nenhuma,sim,hipotese
marista_dom_silverio,bolsa_social_2026,MAR-SYN-0029,renda_declarada_divergente,MAR-SYN-0029-M2,responsavel,59,aposentado,renda,extrato_beneficio_previdenciario,comprovacao_de_renda_detalhada_no_anexo,a_validar,MAR-DOC-000230,divergente,2025-08|2025-09|2025-10,5423.00,6073.00,0.93,comparar_declaracao_e_documento,sim,parcial
marista_dom_silverio,bolsa_social_2026,MAR-SYN-0029,renda_declarada_divergente,MAR-SYN-0029-M2,responsavel,59,aposentado,tributario,irpf_ou_comprovacao_de_nao_declaracao,indicado_na_pesquisa_de_partida,a_validar,MAR-DOC-000231,ok,ultimo_exercicio,nao_se_aplica,nao_se_aplica,0.97,nenhuma,sim,hipotese
marista_dom_silverio,bolsa_social_2026,MAR-SYN-0029,renda_declarada_divergente,MAR-SYN-0029-M2,responsavel,59,aposentado,cadastro_social,folha_resumo_cadunico,criterio_oficial_documento_exato_a_validar,preferencial,MAR-DOC-000232,ok,atual,nao_se_aplica,nao_se_aplica,0.97,nenhuma,sim,parcial
marista_dom_silverio,bolsa_social_2026,MAR-SYN-0030,cadunico_desatualizado,MAR-SYN-0030-M1,candidato,12,estudante,inscricao,formulario_avaliacao_socioeconomica,todo_candidato,obrigatorio,MAR-DOC-000233,ok,2026,nao_se_aplica,nao_se_aplica,0.97,nenhuma,nao,confirmado
marista_dom_silverio,bolsa_social_2026,MAR-SYN-0030,cadunico_desatualizado,MAR-SYN-0030-M1,candidato,12,estudante,identificacao,certidao_ou_rg_candidato,documentos_do_candidato_detalhados_no_anexo,a_validar,MAR-DOC-000234,ok,atual,nao_se_aplica,nao_se_aplica,0.97,nenhuma,sim,parcial
marista_dom_silverio,bolsa_social_2026,MAR-SYN-0030,cadunico_desatualizado,MAR-SYN-0030-M2,responsavel,60,desempregado,identificacao,rg_cpf_adulto,documentos_do_grupo_detalhados_no_anexo,a_validar,MAR-DOC-000235,ok,atual,nao_se_aplica,nao_se_aplica,0.97,nenhuma,sim,parcial
marista_dom_silverio,bolsa_social_2026,MAR-SYN-0030,cadunico_desatualizado,MAR-SYN-0030-M2,responsavel,60,desempregado,residencia,comprovante_endereco,indicado_na_pesquisa_de_partida,a_validar,MAR-DOC-000236,ok,2025-10,nao_se_aplica,nao_se_aplica,0.97,nenhuma,sim,hipotese
marista_dom_silverio,bolsa_social_2026,MAR-SYN-0030,cadunico_desatualizado,MAR-SYN-0030-M2,responsavel,60,desempregado,moradia,contrato_e_recibo_aluguel,moradia_alugada,a_validar,MAR-DOC-000237,ok,2025-10,1350.00,1350.00,0.97,nenhuma,sim,hipotese
marista_dom_silverio,bolsa_social_2026,MAR-SYN-0030,cadunico_desatualizado,MAR-SYN-0030-M2,responsavel,60,desempregado,renda,declaracao_sem_renda_e_cnis,comprovacao_de_renda_detalhada_no_anexo,a_validar,MAR-DOC-000238,ok,2025-08|2025-09|2025-10,5560.00,5560.00,0.97,nenhuma,sim,parcial
marista_dom_silverio,bolsa_social_2026,MAR-SYN-0030,cadunico_desatualizado,MAR-SYN-0030-M2,responsavel,60,desempregado,tributario,irpf_ou_comprovacao_de_nao_declaracao,indicado_na_pesquisa_de_partida,a_validar,MAR-DOC-000239,ok,ultimo_exercicio,nao_se_aplica,nao_se_aplica,0.97,nenhuma,sim,hipotese
marista_dom_silverio,bolsa_social_2026,MAR-SYN-0030,cadunico_desatualizado,MAR-SYN-0030-M2,responsavel,60,desempregado,cadastro_social,folha_resumo_cadunico,criterio_oficial_documento_exato_a_validar,preferencial,MAR-DOC-000240,desatualizado,atual,nao_se_aplica,nao_se_aplica,0.95,solicitar_documento_atualizado,sim,parcial
marista_dom_silverio,bolsa_social_2026,MAR-SYN-0031,dossie_presente,MAR-SYN-0031-M1,candidato,13,estudante,inscricao,formulario_avaliacao_socioeconomica,todo_candidato,obrigatorio,MAR-DOC-000241,ok,2026,nao_se_aplica,nao_se_aplica,0.97,nenhuma,nao,confirmado
marista_dom_silverio,bolsa_social_2026,MAR-SYN-0031,dossie_presente,MAR-SYN-0031-M1,candidato,13,estudante,identificacao,certidao_ou_rg_candidato,documentos_do_candidato_detalhados_no_anexo,a_validar,MAR-DOC-000242,ok,atual,nao_se_aplica,nao_se_aplica,0.97,nenhuma,sim,parcial
marista_dom_silverio,bolsa_social_2026,MAR-SYN-0031,dossie_presente,MAR-SYN-0031-M2,responsavel,61,assalariado,identificacao,rg_cpf_adulto,documentos_do_grupo_detalhados_no_anexo,a_validar,MAR-DOC-000243,ok,atual,nao_se_aplica,nao_se_aplica,0.97,nenhuma,sim,parcial
marista_dom_silverio,bolsa_social_2026,MAR-SYN-0031,dossie_presente,MAR-SYN-0031-M2,responsavel,61,assalariado,residencia,comprovante_endereco,indicado_na_pesquisa_de_partida,a_validar,MAR-DOC-000244,ok,2025-10,nao_se_aplica,nao_se_aplica,0.97,nenhuma,sim,hipotese
marista_dom_silverio,bolsa_social_2026,MAR-SYN-0031,dossie_presente,MAR-SYN-0031-M2,responsavel,61,assalariado,moradia,comprovante_financiamento,moradia_financiada,a_validar,MAR-DOC-000245,ok,2025-10,1350.00,1350.00,0.97,nenhuma,sim,hipotese
marista_dom_silverio,bolsa_social_2026,MAR-SYN-0031,dossie_presente,MAR-SYN-0031-M2,responsavel,61,assalariado,renda,contracheques,comprovacao_de_renda_detalhada_no_anexo,a_validar,MAR-DOC-000246,ok,2025-08|2025-09|2025-10,1497.00,1497.00,0.97,nenhuma,sim,parcial
marista_dom_silverio,bolsa_social_2026,MAR-SYN-0031,dossie_presente,MAR-SYN-0031-M2,responsavel,61,assalariado,tributario,irpf_ou_comprovacao_de_nao_declaracao,indicado_na_pesquisa_de_partida,a_validar,MAR-DOC-000247,ok,ultimo_exercicio,nao_se_aplica,nao_se_aplica,0.97,nenhuma,sim,hipotese
marista_dom_silverio,bolsa_social_2026,MAR-SYN-0031,dossie_presente,MAR-SYN-0031-M2,responsavel,61,assalariado,cadastro_social,folha_resumo_cadunico,criterio_oficial_documento_exato_a_validar,preferencial,MAR-DOC-000248,ok,atual,nao_se_aplica,nao_se_aplica,0.97,nenhuma,sim,parcial
marista_dom_silverio,bolsa_social_2026,MAR-SYN-0032,comprovante_renda_faltante,MAR-SYN-0032-M1,candidato,14,estudante,inscricao,formulario_avaliacao_socioeconomica,todo_candidato,obrigatorio,MAR-DOC-000249,ok,2026,nao_se_aplica,nao_se_aplica,0.97,nenhuma,nao,confirmado
marista_dom_silverio,bolsa_social_2026,MAR-SYN-0032,comprovante_renda_faltante,MAR-SYN-0032-M1,candidato,14,estudante,identificacao,certidao_ou_rg_candidato,documentos_do_candidato_detalhados_no_anexo,a_validar,MAR-DOC-000250,ok,atual,nao_se_aplica,nao_se_aplica,0.97,nenhuma,sim,parcial
marista_dom_silverio,bolsa_social_2026,MAR-SYN-0032,comprovante_renda_faltante,MAR-SYN-0032-M2,responsavel,62,trabalhador_informal,identificacao,rg_cpf_adulto,documentos_do_grupo_detalhados_no_anexo,a_validar,MAR-DOC-000251,ok,atual,nao_se_aplica,nao_se_aplica,0.97,nenhuma,sim,parcial
marista_dom_silverio,bolsa_social_2026,MAR-SYN-0032,comprovante_renda_faltante,MAR-SYN-0032-M2,responsavel,62,trabalhador_informal,residencia,comprovante_endereco,indicado_na_pesquisa_de_partida,a_validar,MAR-DOC-000252,ok,2025-10,nao_se_aplica,nao_se_aplica,0.97,nenhuma,sim,hipotese
marista_dom_silverio,bolsa_social_2026,MAR-SYN-0032,comprovante_renda_faltante,MAR-SYN-0032-M2,responsavel,62,trabalhador_informal,moradia,declaracao_imovel_cedido,moradia_cedida,a_validar,MAR-DOC-000253,ok,2025-10,1350.00,1350.00,0.97,nenhuma,sim,hipotese
marista_dom_silverio,bolsa_social_2026,MAR-SYN-0032,comprovante_renda_faltante,MAR-SYN-0032-M2,responsavel,62,trabalhador_informal,renda,declaracao_atividade_remunerada,comprovacao_de_renda_detalhada_no_anexo,a_validar,ausente,faltante,2025-08|2025-09|2025-10,1634.00,nao_extraido,0.00,solicitar_documento_faltante,sim,parcial
marista_dom_silverio,bolsa_social_2026,MAR-SYN-0032,comprovante_renda_faltante,MAR-SYN-0032-M2,responsavel,62,trabalhador_informal,tributario,irpf_ou_comprovacao_de_nao_declaracao,indicado_na_pesquisa_de_partida,a_validar,MAR-DOC-000255,ok,ultimo_exercicio,nao_se_aplica,nao_se_aplica,0.97,nenhuma,sim,hipotese
marista_dom_silverio,bolsa_social_2026,MAR-SYN-0032,comprovante_renda_faltante,MAR-SYN-0032-M2,responsavel,62,trabalhador_informal,cadastro_social,folha_resumo_cadunico,criterio_oficial_documento_exato_a_validar,preferencial,MAR-DOC-000256,ok,atual,nao_se_aplica,nao_se_aplica,0.97,nenhuma,sim,parcial
marista_dom_silverio,bolsa_social_2026,MAR-SYN-0033,residencia_ilegivel,MAR-SYN-0033-M1,candidato,15,estudante,inscricao,formulario_avaliacao_socioeconomica,todo_candidato,obrigatorio,MAR-DOC-000257,ok,2026,nao_se_aplica,nao_se_aplica,0.97,nenhuma,nao,confirmado
marista_dom_silverio,bolsa_social_2026,MAR-SYN-0033,residencia_ilegivel,MAR-SYN-0033-M1,candidato,15,estudante,identificacao,certidao_ou_rg_candidato,documentos_do_candidato_detalhados_no_anexo,a_validar,MAR-DOC-000258,ok,atual,nao_se_aplica,nao_se_aplica,0.97,nenhuma,sim,parcial
marista_dom_silverio,bolsa_social_2026,MAR-SYN-0033,residencia_ilegivel,MAR-SYN-0033-M2,responsavel,63,mei,identificacao,rg_cpf_adulto,documentos_do_grupo_detalhados_no_anexo,a_validar,MAR-DOC-000259,ok,atual,nao_se_aplica,nao_se_aplica,0.97,nenhuma,sim,parcial
marista_dom_silverio,bolsa_social_2026,MAR-SYN-0033,residencia_ilegivel,MAR-SYN-0033-M2,responsavel,63,mei,residencia,comprovante_endereco,indicado_na_pesquisa_de_partida,a_validar,MAR-DOC-000260,ilegivel,2025-10,nao_se_aplica,nao_se_aplica,0.28,solicitar_arquivo_legivel,sim,hipotese
marista_dom_silverio,bolsa_social_2026,MAR-SYN-0033,residencia_ilegivel,MAR-SYN-0033-M2,responsavel,63,mei,moradia,iptu_ou_irpf,moradia_propria,a_validar,MAR-DOC-000261,ok,2025-10,1350.00,1350.00,0.97,nenhuma,sim,hipotese
marista_dom_silverio,bolsa_social_2026,MAR-SYN-0033,residencia_ilegivel,MAR-SYN-0033-M2,responsavel,63,mei,renda,dasn_simei,comprovacao_de_renda_detalhada_no_anexo,a_validar,MAR-DOC-000262,ok,2025-08|2025-09|2025-10,1771.00,1771.00,0.97,nenhuma,sim,parcial
marista_dom_silverio,bolsa_social_2026,MAR-SYN-0033,residencia_ilegivel,MAR-SYN-0033-M2,responsavel,63,mei,tributario,irpf_ou_comprovacao_de_nao_declaracao,indicado_na_pesquisa_de_partida,a_validar,MAR-DOC-000263,ok,ultimo_exercicio,nao_se_aplica,nao_se_aplica,0.97,nenhuma,sim,hipotese
marista_dom_silverio,bolsa_social_2026,MAR-SYN-0033,residencia_ilegivel,MAR-SYN-0033-M2,responsavel,63,mei,cadastro_social,folha_resumo_cadunico,criterio_oficial_documento_exato_a_validar,preferencial,MAR-DOC-000264,ok,atual,nao_se_aplica,nao_se_aplica,0.97,nenhuma,sim,parcial
marista_dom_silverio,bolsa_social_2026,MAR-SYN-0034,periodo_de_renda_incompleto,MAR-SYN-0034-M1,candidato,16,estudante,inscricao,formulario_avaliacao_socioeconomica,todo_candidato,obrigatorio,MAR-DOC-000265,ok,2026,nao_se_aplica,nao_se_aplica,0.97,nenhuma,nao,confirmado
marista_dom_silverio,bolsa_social_2026,MAR-SYN-0034,periodo_de_renda_incompleto,MAR-SYN-0034-M1,candidato,16,estudante,identificacao,certidao_ou_rg_candidato,documentos_do_candidato_detalhados_no_anexo,a_validar,MAR-DOC-000266,ok,atual,nao_se_aplica,nao_se_aplica,0.97,nenhuma,sim,parcial
marista_dom_silverio,bolsa_social_2026,MAR-SYN-0034,periodo_de_renda_incompleto,MAR-SYN-0034-M2,responsavel,64,aposentado,identificacao,rg_cpf_adulto,documentos_do_grupo_detalhados_no_anexo,a_validar,MAR-DOC-000267,ok,atual,nao_se_aplica,nao_se_aplica,0.97,nenhuma,sim,parcial
marista_dom_silverio,bolsa_social_2026,MAR-SYN-0034,periodo_de_renda_incompleto,MAR-SYN-0034-M2,responsavel,64,aposentado,residencia,comprovante_endereco,indicado_na_pesquisa_de_partida,a_validar,MAR-DOC-000268,ok,2025-10,nao_se_aplica,nao_se_aplica,0.97,nenhuma,sim,hipotese
marista_dom_silverio,bolsa_social_2026,MAR-SYN-0034,periodo_de_renda_incompleto,MAR-SYN-0034-M2,responsavel,64,aposentado,moradia,contrato_e_recibo_aluguel,moradia_alugada,a_validar,MAR-DOC-000269,ok,2025-10,1350.00,1350.00,0.97,nenhuma,sim,hipotese
marista_dom_silverio,bolsa_social_2026,MAR-SYN-0034,periodo_de_renda_incompleto,MAR-SYN-0034-M2,responsavel,64,aposentado,renda,extrato_beneficio_previdenciario,comprovacao_de_renda_detalhada_no_anexo,a_validar,MAR-DOC-000270,periodo_incompleto,2025-08|2025-09|2025-10,1908.00,1908.00,0.89,solicitar_competencias_ausentes,sim,parcial
marista_dom_silverio,bolsa_social_2026,MAR-SYN-0034,periodo_de_renda_incompleto,MAR-SYN-0034-M2,responsavel,64,aposentado,tributario,irpf_ou_comprovacao_de_nao_declaracao,indicado_na_pesquisa_de_partida,a_validar,MAR-DOC-000271,ok,ultimo_exercicio,nao_se_aplica,nao_se_aplica,0.97,nenhuma,sim,hipotese
marista_dom_silverio,bolsa_social_2026,MAR-SYN-0034,periodo_de_renda_incompleto,MAR-SYN-0034-M2,responsavel,64,aposentado,cadastro_social,folha_resumo_cadunico,criterio_oficial_documento_exato_a_validar,preferencial,MAR-DOC-000272,ok,atual,nao_se_aplica,nao_se_aplica,0.97,nenhuma,sim,parcial
marista_dom_silverio,bolsa_social_2026,MAR-SYN-0035,renda_declarada_divergente,MAR-SYN-0035-M1,candidato,17,estudante,inscricao,formulario_avaliacao_socioeconomica,todo_candidato,obrigatorio,MAR-DOC-000273,ok,2026,nao_se_aplica,nao_se_aplica,0.97,nenhuma,nao,confirmado
marista_dom_silverio,bolsa_social_2026,MAR-SYN-0035,renda_declarada_divergente,MAR-SYN-0035-M1,candidato,17,estudante,identificacao,certidao_ou_rg_candidato,documentos_do_candidato_detalhados_no_anexo,a_validar,MAR-DOC-000274,ok,atual,nao_se_aplica,nao_se_aplica,0.97,nenhuma,sim,parcial
marista_dom_silverio,bolsa_social_2026,MAR-SYN-0035,renda_declarada_divergente,MAR-SYN-0035-M2,responsavel,30,desempregado,identificacao,rg_cpf_adulto,documentos_do_grupo_detalhados_no_anexo,a_validar,MAR-DOC-000275,ok,atual,nao_se_aplica,nao_se_aplica,0.97,nenhuma,sim,parcial
marista_dom_silverio,bolsa_social_2026,MAR-SYN-0035,renda_declarada_divergente,MAR-SYN-0035-M2,responsavel,30,desempregado,residencia,comprovante_endereco,indicado_na_pesquisa_de_partida,a_validar,MAR-DOC-000276,ok,2025-10,nao_se_aplica,nao_se_aplica,0.97,nenhuma,sim,hipotese
marista_dom_silverio,bolsa_social_2026,MAR-SYN-0035,renda_declarada_divergente,MAR-SYN-0035-M2,responsavel,30,desempregado,moradia,comprovante_financiamento,moradia_financiada,a_validar,MAR-DOC-000277,ok,2025-10,1350.00,1350.00,0.97,nenhuma,sim,hipotese
marista_dom_silverio,bolsa_social_2026,MAR-SYN-0035,renda_declarada_divergente,MAR-SYN-0035-M2,responsavel,30,desempregado,renda,declaracao_sem_renda_e_cnis,comprovacao_de_renda_detalhada_no_anexo,a_validar,MAR-DOC-000278,divergente,2025-08|2025-09|2025-10,2045.00,2695.00,0.93,comparar_declaracao_e_documento,sim,parcial
marista_dom_silverio,bolsa_social_2026,MAR-SYN-0035,renda_declarada_divergente,MAR-SYN-0035-M2,responsavel,30,desempregado,tributario,irpf_ou_comprovacao_de_nao_declaracao,indicado_na_pesquisa_de_partida,a_validar,MAR-DOC-000279,ok,ultimo_exercicio,nao_se_aplica,nao_se_aplica,0.97,nenhuma,sim,hipotese
marista_dom_silverio,bolsa_social_2026,MAR-SYN-0035,renda_declarada_divergente,MAR-SYN-0035-M2,responsavel,30,desempregado,cadastro_social,folha_resumo_cadunico,criterio_oficial_documento_exato_a_validar,preferencial,MAR-DOC-000280,ok,atual,nao_se_aplica,nao_se_aplica,0.97,nenhuma,sim,parcial
marista_dom_silverio,bolsa_social_2026,MAR-SYN-0036,cadunico_desatualizado,MAR-SYN-0036-M1,candidato,6,estudante,inscricao,formulario_avaliacao_socioeconomica,todo_candidato,obrigatorio,MAR-DOC-000281,ok,2026,nao_se_aplica,nao_se_aplica,0.97,nenhuma,nao,confirmado
marista_dom_silverio,bolsa_social_2026,MAR-SYN-0036,cadunico_desatualizado,MAR-SYN-0036-M1,candidato,6,estudante,identificacao,certidao_ou_rg_candidato,documentos_do_candidato_detalhados_no_anexo,a_validar,MAR-DOC-000282,ok,atual,nao_se_aplica,nao_se_aplica,0.97,nenhuma,sim,parcial
marista_dom_silverio,bolsa_social_2026,MAR-SYN-0036,cadunico_desatualizado,MAR-SYN-0036-M2,responsavel,31,assalariado,identificacao,rg_cpf_adulto,documentos_do_grupo_detalhados_no_anexo,a_validar,MAR-DOC-000283,ok,atual,nao_se_aplica,nao_se_aplica,0.97,nenhuma,sim,parcial
marista_dom_silverio,bolsa_social_2026,MAR-SYN-0036,cadunico_desatualizado,MAR-SYN-0036-M2,responsavel,31,assalariado,residencia,comprovante_endereco,indicado_na_pesquisa_de_partida,a_validar,MAR-DOC-000284,ok,2025-10,nao_se_aplica,nao_se_aplica,0.97,nenhuma,sim,hipotese
marista_dom_silverio,bolsa_social_2026,MAR-SYN-0036,cadunico_desatualizado,MAR-SYN-0036-M2,responsavel,31,assalariado,moradia,declaracao_imovel_cedido,moradia_cedida,a_validar,MAR-DOC-000285,ok,2025-10,1350.00,1350.00,0.97,nenhuma,sim,hipotese
marista_dom_silverio,bolsa_social_2026,MAR-SYN-0036,cadunico_desatualizado,MAR-SYN-0036-M2,responsavel,31,assalariado,renda,contracheques,comprovacao_de_renda_detalhada_no_anexo,a_validar,MAR-DOC-000286,ok,2025-08|2025-09|2025-10,2182.00,2182.00,0.97,nenhuma,sim,parcial
marista_dom_silverio,bolsa_social_2026,MAR-SYN-0036,cadunico_desatualizado,MAR-SYN-0036-M2,responsavel,31,assalariado,tributario,irpf_ou_comprovacao_de_nao_declaracao,indicado_na_pesquisa_de_partida,a_validar,MAR-DOC-000287,ok,ultimo_exercicio,nao_se_aplica,nao_se_aplica,0.97,nenhuma,sim,hipotese
marista_dom_silverio,bolsa_social_2026,MAR-SYN-0036,cadunico_desatualizado,MAR-SYN-0036-M2,responsavel,31,assalariado,cadastro_social,folha_resumo_cadunico,criterio_oficial_documento_exato_a_validar,preferencial,MAR-DOC-000288,desatualizado,atual,nao_se_aplica,nao_se_aplica,0.95,solicitar_documento_atualizado,sim,parcial
marista_dom_silverio,bolsa_social_2026,MAR-SYN-0037,dossie_presente,MAR-SYN-0037-M1,candidato,7,estudante,inscricao,formulario_avaliacao_socioeconomica,todo_candidato,obrigatorio,MAR-DOC-000289,ok,2026,nao_se_aplica,nao_se_aplica,0.97,nenhuma,nao,confirmado
marista_dom_silverio,bolsa_social_2026,MAR-SYN-0037,dossie_presente,MAR-SYN-0037-M1,candidato,7,estudante,identificacao,certidao_ou_rg_candidato,documentos_do_candidato_detalhados_no_anexo,a_validar,MAR-DOC-000290,ok,atual,nao_se_aplica,nao_se_aplica,0.97,nenhuma,sim,parcial
marista_dom_silverio,bolsa_social_2026,MAR-SYN-0037,dossie_presente,MAR-SYN-0037-M2,responsavel,32,trabalhador_informal,identificacao,rg_cpf_adulto,documentos_do_grupo_detalhados_no_anexo,a_validar,MAR-DOC-000291,ok,atual,nao_se_aplica,nao_se_aplica,0.97,nenhuma,sim,parcial
marista_dom_silverio,bolsa_social_2026,MAR-SYN-0037,dossie_presente,MAR-SYN-0037-M2,responsavel,32,trabalhador_informal,residencia,comprovante_endereco,indicado_na_pesquisa_de_partida,a_validar,MAR-DOC-000292,ok,2025-10,nao_se_aplica,nao_se_aplica,0.97,nenhuma,sim,hipotese
marista_dom_silverio,bolsa_social_2026,MAR-SYN-0037,dossie_presente,MAR-SYN-0037-M2,responsavel,32,trabalhador_informal,moradia,iptu_ou_irpf,moradia_propria,a_validar,MAR-DOC-000293,ok,2025-10,1350.00,1350.00,0.97,nenhuma,sim,hipotese
marista_dom_silverio,bolsa_social_2026,MAR-SYN-0037,dossie_presente,MAR-SYN-0037-M2,responsavel,32,trabalhador_informal,renda,declaracao_atividade_remunerada,comprovacao_de_renda_detalhada_no_anexo,a_validar,MAR-DOC-000294,ok,2025-08|2025-09|2025-10,2319.00,2319.00,0.97,nenhuma,sim,parcial
marista_dom_silverio,bolsa_social_2026,MAR-SYN-0037,dossie_presente,MAR-SYN-0037-M2,responsavel,32,trabalhador_informal,tributario,irpf_ou_comprovacao_de_nao_declaracao,indicado_na_pesquisa_de_partida,a_validar,MAR-DOC-000295,ok,ultimo_exercicio,nao_se_aplica,nao_se_aplica,0.97,nenhuma,sim,hipotese
marista_dom_silverio,bolsa_social_2026,MAR-SYN-0037,dossie_presente,MAR-SYN-0037-M2,responsavel,32,trabalhador_informal,cadastro_social,folha_resumo_cadunico,criterio_oficial_documento_exato_a_validar,preferencial,MAR-DOC-000296,ok,atual,nao_se_aplica,nao_se_aplica,0.97,nenhuma,sim,parcial
marista_dom_silverio,bolsa_social_2026,MAR-SYN-0038,comprovante_renda_faltante,MAR-SYN-0038-M1,candidato,8,estudante,inscricao,formulario_avaliacao_socioeconomica,todo_candidato,obrigatorio,MAR-DOC-000297,ok,2026,nao_se_aplica,nao_se_aplica,0.97,nenhuma,nao,confirmado
marista_dom_silverio,bolsa_social_2026,MAR-SYN-0038,comprovante_renda_faltante,MAR-SYN-0038-M1,candidato,8,estudante,identificacao,certidao_ou_rg_candidato,documentos_do_candidato_detalhados_no_anexo,a_validar,MAR-DOC-000298,ok,atual,nao_se_aplica,nao_se_aplica,0.97,nenhuma,sim,parcial
marista_dom_silverio,bolsa_social_2026,MAR-SYN-0038,comprovante_renda_faltante,MAR-SYN-0038-M2,responsavel,33,mei,identificacao,rg_cpf_adulto,documentos_do_grupo_detalhados_no_anexo,a_validar,MAR-DOC-000299,ok,atual,nao_se_aplica,nao_se_aplica,0.97,nenhuma,sim,parcial
marista_dom_silverio,bolsa_social_2026,MAR-SYN-0038,comprovante_renda_faltante,MAR-SYN-0038-M2,responsavel,33,mei,residencia,comprovante_endereco,indicado_na_pesquisa_de_partida,a_validar,MAR-DOC-000300,ok,2025-10,nao_se_aplica,nao_se_aplica,0.97,nenhuma,sim,hipotese
marista_dom_silverio,bolsa_social_2026,MAR-SYN-0038,comprovante_renda_faltante,MAR-SYN-0038-M2,responsavel,33,mei,moradia,contrato_e_recibo_aluguel,moradia_alugada,a_validar,MAR-DOC-000301,ok,2025-10,1350.00,1350.00,0.97,nenhuma,sim,hipotese
marista_dom_silverio,bolsa_social_2026,MAR-SYN-0038,comprovante_renda_faltante,MAR-SYN-0038-M2,responsavel,33,mei,renda,dasn_simei,comprovacao_de_renda_detalhada_no_anexo,a_validar,ausente,faltante,2025-08|2025-09|2025-10,2456.00,nao_extraido,0.00,solicitar_documento_faltante,sim,parcial
marista_dom_silverio,bolsa_social_2026,MAR-SYN-0038,comprovante_renda_faltante,MAR-SYN-0038-M2,responsavel,33,mei,tributario,irpf_ou_comprovacao_de_nao_declaracao,indicado_na_pesquisa_de_partida,a_validar,MAR-DOC-000303,ok,ultimo_exercicio,nao_se_aplica,nao_se_aplica,0.97,nenhuma,sim,hipotese
marista_dom_silverio,bolsa_social_2026,MAR-SYN-0038,comprovante_renda_faltante,MAR-SYN-0038-M2,responsavel,33,mei,cadastro_social,folha_resumo_cadunico,criterio_oficial_documento_exato_a_validar,preferencial,MAR-DOC-000304,ok,atual,nao_se_aplica,nao_se_aplica,0.97,nenhuma,sim,parcial
marista_dom_silverio,bolsa_social_2026,MAR-SYN-0039,residencia_ilegivel,MAR-SYN-0039-M1,candidato,9,estudante,inscricao,formulario_avaliacao_socioeconomica,todo_candidato,obrigatorio,MAR-DOC-000305,ok,2026,nao_se_aplica,nao_se_aplica,0.97,nenhuma,nao,confirmado
marista_dom_silverio,bolsa_social_2026,MAR-SYN-0039,residencia_ilegivel,MAR-SYN-0039-M1,candidato,9,estudante,identificacao,certidao_ou_rg_candidato,documentos_do_candidato_detalhados_no_anexo,a_validar,MAR-DOC-000306,ok,atual,nao_se_aplica,nao_se_aplica,0.97,nenhuma,sim,parcial
marista_dom_silverio,bolsa_social_2026,MAR-SYN-0039,residencia_ilegivel,MAR-SYN-0039-M2,responsavel,34,aposentado,identificacao,rg_cpf_adulto,documentos_do_grupo_detalhados_no_anexo,a_validar,MAR-DOC-000307,ok,atual,nao_se_aplica,nao_se_aplica,0.97,nenhuma,sim,parcial
marista_dom_silverio,bolsa_social_2026,MAR-SYN-0039,residencia_ilegivel,MAR-SYN-0039-M2,responsavel,34,aposentado,residencia,comprovante_endereco,indicado_na_pesquisa_de_partida,a_validar,MAR-DOC-000308,ilegivel,2025-10,nao_se_aplica,nao_se_aplica,0.28,solicitar_arquivo_legivel,sim,hipotese
marista_dom_silverio,bolsa_social_2026,MAR-SYN-0039,residencia_ilegivel,MAR-SYN-0039-M2,responsavel,34,aposentado,moradia,comprovante_financiamento,moradia_financiada,a_validar,MAR-DOC-000309,ok,2025-10,1350.00,1350.00,0.97,nenhuma,sim,hipotese
marista_dom_silverio,bolsa_social_2026,MAR-SYN-0039,residencia_ilegivel,MAR-SYN-0039-M2,responsavel,34,aposentado,renda,extrato_beneficio_previdenciario,comprovacao_de_renda_detalhada_no_anexo,a_validar,MAR-DOC-000310,ok,2025-08|2025-09|2025-10,2593.00,2593.00,0.97,nenhuma,sim,parcial
marista_dom_silverio,bolsa_social_2026,MAR-SYN-0039,residencia_ilegivel,MAR-SYN-0039-M2,responsavel,34,aposentado,tributario,irpf_ou_comprovacao_de_nao_declaracao,indicado_na_pesquisa_de_partida,a_validar,MAR-DOC-000311,ok,ultimo_exercicio,nao_se_aplica,nao_se_aplica,0.97,nenhuma,sim,hipotese
marista_dom_silverio,bolsa_social_2026,MAR-SYN-0039,residencia_ilegivel,MAR-SYN-0039-M2,responsavel,34,aposentado,cadastro_social,folha_resumo_cadunico,criterio_oficial_documento_exato_a_validar,preferencial,MAR-DOC-000312,ok,atual,nao_se_aplica,nao_se_aplica,0.97,nenhuma,sim,parcial
marista_dom_silverio,bolsa_social_2026,MAR-SYN-0040,periodo_de_renda_incompleto,MAR-SYN-0040-M1,candidato,10,estudante,inscricao,formulario_avaliacao_socioeconomica,todo_candidato,obrigatorio,MAR-DOC-000313,ok,2026,nao_se_aplica,nao_se_aplica,0.97,nenhuma,nao,confirmado
marista_dom_silverio,bolsa_social_2026,MAR-SYN-0040,periodo_de_renda_incompleto,MAR-SYN-0040-M1,candidato,10,estudante,identificacao,certidao_ou_rg_candidato,documentos_do_candidato_detalhados_no_anexo,a_validar,MAR-DOC-000314,ok,atual,nao_se_aplica,nao_se_aplica,0.97,nenhuma,sim,parcial
marista_dom_silverio,bolsa_social_2026,MAR-SYN-0040,periodo_de_renda_incompleto,MAR-SYN-0040-M2,responsavel,35,desempregado,identificacao,rg_cpf_adulto,documentos_do_grupo_detalhados_no_anexo,a_validar,MAR-DOC-000315,ok,atual,nao_se_aplica,nao_se_aplica,0.97,nenhuma,sim,parcial
marista_dom_silverio,bolsa_social_2026,MAR-SYN-0040,periodo_de_renda_incompleto,MAR-SYN-0040-M2,responsavel,35,desempregado,residencia,comprovante_endereco,indicado_na_pesquisa_de_partida,a_validar,MAR-DOC-000316,ok,2025-10,nao_se_aplica,nao_se_aplica,0.97,nenhuma,sim,hipotese
marista_dom_silverio,bolsa_social_2026,MAR-SYN-0040,periodo_de_renda_incompleto,MAR-SYN-0040-M2,responsavel,35,desempregado,moradia,declaracao_imovel_cedido,moradia_cedida,a_validar,MAR-DOC-000317,ok,2025-10,1350.00,1350.00,0.97,nenhuma,sim,hipotese
marista_dom_silverio,bolsa_social_2026,MAR-SYN-0040,periodo_de_renda_incompleto,MAR-SYN-0040-M2,responsavel,35,desempregado,renda,declaracao_sem_renda_e_cnis,comprovacao_de_renda_detalhada_no_anexo,a_validar,MAR-DOC-000318,periodo_incompleto,2025-08|2025-09|2025-10,2730.00,2730.00,0.89,solicitar_competencias_ausentes,sim,parcial
marista_dom_silverio,bolsa_social_2026,MAR-SYN-0040,periodo_de_renda_incompleto,MAR-SYN-0040-M2,responsavel,35,desempregado,tributario,irpf_ou_comprovacao_de_nao_declaracao,indicado_na_pesquisa_de_partida,a_validar,MAR-DOC-000319,ok,ultimo_exercicio,nao_se_aplica,nao_se_aplica,0.97,nenhuma,sim,hipotese
marista_dom_silverio,bolsa_social_2026,MAR-SYN-0040,periodo_de_renda_incompleto,MAR-SYN-0040-M2,responsavel,35,desempregado,cadastro_social,folha_resumo_cadunico,criterio_oficial_documento_exato_a_validar,preferencial,MAR-DOC-000320,ok,atual,nao_se_aplica,nao_se_aplica,0.97,nenhuma,sim,parcial
marista_dom_silverio,bolsa_social_2026,MAR-SYN-0041,renda_declarada_divergente,MAR-SYN-0041-M1,candidato,11,estudante,inscricao,formulario_avaliacao_socioeconomica,todo_candidato,obrigatorio,MAR-DOC-000321,ok,2026,nao_se_aplica,nao_se_aplica,0.97,nenhuma,nao,confirmado
marista_dom_silverio,bolsa_social_2026,MAR-SYN-0041,renda_declarada_divergente,MAR-SYN-0041-M1,candidato,11,estudante,identificacao,certidao_ou_rg_candidato,documentos_do_candidato_detalhados_no_anexo,a_validar,MAR-DOC-000322,ok,atual,nao_se_aplica,nao_se_aplica,0.97,nenhuma,sim,parcial
marista_dom_silverio,bolsa_social_2026,MAR-SYN-0041,renda_declarada_divergente,MAR-SYN-0041-M2,responsavel,36,assalariado,identificacao,rg_cpf_adulto,documentos_do_grupo_detalhados_no_anexo,a_validar,MAR-DOC-000323,ok,atual,nao_se_aplica,nao_se_aplica,0.97,nenhuma,sim,parcial
marista_dom_silverio,bolsa_social_2026,MAR-SYN-0041,renda_declarada_divergente,MAR-SYN-0041-M2,responsavel,36,assalariado,residencia,comprovante_endereco,indicado_na_pesquisa_de_partida,a_validar,MAR-DOC-000324,ok,2025-10,nao_se_aplica,nao_se_aplica,0.97,nenhuma,sim,hipotese
marista_dom_silverio,bolsa_social_2026,MAR-SYN-0041,renda_declarada_divergente,MAR-SYN-0041-M2,responsavel,36,assalariado,moradia,iptu_ou_irpf,moradia_propria,a_validar,MAR-DOC-000325,ok,2025-10,1350.00,1350.00,0.97,nenhuma,sim,hipotese
marista_dom_silverio,bolsa_social_2026,MAR-SYN-0041,renda_declarada_divergente,MAR-SYN-0041-M2,responsavel,36,assalariado,renda,contracheques,comprovacao_de_renda_detalhada_no_anexo,a_validar,MAR-DOC-000326,divergente,2025-08|2025-09|2025-10,2867.00,3517.00,0.93,comparar_declaracao_e_documento,sim,parcial
marista_dom_silverio,bolsa_social_2026,MAR-SYN-0041,renda_declarada_divergente,MAR-SYN-0041-M2,responsavel,36,assalariado,tributario,irpf_ou_comprovacao_de_nao_declaracao,indicado_na_pesquisa_de_partida,a_validar,MAR-DOC-000327,ok,ultimo_exercicio,nao_se_aplica,nao_se_aplica,0.97,nenhuma,sim,hipotese
marista_dom_silverio,bolsa_social_2026,MAR-SYN-0041,renda_declarada_divergente,MAR-SYN-0041-M2,responsavel,36,assalariado,cadastro_social,folha_resumo_cadunico,criterio_oficial_documento_exato_a_validar,preferencial,MAR-DOC-000328,ok,atual,nao_se_aplica,nao_se_aplica,0.97,nenhuma,sim,parcial
marista_dom_silverio,bolsa_social_2026,MAR-SYN-0042,cadunico_desatualizado,MAR-SYN-0042-M1,candidato,12,estudante,inscricao,formulario_avaliacao_socioeconomica,todo_candidato,obrigatorio,MAR-DOC-000329,ok,2026,nao_se_aplica,nao_se_aplica,0.97,nenhuma,nao,confirmado
marista_dom_silverio,bolsa_social_2026,MAR-SYN-0042,cadunico_desatualizado,MAR-SYN-0042-M1,candidato,12,estudante,identificacao,certidao_ou_rg_candidato,documentos_do_candidato_detalhados_no_anexo,a_validar,MAR-DOC-000330,ok,atual,nao_se_aplica,nao_se_aplica,0.97,nenhuma,sim,parcial
marista_dom_silverio,bolsa_social_2026,MAR-SYN-0042,cadunico_desatualizado,MAR-SYN-0042-M2,responsavel,37,trabalhador_informal,identificacao,rg_cpf_adulto,documentos_do_grupo_detalhados_no_anexo,a_validar,MAR-DOC-000331,ok,atual,nao_se_aplica,nao_se_aplica,0.97,nenhuma,sim,parcial
marista_dom_silverio,bolsa_social_2026,MAR-SYN-0042,cadunico_desatualizado,MAR-SYN-0042-M2,responsavel,37,trabalhador_informal,residencia,comprovante_endereco,indicado_na_pesquisa_de_partida,a_validar,MAR-DOC-000332,ok,2025-10,nao_se_aplica,nao_se_aplica,0.97,nenhuma,sim,hipotese
marista_dom_silverio,bolsa_social_2026,MAR-SYN-0042,cadunico_desatualizado,MAR-SYN-0042-M2,responsavel,37,trabalhador_informal,moradia,contrato_e_recibo_aluguel,moradia_alugada,a_validar,MAR-DOC-000333,ok,2025-10,1350.00,1350.00,0.97,nenhuma,sim,hipotese
marista_dom_silverio,bolsa_social_2026,MAR-SYN-0042,cadunico_desatualizado,MAR-SYN-0042-M2,responsavel,37,trabalhador_informal,renda,declaracao_atividade_remunerada,comprovacao_de_renda_detalhada_no_anexo,a_validar,MAR-DOC-000334,ok,2025-08|2025-09|2025-10,3004.00,3004.00,0.97,nenhuma,sim,parcial
marista_dom_silverio,bolsa_social_2026,MAR-SYN-0042,cadunico_desatualizado,MAR-SYN-0042-M2,responsavel,37,trabalhador_informal,tributario,irpf_ou_comprovacao_de_nao_declaracao,indicado_na_pesquisa_de_partida,a_validar,MAR-DOC-000335,ok,ultimo_exercicio,nao_se_aplica,nao_se_aplica,0.97,nenhuma,sim,hipotese
marista_dom_silverio,bolsa_social_2026,MAR-SYN-0042,cadunico_desatualizado,MAR-SYN-0042-M2,responsavel,37,trabalhador_informal,cadastro_social,folha_resumo_cadunico,criterio_oficial_documento_exato_a_validar,preferencial,MAR-DOC-000336,desatualizado,atual,nao_se_aplica,nao_se_aplica,0.95,solicitar_documento_atualizado,sim,parcial
marista_dom_silverio,bolsa_social_2026,MAR-SYN-0043,dossie_presente,MAR-SYN-0043-M1,candidato,13,estudante,inscricao,formulario_avaliacao_socioeconomica,todo_candidato,obrigatorio,MAR-DOC-000337,ok,2026,nao_se_aplica,nao_se_aplica,0.97,nenhuma,nao,confirmado
marista_dom_silverio,bolsa_social_2026,MAR-SYN-0043,dossie_presente,MAR-SYN-0043-M1,candidato,13,estudante,identificacao,certidao_ou_rg_candidato,documentos_do_candidato_detalhados_no_anexo,a_validar,MAR-DOC-000338,ok,atual,nao_se_aplica,nao_se_aplica,0.97,nenhuma,sim,parcial
marista_dom_silverio,bolsa_social_2026,MAR-SYN-0043,dossie_presente,MAR-SYN-0043-M2,responsavel,38,mei,identificacao,rg_cpf_adulto,documentos_do_grupo_detalhados_no_anexo,a_validar,MAR-DOC-000339,ok,atual,nao_se_aplica,nao_se_aplica,0.97,nenhuma,sim,parcial
marista_dom_silverio,bolsa_social_2026,MAR-SYN-0043,dossie_presente,MAR-SYN-0043-M2,responsavel,38,mei,residencia,comprovante_endereco,indicado_na_pesquisa_de_partida,a_validar,MAR-DOC-000340,ok,2025-10,nao_se_aplica,nao_se_aplica,0.97,nenhuma,sim,hipotese
marista_dom_silverio,bolsa_social_2026,MAR-SYN-0043,dossie_presente,MAR-SYN-0043-M2,responsavel,38,mei,moradia,comprovante_financiamento,moradia_financiada,a_validar,MAR-DOC-000341,ok,2025-10,1350.00,1350.00,0.97,nenhuma,sim,hipotese
marista_dom_silverio,bolsa_social_2026,MAR-SYN-0043,dossie_presente,MAR-SYN-0043-M2,responsavel,38,mei,renda,dasn_simei,comprovacao_de_renda_detalhada_no_anexo,a_validar,MAR-DOC-000342,ok,2025-08|2025-09|2025-10,3141.00,3141.00,0.97,nenhuma,sim,parcial
marista_dom_silverio,bolsa_social_2026,MAR-SYN-0043,dossie_presente,MAR-SYN-0043-M2,responsavel,38,mei,tributario,irpf_ou_comprovacao_de_nao_declaracao,indicado_na_pesquisa_de_partida,a_validar,MAR-DOC-000343,ok,ultimo_exercicio,nao_se_aplica,nao_se_aplica,0.97,nenhuma,sim,hipotese
marista_dom_silverio,bolsa_social_2026,MAR-SYN-0043,dossie_presente,MAR-SYN-0043-M2,responsavel,38,mei,cadastro_social,folha_resumo_cadunico,criterio_oficial_documento_exato_a_validar,preferencial,MAR-DOC-000344,ok,atual,nao_se_aplica,nao_se_aplica,0.97,nenhuma,sim,parcial
marista_dom_silverio,bolsa_social_2026,MAR-SYN-0044,comprovante_renda_faltante,MAR-SYN-0044-M1,candidato,14,estudante,inscricao,formulario_avaliacao_socioeconomica,todo_candidato,obrigatorio,MAR-DOC-000345,ok,2026,nao_se_aplica,nao_se_aplica,0.97,nenhuma,nao,confirmado
marista_dom_silverio,bolsa_social_2026,MAR-SYN-0044,comprovante_renda_faltante,MAR-SYN-0044-M1,candidato,14,estudante,identificacao,certidao_ou_rg_candidato,documentos_do_candidato_detalhados_no_anexo,a_validar,MAR-DOC-000346,ok,atual,nao_se_aplica,nao_se_aplica,0.97,nenhuma,sim,parcial
marista_dom_silverio,bolsa_social_2026,MAR-SYN-0044,comprovante_renda_faltante,MAR-SYN-0044-M2,responsavel,39,aposentado,identificacao,rg_cpf_adulto,documentos_do_grupo_detalhados_no_anexo,a_validar,MAR-DOC-000347,ok,atual,nao_se_aplica,nao_se_aplica,0.97,nenhuma,sim,parcial
marista_dom_silverio,bolsa_social_2026,MAR-SYN-0044,comprovante_renda_faltante,MAR-SYN-0044-M2,responsavel,39,aposentado,residencia,comprovante_endereco,indicado_na_pesquisa_de_partida,a_validar,MAR-DOC-000348,ok,2025-10,nao_se_aplica,nao_se_aplica,0.97,nenhuma,sim,hipotese
marista_dom_silverio,bolsa_social_2026,MAR-SYN-0044,comprovante_renda_faltante,MAR-SYN-0044-M2,responsavel,39,aposentado,moradia,declaracao_imovel_cedido,moradia_cedida,a_validar,MAR-DOC-000349,ok,2025-10,1350.00,1350.00,0.97,nenhuma,sim,hipotese
marista_dom_silverio,bolsa_social_2026,MAR-SYN-0044,comprovante_renda_faltante,MAR-SYN-0044-M2,responsavel,39,aposentado,renda,extrato_beneficio_previdenciario,comprovacao_de_renda_detalhada_no_anexo,a_validar,ausente,faltante,2025-08|2025-09|2025-10,3278.00,nao_extraido,0.00,solicitar_documento_faltante,sim,parcial
marista_dom_silverio,bolsa_social_2026,MAR-SYN-0044,comprovante_renda_faltante,MAR-SYN-0044-M2,responsavel,39,aposentado,tributario,irpf_ou_comprovacao_de_nao_declaracao,indicado_na_pesquisa_de_partida,a_validar,MAR-DOC-000351,ok,ultimo_exercicio,nao_se_aplica,nao_se_aplica,0.97,nenhuma,sim,hipotese
marista_dom_silverio,bolsa_social_2026,MAR-SYN-0044,comprovante_renda_faltante,MAR-SYN-0044-M2,responsavel,39,aposentado,cadastro_social,folha_resumo_cadunico,criterio_oficial_documento_exato_a_validar,preferencial,MAR-DOC-000352,ok,atual,nao_se_aplica,nao_se_aplica,0.97,nenhuma,sim,parcial
marista_dom_silverio,bolsa_social_2026,MAR-SYN-0045,residencia_ilegivel,MAR-SYN-0045-M1,candidato,15,estudante,inscricao,formulario_avaliacao_socioeconomica,todo_candidato,obrigatorio,MAR-DOC-000353,ok,2026,nao_se_aplica,nao_se_aplica,0.97,nenhuma,nao,confirmado
marista_dom_silverio,bolsa_social_2026,MAR-SYN-0045,residencia_ilegivel,MAR-SYN-0045-M1,candidato,15,estudante,identificacao,certidao_ou_rg_candidato,documentos_do_candidato_detalhados_no_anexo,a_validar,MAR-DOC-000354,ok,atual,nao_se_aplica,nao_se_aplica,0.97,nenhuma,sim,parcial
marista_dom_silverio,bolsa_social_2026,MAR-SYN-0045,residencia_ilegivel,MAR-SYN-0045-M2,responsavel,40,desempregado,identificacao,rg_cpf_adulto,documentos_do_grupo_detalhados_no_anexo,a_validar,MAR-DOC-000355,ok,atual,nao_se_aplica,nao_se_aplica,0.97,nenhuma,sim,parcial
marista_dom_silverio,bolsa_social_2026,MAR-SYN-0045,residencia_ilegivel,MAR-SYN-0045-M2,responsavel,40,desempregado,residencia,comprovante_endereco,indicado_na_pesquisa_de_partida,a_validar,MAR-DOC-000356,ilegivel,2025-10,nao_se_aplica,nao_se_aplica,0.28,solicitar_arquivo_legivel,sim,hipotese
marista_dom_silverio,bolsa_social_2026,MAR-SYN-0045,residencia_ilegivel,MAR-SYN-0045-M2,responsavel,40,desempregado,moradia,iptu_ou_irpf,moradia_propria,a_validar,MAR-DOC-000357,ok,2025-10,1350.00,1350.00,0.97,nenhuma,sim,hipotese
marista_dom_silverio,bolsa_social_2026,MAR-SYN-0045,residencia_ilegivel,MAR-SYN-0045-M2,responsavel,40,desempregado,renda,declaracao_sem_renda_e_cnis,comprovacao_de_renda_detalhada_no_anexo,a_validar,MAR-DOC-000358,ok,2025-08|2025-09|2025-10,3415.00,3415.00,0.97,nenhuma,sim,parcial
marista_dom_silverio,bolsa_social_2026,MAR-SYN-0045,residencia_ilegivel,MAR-SYN-0045-M2,responsavel,40,desempregado,tributario,irpf_ou_comprovacao_de_nao_declaracao,indicado_na_pesquisa_de_partida,a_validar,MAR-DOC-000359,ok,ultimo_exercicio,nao_se_aplica,nao_se_aplica,0.97,nenhuma,sim,hipotese
marista_dom_silverio,bolsa_social_2026,MAR-SYN-0045,residencia_ilegivel,MAR-SYN-0045-M2,responsavel,40,desempregado,cadastro_social,folha_resumo_cadunico,criterio_oficial_documento_exato_a_validar,preferencial,MAR-DOC-000360,ok,atual,nao_se_aplica,nao_se_aplica,0.97,nenhuma,sim,parcial
marista_dom_silverio,bolsa_social_2026,MAR-SYN-0046,periodo_de_renda_incompleto,MAR-SYN-0046-M1,candidato,16,estudante,inscricao,formulario_avaliacao_socioeconomica,todo_candidato,obrigatorio,MAR-DOC-000361,ok,2026,nao_se_aplica,nao_se_aplica,0.97,nenhuma,nao,confirmado
marista_dom_silverio,bolsa_social_2026,MAR-SYN-0046,periodo_de_renda_incompleto,MAR-SYN-0046-M1,candidato,16,estudante,identificacao,certidao_ou_rg_candidato,documentos_do_candidato_detalhados_no_anexo,a_validar,MAR-DOC-000362,ok,atual,nao_se_aplica,nao_se_aplica,0.97,nenhuma,sim,parcial
marista_dom_silverio,bolsa_social_2026,MAR-SYN-0046,periodo_de_renda_incompleto,MAR-SYN-0046-M2,responsavel,41,assalariado,identificacao,rg_cpf_adulto,documentos_do_grupo_detalhados_no_anexo,a_validar,MAR-DOC-000363,ok,atual,nao_se_aplica,nao_se_aplica,0.97,nenhuma,sim,parcial
marista_dom_silverio,bolsa_social_2026,MAR-SYN-0046,periodo_de_renda_incompleto,MAR-SYN-0046-M2,responsavel,41,assalariado,residencia,comprovante_endereco,indicado_na_pesquisa_de_partida,a_validar,MAR-DOC-000364,ok,2025-10,nao_se_aplica,nao_se_aplica,0.97,nenhuma,sim,hipotese
marista_dom_silverio,bolsa_social_2026,MAR-SYN-0046,periodo_de_renda_incompleto,MAR-SYN-0046-M2,responsavel,41,assalariado,moradia,contrato_e_recibo_aluguel,moradia_alugada,a_validar,MAR-DOC-000365,ok,2025-10,1350.00,1350.00,0.97,nenhuma,sim,hipotese
marista_dom_silverio,bolsa_social_2026,MAR-SYN-0046,periodo_de_renda_incompleto,MAR-SYN-0046-M2,responsavel,41,assalariado,renda,contracheques,comprovacao_de_renda_detalhada_no_anexo,a_validar,MAR-DOC-000366,periodo_incompleto,2025-08|2025-09|2025-10,3552.00,3552.00,0.89,solicitar_competencias_ausentes,sim,parcial
marista_dom_silverio,bolsa_social_2026,MAR-SYN-0046,periodo_de_renda_incompleto,MAR-SYN-0046-M2,responsavel,41,assalariado,tributario,irpf_ou_comprovacao_de_nao_declaracao,indicado_na_pesquisa_de_partida,a_validar,MAR-DOC-000367,ok,ultimo_exercicio,nao_se_aplica,nao_se_aplica,0.97,nenhuma,sim,hipotese
marista_dom_silverio,bolsa_social_2026,MAR-SYN-0046,periodo_de_renda_incompleto,MAR-SYN-0046-M2,responsavel,41,assalariado,cadastro_social,folha_resumo_cadunico,criterio_oficial_documento_exato_a_validar,preferencial,MAR-DOC-000368,ok,atual,nao_se_aplica,nao_se_aplica,0.97,nenhuma,sim,parcial
marista_dom_silverio,bolsa_social_2026,MAR-SYN-0047,renda_declarada_divergente,MAR-SYN-0047-M1,candidato,17,estudante,inscricao,formulario_avaliacao_socioeconomica,todo_candidato,obrigatorio,MAR-DOC-000369,ok,2026,nao_se_aplica,nao_se_aplica,0.97,nenhuma,nao,confirmado
marista_dom_silverio,bolsa_social_2026,MAR-SYN-0047,renda_declarada_divergente,MAR-SYN-0047-M1,candidato,17,estudante,identificacao,certidao_ou_rg_candidato,documentos_do_candidato_detalhados_no_anexo,a_validar,MAR-DOC-000370,ok,atual,nao_se_aplica,nao_se_aplica,0.97,nenhuma,sim,parcial
marista_dom_silverio,bolsa_social_2026,MAR-SYN-0047,renda_declarada_divergente,MAR-SYN-0047-M2,responsavel,42,trabalhador_informal,identificacao,rg_cpf_adulto,documentos_do_grupo_detalhados_no_anexo,a_validar,MAR-DOC-000371,ok,atual,nao_se_aplica,nao_se_aplica,0.97,nenhuma,sim,parcial
marista_dom_silverio,bolsa_social_2026,MAR-SYN-0047,renda_declarada_divergente,MAR-SYN-0047-M2,responsavel,42,trabalhador_informal,residencia,comprovante_endereco,indicado_na_pesquisa_de_partida,a_validar,MAR-DOC-000372,ok,2025-10,nao_se_aplica,nao_se_aplica,0.97,nenhuma,sim,hipotese
marista_dom_silverio,bolsa_social_2026,MAR-SYN-0047,renda_declarada_divergente,MAR-SYN-0047-M2,responsavel,42,trabalhador_informal,moradia,comprovante_financiamento,moradia_financiada,a_validar,MAR-DOC-000373,ok,2025-10,1350.00,1350.00,0.97,nenhuma,sim,hipotese
marista_dom_silverio,bolsa_social_2026,MAR-SYN-0047,renda_declarada_divergente,MAR-SYN-0047-M2,responsavel,42,trabalhador_informal,renda,declaracao_atividade_remunerada,comprovacao_de_renda_detalhada_no_anexo,a_validar,MAR-DOC-000374,divergente,2025-08|2025-09|2025-10,3689.00,4339.00,0.93,comparar_declaracao_e_documento,sim,parcial
marista_dom_silverio,bolsa_social_2026,MAR-SYN-0047,renda_declarada_divergente,MAR-SYN-0047-M2,responsavel,42,trabalhador_informal,tributario,irpf_ou_comprovacao_de_nao_declaracao,indicado_na_pesquisa_de_partida,a_validar,MAR-DOC-000375,ok,ultimo_exercicio,nao_se_aplica,nao_se_aplica,0.97,nenhuma,sim,hipotese
marista_dom_silverio,bolsa_social_2026,MAR-SYN-0047,renda_declarada_divergente,MAR-SYN-0047-M2,responsavel,42,trabalhador_informal,cadastro_social,folha_resumo_cadunico,criterio_oficial_documento_exato_a_validar,preferencial,MAR-DOC-000376,ok,atual,nao_se_aplica,nao_se_aplica,0.97,nenhuma,sim,parcial
marista_dom_silverio,bolsa_social_2026,MAR-SYN-0048,cadunico_desatualizado,MAR-SYN-0048-M1,candidato,6,estudante,inscricao,formulario_avaliacao_socioeconomica,todo_candidato,obrigatorio,MAR-DOC-000377,ok,2026,nao_se_aplica,nao_se_aplica,0.97,nenhuma,nao,confirmado
marista_dom_silverio,bolsa_social_2026,MAR-SYN-0048,cadunico_desatualizado,MAR-SYN-0048-M1,candidato,6,estudante,identificacao,certidao_ou_rg_candidato,documentos_do_candidato_detalhados_no_anexo,a_validar,MAR-DOC-000378,ok,atual,nao_se_aplica,nao_se_aplica,0.97,nenhuma,sim,parcial
marista_dom_silverio,bolsa_social_2026,MAR-SYN-0048,cadunico_desatualizado,MAR-SYN-0048-M2,responsavel,43,mei,identificacao,rg_cpf_adulto,documentos_do_grupo_detalhados_no_anexo,a_validar,MAR-DOC-000379,ok,atual,nao_se_aplica,nao_se_aplica,0.97,nenhuma,sim,parcial
marista_dom_silverio,bolsa_social_2026,MAR-SYN-0048,cadunico_desatualizado,MAR-SYN-0048-M2,responsavel,43,mei,residencia,comprovante_endereco,indicado_na_pesquisa_de_partida,a_validar,MAR-DOC-000380,ok,2025-10,nao_se_aplica,nao_se_aplica,0.97,nenhuma,sim,hipotese
marista_dom_silverio,bolsa_social_2026,MAR-SYN-0048,cadunico_desatualizado,MAR-SYN-0048-M2,responsavel,43,mei,moradia,declaracao_imovel_cedido,moradia_cedida,a_validar,MAR-DOC-000381,ok,2025-10,1350.00,1350.00,0.97,nenhuma,sim,hipotese
marista_dom_silverio,bolsa_social_2026,MAR-SYN-0048,cadunico_desatualizado,MAR-SYN-0048-M2,responsavel,43,mei,renda,dasn_simei,comprovacao_de_renda_detalhada_no_anexo,a_validar,MAR-DOC-000382,ok,2025-08|2025-09|2025-10,3826.00,3826.00,0.97,nenhuma,sim,parcial
marista_dom_silverio,bolsa_social_2026,MAR-SYN-0048,cadunico_desatualizado,MAR-SYN-0048-M2,responsavel,43,mei,tributario,irpf_ou_comprovacao_de_nao_declaracao,indicado_na_pesquisa_de_partida,a_validar,MAR-DOC-000383,ok,ultimo_exercicio,nao_se_aplica,nao_se_aplica,0.97,nenhuma,sim,hipotese
marista_dom_silverio,bolsa_social_2026,MAR-SYN-0048,cadunico_desatualizado,MAR-SYN-0048-M2,responsavel,43,mei,cadastro_social,folha_resumo_cadunico,criterio_oficial_documento_exato_a_validar,preferencial,MAR-DOC-000384,desatualizado,atual,nao_se_aplica,nao_se_aplica,0.95,solicitar_documento_atualizado,sim,parcial
marista_dom_silverio,bolsa_social_2026,MAR-SYN-0049,dossie_presente,MAR-SYN-0049-M1,candidato,7,estudante,inscricao,formulario_avaliacao_socioeconomica,todo_candidato,obrigatorio,MAR-DOC-000385,ok,2026,nao_se_aplica,nao_se_aplica,0.97,nenhuma,nao,confirmado
marista_dom_silverio,bolsa_social_2026,MAR-SYN-0049,dossie_presente,MAR-SYN-0049-M1,candidato,7,estudante,identificacao,certidao_ou_rg_candidato,documentos_do_candidato_detalhados_no_anexo,a_validar,MAR-DOC-000386,ok,atual,nao_se_aplica,nao_se_aplica,0.97,nenhuma,sim,parcial
marista_dom_silverio,bolsa_social_2026,MAR-SYN-0049,dossie_presente,MAR-SYN-0049-M2,responsavel,44,aposentado,identificacao,rg_cpf_adulto,documentos_do_grupo_detalhados_no_anexo,a_validar,MAR-DOC-000387,ok,atual,nao_se_aplica,nao_se_aplica,0.97,nenhuma,sim,parcial
marista_dom_silverio,bolsa_social_2026,MAR-SYN-0049,dossie_presente,MAR-SYN-0049-M2,responsavel,44,aposentado,residencia,comprovante_endereco,indicado_na_pesquisa_de_partida,a_validar,MAR-DOC-000388,ok,2025-10,nao_se_aplica,nao_se_aplica,0.97,nenhuma,sim,hipotese
marista_dom_silverio,bolsa_social_2026,MAR-SYN-0049,dossie_presente,MAR-SYN-0049-M2,responsavel,44,aposentado,moradia,iptu_ou_irpf,moradia_propria,a_validar,MAR-DOC-000389,ok,2025-10,1350.00,1350.00,0.97,nenhuma,sim,hipotese
marista_dom_silverio,bolsa_social_2026,MAR-SYN-0049,dossie_presente,MAR-SYN-0049-M2,responsavel,44,aposentado,renda,extrato_beneficio_previdenciario,comprovacao_de_renda_detalhada_no_anexo,a_validar,MAR-DOC-000390,ok,2025-08|2025-09|2025-10,3963.00,3963.00,0.97,nenhuma,sim,parcial
marista_dom_silverio,bolsa_social_2026,MAR-SYN-0049,dossie_presente,MAR-SYN-0049-M2,responsavel,44,aposentado,tributario,irpf_ou_comprovacao_de_nao_declaracao,indicado_na_pesquisa_de_partida,a_validar,MAR-DOC-000391,ok,ultimo_exercicio,nao_se_aplica,nao_se_aplica,0.97,nenhuma,sim,hipotese
marista_dom_silverio,bolsa_social_2026,MAR-SYN-0049,dossie_presente,MAR-SYN-0049-M2,responsavel,44,aposentado,cadastro_social,folha_resumo_cadunico,criterio_oficial_documento_exato_a_validar,preferencial,MAR-DOC-000392,ok,atual,nao_se_aplica,nao_se_aplica,0.97,nenhuma,sim,parcial
marista_dom_silverio,bolsa_social_2026,MAR-SYN-0050,comprovante_renda_faltante,MAR-SYN-0050-M1,candidato,8,estudante,inscricao,formulario_avaliacao_socioeconomica,todo_candidato,obrigatorio,MAR-DOC-000393,ok,2026,nao_se_aplica,nao_se_aplica,0.97,nenhuma,nao,confirmado
marista_dom_silverio,bolsa_social_2026,MAR-SYN-0050,comprovante_renda_faltante,MAR-SYN-0050-M1,candidato,8,estudante,identificacao,certidao_ou_rg_candidato,documentos_do_candidato_detalhados_no_anexo,a_validar,MAR-DOC-000394,ok,atual,nao_se_aplica,nao_se_aplica,0.97,nenhuma,sim,parcial
marista_dom_silverio,bolsa_social_2026,MAR-SYN-0050,comprovante_renda_faltante,MAR-SYN-0050-M2,responsavel,45,desempregado,identificacao,rg_cpf_adulto,documentos_do_grupo_detalhados_no_anexo,a_validar,MAR-DOC-000395,ok,atual,nao_se_aplica,nao_se_aplica,0.97,nenhuma,sim,parcial
marista_dom_silverio,bolsa_social_2026,MAR-SYN-0050,comprovante_renda_faltante,MAR-SYN-0050-M2,responsavel,45,desempregado,residencia,comprovante_endereco,indicado_na_pesquisa_de_partida,a_validar,MAR-DOC-000396,ok,2025-10,nao_se_aplica,nao_se_aplica,0.97,nenhuma,sim,hipotese
marista_dom_silverio,bolsa_social_2026,MAR-SYN-0050,comprovante_renda_faltante,MAR-SYN-0050-M2,responsavel,45,desempregado,moradia,contrato_e_recibo_aluguel,moradia_alugada,a_validar,MAR-DOC-000397,ok,2025-10,1350.00,1350.00,0.97,nenhuma,sim,hipotese
marista_dom_silverio,bolsa_social_2026,MAR-SYN-0050,comprovante_renda_faltante,MAR-SYN-0050-M2,responsavel,45,desempregado,renda,declaracao_sem_renda_e_cnis,comprovacao_de_renda_detalhada_no_anexo,a_validar,ausente,faltante,2025-08|2025-09|2025-10,4100.00,nao_extraido,0.00,solicitar_documento_faltante,sim,parcial
marista_dom_silverio,bolsa_social_2026,MAR-SYN-0050,comprovante_renda_faltante,MAR-SYN-0050-M2,responsavel,45,desempregado,tributario,irpf_ou_comprovacao_de_nao_declaracao,indicado_na_pesquisa_de_partida,a_validar,MAR-DOC-000399,ok,ultimo_exercicio,nao_se_aplica,nao_se_aplica,0.97,nenhuma,sim,hipotese
marista_dom_silverio,bolsa_social_2026,MAR-SYN-0050,comprovante_renda_faltante,MAR-SYN-0050-M2,responsavel,45,desempregado,cadastro_social,folha_resumo_cadunico,criterio_oficial_documento_exato_a_validar,preferencial,MAR-DOC-000400,ok,atual,nao_se_aplica,nao_se_aplica,0.97,nenhuma,sim,parcial
marista_dom_silverio,bolsa_social_2026,MAR-SYN-0051,residencia_ilegivel,MAR-SYN-0051-M1,candidato,9,estudante,inscricao,formulario_avaliacao_socioeconomica,todo_candidato,obrigatorio,MAR-DOC-000401,ok,2026,nao_se_aplica,nao_se_aplica,0.97,nenhuma,nao,confirmado
marista_dom_silverio,bolsa_social_2026,MAR-SYN-0051,residencia_ilegivel,MAR-SYN-0051-M1,candidato,9,estudante,identificacao,certidao_ou_rg_candidato,documentos_do_candidato_detalhados_no_anexo,a_validar,MAR-DOC-000402,ok,atual,nao_se_aplica,nao_se_aplica,0.97,nenhuma,sim,parcial
marista_dom_silverio,bolsa_social_2026,MAR-SYN-0051,residencia_ilegivel,MAR-SYN-0051-M2,responsavel,46,assalariado,identificacao,rg_cpf_adulto,documentos_do_grupo_detalhados_no_anexo,a_validar,MAR-DOC-000403,ok,atual,nao_se_aplica,nao_se_aplica,0.97,nenhuma,sim,parcial
marista_dom_silverio,bolsa_social_2026,MAR-SYN-0051,residencia_ilegivel,MAR-SYN-0051-M2,responsavel,46,assalariado,residencia,comprovante_endereco,indicado_na_pesquisa_de_partida,a_validar,MAR-DOC-000404,ilegivel,2025-10,nao_se_aplica,nao_se_aplica,0.28,solicitar_arquivo_legivel,sim,hipotese
marista_dom_silverio,bolsa_social_2026,MAR-SYN-0051,residencia_ilegivel,MAR-SYN-0051-M2,responsavel,46,assalariado,moradia,comprovante_financiamento,moradia_financiada,a_validar,MAR-DOC-000405,ok,2025-10,1350.00,1350.00,0.97,nenhuma,sim,hipotese
marista_dom_silverio,bolsa_social_2026,MAR-SYN-0051,residencia_ilegivel,MAR-SYN-0051-M2,responsavel,46,assalariado,renda,contracheques,comprovacao_de_renda_detalhada_no_anexo,a_validar,MAR-DOC-000406,ok,2025-08|2025-09|2025-10,4237.00,4237.00,0.97,nenhuma,sim,parcial
marista_dom_silverio,bolsa_social_2026,MAR-SYN-0051,residencia_ilegivel,MAR-SYN-0051-M2,responsavel,46,assalariado,tributario,irpf_ou_comprovacao_de_nao_declaracao,indicado_na_pesquisa_de_partida,a_validar,MAR-DOC-000407,ok,ultimo_exercicio,nao_se_aplica,nao_se_aplica,0.97,nenhuma,sim,hipotese
marista_dom_silverio,bolsa_social_2026,MAR-SYN-0051,residencia_ilegivel,MAR-SYN-0051-M2,responsavel,46,assalariado,cadastro_social,folha_resumo_cadunico,criterio_oficial_documento_exato_a_validar,preferencial,MAR-DOC-000408,ok,atual,nao_se_aplica,nao_se_aplica,0.97,nenhuma,sim,parcial
marista_dom_silverio,bolsa_social_2026,MAR-SYN-0052,periodo_de_renda_incompleto,MAR-SYN-0052-M1,candidato,10,estudante,inscricao,formulario_avaliacao_socioeconomica,todo_candidato,obrigatorio,MAR-DOC-000409,ok,2026,nao_se_aplica,nao_se_aplica,0.97,nenhuma,nao,confirmado
marista_dom_silverio,bolsa_social_2026,MAR-SYN-0052,periodo_de_renda_incompleto,MAR-SYN-0052-M1,candidato,10,estudante,identificacao,certidao_ou_rg_candidato,documentos_do_candidato_detalhados_no_anexo,a_validar,MAR-DOC-000410,ok,atual,nao_se_aplica,nao_se_aplica,0.97,nenhuma,sim,parcial
marista_dom_silverio,bolsa_social_2026,MAR-SYN-0052,periodo_de_renda_incompleto,MAR-SYN-0052-M2,responsavel,47,trabalhador_informal,identificacao,rg_cpf_adulto,documentos_do_grupo_detalhados_no_anexo,a_validar,MAR-DOC-000411,ok,atual,nao_se_aplica,nao_se_aplica,0.97,nenhuma,sim,parcial
marista_dom_silverio,bolsa_social_2026,MAR-SYN-0052,periodo_de_renda_incompleto,MAR-SYN-0052-M2,responsavel,47,trabalhador_informal,residencia,comprovante_endereco,indicado_na_pesquisa_de_partida,a_validar,MAR-DOC-000412,ok,2025-10,nao_se_aplica,nao_se_aplica,0.97,nenhuma,sim,hipotese
marista_dom_silverio,bolsa_social_2026,MAR-SYN-0052,periodo_de_renda_incompleto,MAR-SYN-0052-M2,responsavel,47,trabalhador_informal,moradia,declaracao_imovel_cedido,moradia_cedida,a_validar,MAR-DOC-000413,ok,2025-10,1350.00,1350.00,0.97,nenhuma,sim,hipotese
marista_dom_silverio,bolsa_social_2026,MAR-SYN-0052,periodo_de_renda_incompleto,MAR-SYN-0052-M2,responsavel,47,trabalhador_informal,renda,declaracao_atividade_remunerada,comprovacao_de_renda_detalhada_no_anexo,a_validar,MAR-DOC-000414,periodo_incompleto,2025-08|2025-09|2025-10,4374.00,4374.00,0.89,solicitar_competencias_ausentes,sim,parcial
marista_dom_silverio,bolsa_social_2026,MAR-SYN-0052,periodo_de_renda_incompleto,MAR-SYN-0052-M2,responsavel,47,trabalhador_informal,tributario,irpf_ou_comprovacao_de_nao_declaracao,indicado_na_pesquisa_de_partida,a_validar,MAR-DOC-000415,ok,ultimo_exercicio,nao_se_aplica,nao_se_aplica,0.97,nenhuma,sim,hipotese
marista_dom_silverio,bolsa_social_2026,MAR-SYN-0052,periodo_de_renda_incompleto,MAR-SYN-0052-M2,responsavel,47,trabalhador_informal,cadastro_social,folha_resumo_cadunico,criterio_oficial_documento_exato_a_validar,preferencial,MAR-DOC-000416,ok,atual,nao_se_aplica,nao_se_aplica,0.97,nenhuma,sim,parcial
marista_dom_silverio,bolsa_social_2026,MAR-SYN-0053,renda_declarada_divergente,MAR-SYN-0053-M1,candidato,11,estudante,inscricao,formulario_avaliacao_socioeconomica,todo_candidato,obrigatorio,MAR-DOC-000417,ok,2026,nao_se_aplica,nao_se_aplica,0.97,nenhuma,nao,confirmado
marista_dom_silverio,bolsa_social_2026,MAR-SYN-0053,renda_declarada_divergente,MAR-SYN-0053-M1,candidato,11,estudante,identificacao,certidao_ou_rg_candidato,documentos_do_candidato_detalhados_no_anexo,a_validar,MAR-DOC-000418,ok,atual,nao_se_aplica,nao_se_aplica,0.97,nenhuma,sim,parcial
marista_dom_silverio,bolsa_social_2026,MAR-SYN-0053,renda_declarada_divergente,MAR-SYN-0053-M2,responsavel,48,mei,identificacao,rg_cpf_adulto,documentos_do_grupo_detalhados_no_anexo,a_validar,MAR-DOC-000419,ok,atual,nao_se_aplica,nao_se_aplica,0.97,nenhuma,sim,parcial
marista_dom_silverio,bolsa_social_2026,MAR-SYN-0053,renda_declarada_divergente,MAR-SYN-0053-M2,responsavel,48,mei,residencia,comprovante_endereco,indicado_na_pesquisa_de_partida,a_validar,MAR-DOC-000420,ok,2025-10,nao_se_aplica,nao_se_aplica,0.97,nenhuma,sim,hipotese
marista_dom_silverio,bolsa_social_2026,MAR-SYN-0053,renda_declarada_divergente,MAR-SYN-0053-M2,responsavel,48,mei,moradia,iptu_ou_irpf,moradia_propria,a_validar,MAR-DOC-000421,ok,2025-10,1350.00,1350.00,0.97,nenhuma,sim,hipotese
marista_dom_silverio,bolsa_social_2026,MAR-SYN-0053,renda_declarada_divergente,MAR-SYN-0053-M2,responsavel,48,mei,renda,dasn_simei,comprovacao_de_renda_detalhada_no_anexo,a_validar,MAR-DOC-000422,divergente,2025-08|2025-09|2025-10,4511.00,5161.00,0.93,comparar_declaracao_e_documento,sim,parcial
marista_dom_silverio,bolsa_social_2026,MAR-SYN-0053,renda_declarada_divergente,MAR-SYN-0053-M2,responsavel,48,mei,tributario,irpf_ou_comprovacao_de_nao_declaracao,indicado_na_pesquisa_de_partida,a_validar,MAR-DOC-000423,ok,ultimo_exercicio,nao_se_aplica,nao_se_aplica,0.97,nenhuma,sim,hipotese
marista_dom_silverio,bolsa_social_2026,MAR-SYN-0053,renda_declarada_divergente,MAR-SYN-0053-M2,responsavel,48,mei,cadastro_social,folha_resumo_cadunico,criterio_oficial_documento_exato_a_validar,preferencial,MAR-DOC-000424,ok,atual,nao_se_aplica,nao_se_aplica,0.97,nenhuma,sim,parcial
marista_dom_silverio,bolsa_social_2026,MAR-SYN-0054,cadunico_desatualizado,MAR-SYN-0054-M1,candidato,12,estudante,inscricao,formulario_avaliacao_socioeconomica,todo_candidato,obrigatorio,MAR-DOC-000425,ok,2026,nao_se_aplica,nao_se_aplica,0.97,nenhuma,nao,confirmado
marista_dom_silverio,bolsa_social_2026,MAR-SYN-0054,cadunico_desatualizado,MAR-SYN-0054-M1,candidato,12,estudante,identificacao,certidao_ou_rg_candidato,documentos_do_candidato_detalhados_no_anexo,a_validar,MAR-DOC-000426,ok,atual,nao_se_aplica,nao_se_aplica,0.97,nenhuma,sim,parcial
marista_dom_silverio,bolsa_social_2026,MAR-SYN-0054,cadunico_desatualizado,MAR-SYN-0054-M2,responsavel,49,aposentado,identificacao,rg_cpf_adulto,documentos_do_grupo_detalhados_no_anexo,a_validar,MAR-DOC-000427,ok,atual,nao_se_aplica,nao_se_aplica,0.97,nenhuma,sim,parcial
marista_dom_silverio,bolsa_social_2026,MAR-SYN-0054,cadunico_desatualizado,MAR-SYN-0054-M2,responsavel,49,aposentado,residencia,comprovante_endereco,indicado_na_pesquisa_de_partida,a_validar,MAR-DOC-000428,ok,2025-10,nao_se_aplica,nao_se_aplica,0.97,nenhuma,sim,hipotese
marista_dom_silverio,bolsa_social_2026,MAR-SYN-0054,cadunico_desatualizado,MAR-SYN-0054-M2,responsavel,49,aposentado,moradia,contrato_e_recibo_aluguel,moradia_alugada,a_validar,MAR-DOC-000429,ok,2025-10,1350.00,1350.00,0.97,nenhuma,sim,hipotese
marista_dom_silverio,bolsa_social_2026,MAR-SYN-0054,cadunico_desatualizado,MAR-SYN-0054-M2,responsavel,49,aposentado,renda,extrato_beneficio_previdenciario,comprovacao_de_renda_detalhada_no_anexo,a_validar,MAR-DOC-000430,ok,2025-08|2025-09|2025-10,4648.00,4648.00,0.97,nenhuma,sim,parcial
marista_dom_silverio,bolsa_social_2026,MAR-SYN-0054,cadunico_desatualizado,MAR-SYN-0054-M2,responsavel,49,aposentado,tributario,irpf_ou_comprovacao_de_nao_declaracao,indicado_na_pesquisa_de_partida,a_validar,MAR-DOC-000431,ok,ultimo_exercicio,nao_se_aplica,nao_se_aplica,0.97,nenhuma,sim,hipotese
marista_dom_silverio,bolsa_social_2026,MAR-SYN-0054,cadunico_desatualizado,MAR-SYN-0054-M2,responsavel,49,aposentado,cadastro_social,folha_resumo_cadunico,criterio_oficial_documento_exato_a_validar,preferencial,MAR-DOC-000432,desatualizado,atual,nao_se_aplica,nao_se_aplica,0.95,solicitar_documento_atualizado,sim,parcial
marista_dom_silverio,bolsa_social_2026,MAR-SYN-0055,dossie_presente,MAR-SYN-0055-M1,candidato,13,estudante,inscricao,formulario_avaliacao_socioeconomica,todo_candidato,obrigatorio,MAR-DOC-000433,ok,2026,nao_se_aplica,nao_se_aplica,0.97,nenhuma,nao,confirmado
marista_dom_silverio,bolsa_social_2026,MAR-SYN-0055,dossie_presente,MAR-SYN-0055-M1,candidato,13,estudante,identificacao,certidao_ou_rg_candidato,documentos_do_candidato_detalhados_no_anexo,a_validar,MAR-DOC-000434,ok,atual,nao_se_aplica,nao_se_aplica,0.97,nenhuma,sim,parcial
marista_dom_silverio,bolsa_social_2026,MAR-SYN-0055,dossie_presente,MAR-SYN-0055-M2,responsavel,50,desempregado,identificacao,rg_cpf_adulto,documentos_do_grupo_detalhados_no_anexo,a_validar,MAR-DOC-000435,ok,atual,nao_se_aplica,nao_se_aplica,0.97,nenhuma,sim,parcial
marista_dom_silverio,bolsa_social_2026,MAR-SYN-0055,dossie_presente,MAR-SYN-0055-M2,responsavel,50,desempregado,residencia,comprovante_endereco,indicado_na_pesquisa_de_partida,a_validar,MAR-DOC-000436,ok,2025-10,nao_se_aplica,nao_se_aplica,0.97,nenhuma,sim,hipotese
marista_dom_silverio,bolsa_social_2026,MAR-SYN-0055,dossie_presente,MAR-SYN-0055-M2,responsavel,50,desempregado,moradia,comprovante_financiamento,moradia_financiada,a_validar,MAR-DOC-000437,ok,2025-10,1350.00,1350.00,0.97,nenhuma,sim,hipotese
marista_dom_silverio,bolsa_social_2026,MAR-SYN-0055,dossie_presente,MAR-SYN-0055-M2,responsavel,50,desempregado,renda,declaracao_sem_renda_e_cnis,comprovacao_de_renda_detalhada_no_anexo,a_validar,MAR-DOC-000438,ok,2025-08|2025-09|2025-10,4785.00,4785.00,0.97,nenhuma,sim,parcial
marista_dom_silverio,bolsa_social_2026,MAR-SYN-0055,dossie_presente,MAR-SYN-0055-M2,responsavel,50,desempregado,tributario,irpf_ou_comprovacao_de_nao_declaracao,indicado_na_pesquisa_de_partida,a_validar,MAR-DOC-000439,ok,ultimo_exercicio,nao_se_aplica,nao_se_aplica,0.97,nenhuma,sim,hipotese
marista_dom_silverio,bolsa_social_2026,MAR-SYN-0055,dossie_presente,MAR-SYN-0055-M2,responsavel,50,desempregado,cadastro_social,folha_resumo_cadunico,criterio_oficial_documento_exato_a_validar,preferencial,MAR-DOC-000440,ok,atual,nao_se_aplica,nao_se_aplica,0.97,nenhuma,sim,parcial
marista_dom_silverio,bolsa_social_2026,MAR-SYN-0056,comprovante_renda_faltante,MAR-SYN-0056-M1,candidato,14,estudante,inscricao,formulario_avaliacao_socioeconomica,todo_candidato,obrigatorio,MAR-DOC-000441,ok,2026,nao_se_aplica,nao_se_aplica,0.97,nenhuma,nao,confirmado
marista_dom_silverio,bolsa_social_2026,MAR-SYN-0056,comprovante_renda_faltante,MAR-SYN-0056-M1,candidato,14,estudante,identificacao,certidao_ou_rg_candidato,documentos_do_candidato_detalhados_no_anexo,a_validar,MAR-DOC-000442,ok,atual,nao_se_aplica,nao_se_aplica,0.97,nenhuma,sim,parcial
marista_dom_silverio,bolsa_social_2026,MAR-SYN-0056,comprovante_renda_faltante,MAR-SYN-0056-M2,responsavel,51,assalariado,identificacao,rg_cpf_adulto,documentos_do_grupo_detalhados_no_anexo,a_validar,MAR-DOC-000443,ok,atual,nao_se_aplica,nao_se_aplica,0.97,nenhuma,sim,parcial
marista_dom_silverio,bolsa_social_2026,MAR-SYN-0056,comprovante_renda_faltante,MAR-SYN-0056-M2,responsavel,51,assalariado,residencia,comprovante_endereco,indicado_na_pesquisa_de_partida,a_validar,MAR-DOC-000444,ok,2025-10,nao_se_aplica,nao_se_aplica,0.97,nenhuma,sim,hipotese
marista_dom_silverio,bolsa_social_2026,MAR-SYN-0056,comprovante_renda_faltante,MAR-SYN-0056-M2,responsavel,51,assalariado,moradia,declaracao_imovel_cedido,moradia_cedida,a_validar,MAR-DOC-000445,ok,2025-10,1350.00,1350.00,0.97,nenhuma,sim,hipotese
marista_dom_silverio,bolsa_social_2026,MAR-SYN-0056,comprovante_renda_faltante,MAR-SYN-0056-M2,responsavel,51,assalariado,renda,contracheques,comprovacao_de_renda_detalhada_no_anexo,a_validar,ausente,faltante,2025-08|2025-09|2025-10,4922.00,nao_extraido,0.00,solicitar_documento_faltante,sim,parcial
marista_dom_silverio,bolsa_social_2026,MAR-SYN-0056,comprovante_renda_faltante,MAR-SYN-0056-M2,responsavel,51,assalariado,tributario,irpf_ou_comprovacao_de_nao_declaracao,indicado_na_pesquisa_de_partida,a_validar,MAR-DOC-000447,ok,ultimo_exercicio,nao_se_aplica,nao_se_aplica,0.97,nenhuma,sim,hipotese
marista_dom_silverio,bolsa_social_2026,MAR-SYN-0056,comprovante_renda_faltante,MAR-SYN-0056-M2,responsavel,51,assalariado,cadastro_social,folha_resumo_cadunico,criterio_oficial_documento_exato_a_validar,preferencial,MAR-DOC-000448,ok,atual,nao_se_aplica,nao_se_aplica,0.97,nenhuma,sim,parcial
marista_dom_silverio,bolsa_social_2026,MAR-SYN-0057,residencia_ilegivel,MAR-SYN-0057-M1,candidato,15,estudante,inscricao,formulario_avaliacao_socioeconomica,todo_candidato,obrigatorio,MAR-DOC-000449,ok,2026,nao_se_aplica,nao_se_aplica,0.97,nenhuma,nao,confirmado
marista_dom_silverio,bolsa_social_2026,MAR-SYN-0057,residencia_ilegivel,MAR-SYN-0057-M1,candidato,15,estudante,identificacao,certidao_ou_rg_candidato,documentos_do_candidato_detalhados_no_anexo,a_validar,MAR-DOC-000450,ok,atual,nao_se_aplica,nao_se_aplica,0.97,nenhuma,sim,parcial
marista_dom_silverio,bolsa_social_2026,MAR-SYN-0057,residencia_ilegivel,MAR-SYN-0057-M2,responsavel,52,trabalhador_informal,identificacao,rg_cpf_adulto,documentos_do_grupo_detalhados_no_anexo,a_validar,MAR-DOC-000451,ok,atual,nao_se_aplica,nao_se_aplica,0.97,nenhuma,sim,parcial
marista_dom_silverio,bolsa_social_2026,MAR-SYN-0057,residencia_ilegivel,MAR-SYN-0057-M2,responsavel,52,trabalhador_informal,residencia,comprovante_endereco,indicado_na_pesquisa_de_partida,a_validar,MAR-DOC-000452,ilegivel,2025-10,nao_se_aplica,nao_se_aplica,0.28,solicitar_arquivo_legivel,sim,hipotese
marista_dom_silverio,bolsa_social_2026,MAR-SYN-0057,residencia_ilegivel,MAR-SYN-0057-M2,responsavel,52,trabalhador_informal,moradia,iptu_ou_irpf,moradia_propria,a_validar,MAR-DOC-000453,ok,2025-10,1350.00,1350.00,0.97,nenhuma,sim,hipotese
marista_dom_silverio,bolsa_social_2026,MAR-SYN-0057,residencia_ilegivel,MAR-SYN-0057-M2,responsavel,52,trabalhador_informal,renda,declaracao_atividade_remunerada,comprovacao_de_renda_detalhada_no_anexo,a_validar,MAR-DOC-000454,ok,2025-08|2025-09|2025-10,5059.00,5059.00,0.97,nenhuma,sim,parcial
marista_dom_silverio,bolsa_social_2026,MAR-SYN-0057,residencia_ilegivel,MAR-SYN-0057-M2,responsavel,52,trabalhador_informal,tributario,irpf_ou_comprovacao_de_nao_declaracao,indicado_na_pesquisa_de_partida,a_validar,MAR-DOC-000455,ok,ultimo_exercicio,nao_se_aplica,nao_se_aplica,0.97,nenhuma,sim,hipotese
marista_dom_silverio,bolsa_social_2026,MAR-SYN-0057,residencia_ilegivel,MAR-SYN-0057-M2,responsavel,52,trabalhador_informal,cadastro_social,folha_resumo_cadunico,criterio_oficial_documento_exato_a_validar,preferencial,MAR-DOC-000456,ok,atual,nao_se_aplica,nao_se_aplica,0.97,nenhuma,sim,parcial
marista_dom_silverio,bolsa_social_2026,MAR-SYN-0058,periodo_de_renda_incompleto,MAR-SYN-0058-M1,candidato,16,estudante,inscricao,formulario_avaliacao_socioeconomica,todo_candidato,obrigatorio,MAR-DOC-000457,ok,2026,nao_se_aplica,nao_se_aplica,0.97,nenhuma,nao,confirmado
marista_dom_silverio,bolsa_social_2026,MAR-SYN-0058,periodo_de_renda_incompleto,MAR-SYN-0058-M1,candidato,16,estudante,identificacao,certidao_ou_rg_candidato,documentos_do_candidato_detalhados_no_anexo,a_validar,MAR-DOC-000458,ok,atual,nao_se_aplica,nao_se_aplica,0.97,nenhuma,sim,parcial
marista_dom_silverio,bolsa_social_2026,MAR-SYN-0058,periodo_de_renda_incompleto,MAR-SYN-0058-M2,responsavel,53,mei,identificacao,rg_cpf_adulto,documentos_do_grupo_detalhados_no_anexo,a_validar,MAR-DOC-000459,ok,atual,nao_se_aplica,nao_se_aplica,0.97,nenhuma,sim,parcial
marista_dom_silverio,bolsa_social_2026,MAR-SYN-0058,periodo_de_renda_incompleto,MAR-SYN-0058-M2,responsavel,53,mei,residencia,comprovante_endereco,indicado_na_pesquisa_de_partida,a_validar,MAR-DOC-000460,ok,2025-10,nao_se_aplica,nao_se_aplica,0.97,nenhuma,sim,hipotese
marista_dom_silverio,bolsa_social_2026,MAR-SYN-0058,periodo_de_renda_incompleto,MAR-SYN-0058-M2,responsavel,53,mei,moradia,contrato_e_recibo_aluguel,moradia_alugada,a_validar,MAR-DOC-000461,ok,2025-10,1350.00,1350.00,0.97,nenhuma,sim,hipotese
marista_dom_silverio,bolsa_social_2026,MAR-SYN-0058,periodo_de_renda_incompleto,MAR-SYN-0058-M2,responsavel,53,mei,renda,dasn_simei,comprovacao_de_renda_detalhada_no_anexo,a_validar,MAR-DOC-000462,periodo_incompleto,2025-08|2025-09|2025-10,5196.00,5196.00,0.89,solicitar_competencias_ausentes,sim,parcial
marista_dom_silverio,bolsa_social_2026,MAR-SYN-0058,periodo_de_renda_incompleto,MAR-SYN-0058-M2,responsavel,53,mei,tributario,irpf_ou_comprovacao_de_nao_declaracao,indicado_na_pesquisa_de_partida,a_validar,MAR-DOC-000463,ok,ultimo_exercicio,nao_se_aplica,nao_se_aplica,0.97,nenhuma,sim,hipotese
marista_dom_silverio,bolsa_social_2026,MAR-SYN-0058,periodo_de_renda_incompleto,MAR-SYN-0058-M2,responsavel,53,mei,cadastro_social,folha_resumo_cadunico,criterio_oficial_documento_exato_a_validar,preferencial,MAR-DOC-000464,ok,atual,nao_se_aplica,nao_se_aplica,0.97,nenhuma,sim,parcial
marista_dom_silverio,bolsa_social_2026,MAR-SYN-0059,renda_declarada_divergente,MAR-SYN-0059-M1,candidato,17,estudante,inscricao,formulario_avaliacao_socioeconomica,todo_candidato,obrigatorio,MAR-DOC-000465,ok,2026,nao_se_aplica,nao_se_aplica,0.97,nenhuma,nao,confirmado
marista_dom_silverio,bolsa_social_2026,MAR-SYN-0059,renda_declarada_divergente,MAR-SYN-0059-M1,candidato,17,estudante,identificacao,certidao_ou_rg_candidato,documentos_do_candidato_detalhados_no_anexo,a_validar,MAR-DOC-000466,ok,atual,nao_se_aplica,nao_se_aplica,0.97,nenhuma,sim,parcial
marista_dom_silverio,bolsa_social_2026,MAR-SYN-0059,renda_declarada_divergente,MAR-SYN-0059-M2,responsavel,54,aposentado,identificacao,rg_cpf_adulto,documentos_do_grupo_detalhados_no_anexo,a_validar,MAR-DOC-000467,ok,atual,nao_se_aplica,nao_se_aplica,0.97,nenhuma,sim,parcial
marista_dom_silverio,bolsa_social_2026,MAR-SYN-0059,renda_declarada_divergente,MAR-SYN-0059-M2,responsavel,54,aposentado,residencia,comprovante_endereco,indicado_na_pesquisa_de_partida,a_validar,MAR-DOC-000468,ok,2025-10,nao_se_aplica,nao_se_aplica,0.97,nenhuma,sim,hipotese
marista_dom_silverio,bolsa_social_2026,MAR-SYN-0059,renda_declarada_divergente,MAR-SYN-0059-M2,responsavel,54,aposentado,moradia,comprovante_financiamento,moradia_financiada,a_validar,MAR-DOC-000469,ok,2025-10,1350.00,1350.00,0.97,nenhuma,sim,hipotese
marista_dom_silverio,bolsa_social_2026,MAR-SYN-0059,renda_declarada_divergente,MAR-SYN-0059-M2,responsavel,54,aposentado,renda,extrato_beneficio_previdenciario,comprovacao_de_renda_detalhada_no_anexo,a_validar,MAR-DOC-000470,divergente,2025-08|2025-09|2025-10,5333.00,5983.00,0.93,comparar_declaracao_e_documento,sim,parcial
marista_dom_silverio,bolsa_social_2026,MAR-SYN-0059,renda_declarada_divergente,MAR-SYN-0059-M2,responsavel,54,aposentado,tributario,irpf_ou_comprovacao_de_nao_declaracao,indicado_na_pesquisa_de_partida,a_validar,MAR-DOC-000471,ok,ultimo_exercicio,nao_se_aplica,nao_se_aplica,0.97,nenhuma,sim,hipotese
marista_dom_silverio,bolsa_social_2026,MAR-SYN-0059,renda_declarada_divergente,MAR-SYN-0059-M2,responsavel,54,aposentado,cadastro_social,folha_resumo_cadunico,criterio_oficial_documento_exato_a_validar,preferencial,MAR-DOC-000472,ok,atual,nao_se_aplica,nao_se_aplica,0.97,nenhuma,sim,parcial
marista_dom_silverio,bolsa_social_2026,MAR-SYN-0060,cadunico_desatualizado,MAR-SYN-0060-M1,candidato,6,estudante,inscricao,formulario_avaliacao_socioeconomica,todo_candidato,obrigatorio,MAR-DOC-000473,ok,2026,nao_se_aplica,nao_se_aplica,0.97,nenhuma,nao,confirmado
marista_dom_silverio,bolsa_social_2026,MAR-SYN-0060,cadunico_desatualizado,MAR-SYN-0060-M1,candidato,6,estudante,identificacao,certidao_ou_rg_candidato,documentos_do_candidato_detalhados_no_anexo,a_validar,MAR-DOC-000474,ok,atual,nao_se_aplica,nao_se_aplica,0.97,nenhuma,sim,parcial
marista_dom_silverio,bolsa_social_2026,MAR-SYN-0060,cadunico_desatualizado,MAR-SYN-0060-M2,responsavel,55,desempregado,identificacao,rg_cpf_adulto,documentos_do_grupo_detalhados_no_anexo,a_validar,MAR-DOC-000475,ok,atual,nao_se_aplica,nao_se_aplica,0.97,nenhuma,sim,parcial
marista_dom_silverio,bolsa_social_2026,MAR-SYN-0060,cadunico_desatualizado,MAR-SYN-0060-M2,responsavel,55,desempregado,residencia,comprovante_endereco,indicado_na_pesquisa_de_partida,a_validar,MAR-DOC-000476,ok,2025-10,nao_se_aplica,nao_se_aplica,0.97,nenhuma,sim,hipotese
marista_dom_silverio,bolsa_social_2026,MAR-SYN-0060,cadunico_desatualizado,MAR-SYN-0060-M2,responsavel,55,desempregado,moradia,declaracao_imovel_cedido,moradia_cedida,a_validar,MAR-DOC-000477,ok,2025-10,1350.00,1350.00,0.97,nenhuma,sim,hipotese
marista_dom_silverio,bolsa_social_2026,MAR-SYN-0060,cadunico_desatualizado,MAR-SYN-0060-M2,responsavel,55,desempregado,renda,declaracao_sem_renda_e_cnis,comprovacao_de_renda_detalhada_no_anexo,a_validar,MAR-DOC-000478,ok,2025-08|2025-09|2025-10,5470.00,5470.00,0.97,nenhuma,sim,parcial
marista_dom_silverio,bolsa_social_2026,MAR-SYN-0060,cadunico_desatualizado,MAR-SYN-0060-M2,responsavel,55,desempregado,tributario,irpf_ou_comprovacao_de_nao_declaracao,indicado_na_pesquisa_de_partida,a_validar,MAR-DOC-000479,ok,ultimo_exercicio,nao_se_aplica,nao_se_aplica,0.97,nenhuma,sim,hipotese
marista_dom_silverio,bolsa_social_2026,MAR-SYN-0060,cadunico_desatualizado,MAR-SYN-0060-M2,responsavel,55,desempregado,cadastro_social,folha_resumo_cadunico,criterio_oficial_documento_exato_a_validar,preferencial,MAR-DOC-000480,desatualizado,atual,nao_se_aplica,nao_se_aplica,0.95,solicitar_documento_atualizado,sim,parcial
marista_dom_silverio,bolsa_social_2026,MAR-SYN-0061,dossie_presente,MAR-SYN-0061-M1,candidato,7,estudante,inscricao,formulario_avaliacao_socioeconomica,todo_candidato,obrigatorio,MAR-DOC-000481,ok,2026,nao_se_aplica,nao_se_aplica,0.97,nenhuma,nao,confirmado
marista_dom_silverio,bolsa_social_2026,MAR-SYN-0061,dossie_presente,MAR-SYN-0061-M1,candidato,7,estudante,identificacao,certidao_ou_rg_candidato,documentos_do_candidato_detalhados_no_anexo,a_validar,MAR-DOC-000482,ok,atual,nao_se_aplica,nao_se_aplica,0.97,nenhuma,sim,parcial
marista_dom_silverio,bolsa_social_2026,MAR-SYN-0061,dossie_presente,MAR-SYN-0061-M2,responsavel,56,assalariado,identificacao,rg_cpf_adulto,documentos_do_grupo_detalhados_no_anexo,a_validar,MAR-DOC-000483,ok,atual,nao_se_aplica,nao_se_aplica,0.97,nenhuma,sim,parcial
marista_dom_silverio,bolsa_social_2026,MAR-SYN-0061,dossie_presente,MAR-SYN-0061-M2,responsavel,56,assalariado,residencia,comprovante_endereco,indicado_na_pesquisa_de_partida,a_validar,MAR-DOC-000484,ok,2025-10,nao_se_aplica,nao_se_aplica,0.97,nenhuma,sim,hipotese
marista_dom_silverio,bolsa_social_2026,MAR-SYN-0061,dossie_presente,MAR-SYN-0061-M2,responsavel,56,assalariado,moradia,iptu_ou_irpf,moradia_propria,a_validar,MAR-DOC-000485,ok,2025-10,1350.00,1350.00,0.97,nenhuma,sim,hipotese
marista_dom_silverio,bolsa_social_2026,MAR-SYN-0061,dossie_presente,MAR-SYN-0061-M2,responsavel,56,assalariado,renda,contracheques,comprovacao_de_renda_detalhada_no_anexo,a_validar,MAR-DOC-000486,ok,2025-08|2025-09|2025-10,5607.00,5607.00,0.97,nenhuma,sim,parcial
marista_dom_silverio,bolsa_social_2026,MAR-SYN-0061,dossie_presente,MAR-SYN-0061-M2,responsavel,56,assalariado,tributario,irpf_ou_comprovacao_de_nao_declaracao,indicado_na_pesquisa_de_partida,a_validar,MAR-DOC-000487,ok,ultimo_exercicio,nao_se_aplica,nao_se_aplica,0.97,nenhuma,sim,hipotese
marista_dom_silverio,bolsa_social_2026,MAR-SYN-0061,dossie_presente,MAR-SYN-0061-M2,responsavel,56,assalariado,cadastro_social,folha_resumo_cadunico,criterio_oficial_documento_exato_a_validar,preferencial,MAR-DOC-000488,ok,atual,nao_se_aplica,nao_se_aplica,0.97,nenhuma,sim,parcial
marista_dom_silverio,bolsa_social_2026,MAR-SYN-0062,comprovante_renda_faltante,MAR-SYN-0062-M1,candidato,8,estudante,inscricao,formulario_avaliacao_socioeconomica,todo_candidato,obrigatorio,MAR-DOC-000489,ok,2026,nao_se_aplica,nao_se_aplica,0.97,nenhuma,nao,confirmado
marista_dom_silverio,bolsa_social_2026,MAR-SYN-0062,comprovante_renda_faltante,MAR-SYN-0062-M1,candidato,8,estudante,identificacao,certidao_ou_rg_candidato,documentos_do_candidato_detalhados_no_anexo,a_validar,MAR-DOC-000490,ok,atual,nao_se_aplica,nao_se_aplica,0.97,nenhuma,sim,parcial
marista_dom_silverio,bolsa_social_2026,MAR-SYN-0062,comprovante_renda_faltante,MAR-SYN-0062-M2,responsavel,57,trabalhador_informal,identificacao,rg_cpf_adulto,documentos_do_grupo_detalhados_no_anexo,a_validar,MAR-DOC-000491,ok,atual,nao_se_aplica,nao_se_aplica,0.97,nenhuma,sim,parcial
marista_dom_silverio,bolsa_social_2026,MAR-SYN-0062,comprovante_renda_faltante,MAR-SYN-0062-M2,responsavel,57,trabalhador_informal,residencia,comprovante_endereco,indicado_na_pesquisa_de_partida,a_validar,MAR-DOC-000492,ok,2025-10,nao_se_aplica,nao_se_aplica,0.97,nenhuma,sim,hipotese
marista_dom_silverio,bolsa_social_2026,MAR-SYN-0062,comprovante_renda_faltante,MAR-SYN-0062-M2,responsavel,57,trabalhador_informal,moradia,contrato_e_recibo_aluguel,moradia_alugada,a_validar,MAR-DOC-000493,ok,2025-10,1350.00,1350.00,0.97,nenhuma,sim,hipotese
marista_dom_silverio,bolsa_social_2026,MAR-SYN-0062,comprovante_renda_faltante,MAR-SYN-0062-M2,responsavel,57,trabalhador_informal,renda,declaracao_atividade_remunerada,comprovacao_de_renda_detalhada_no_anexo,a_validar,ausente,faltante,2025-08|2025-09|2025-10,1544.00,nao_extraido,0.00,solicitar_documento_faltante,sim,parcial
marista_dom_silverio,bolsa_social_2026,MAR-SYN-0062,comprovante_renda_faltante,MAR-SYN-0062-M2,responsavel,57,trabalhador_informal,tributario,irpf_ou_comprovacao_de_nao_declaracao,indicado_na_pesquisa_de_partida,a_validar,MAR-DOC-000495,ok,ultimo_exercicio,nao_se_aplica,nao_se_aplica,0.97,nenhuma,sim,hipotese
marista_dom_silverio,bolsa_social_2026,MAR-SYN-0062,comprovante_renda_faltante,MAR-SYN-0062-M2,responsavel,57,trabalhador_informal,cadastro_social,folha_resumo_cadunico,criterio_oficial_documento_exato_a_validar,preferencial,MAR-DOC-000496,ok,atual,nao_se_aplica,nao_se_aplica,0.97,nenhuma,sim,parcial
marista_dom_silverio,bolsa_social_2026,MAR-SYN-0063,residencia_ilegivel,MAR-SYN-0063-M1,candidato,9,estudante,inscricao,formulario_avaliacao_socioeconomica,todo_candidato,obrigatorio,MAR-DOC-000497,ok,2026,nao_se_aplica,nao_se_aplica,0.97,nenhuma,nao,confirmado
marista_dom_silverio,bolsa_social_2026,MAR-SYN-0063,residencia_ilegivel,MAR-SYN-0063-M1,candidato,9,estudante,identificacao,certidao_ou_rg_candidato,documentos_do_candidato_detalhados_no_anexo,a_validar,MAR-DOC-000498,ok,atual,nao_se_aplica,nao_se_aplica,0.97,nenhuma,sim,parcial
marista_dom_silverio,bolsa_social_2026,MAR-SYN-0063,residencia_ilegivel,MAR-SYN-0063-M2,responsavel,58,mei,identificacao,rg_cpf_adulto,documentos_do_grupo_detalhados_no_anexo,a_validar,MAR-DOC-000499,ok,atual,nao_se_aplica,nao_se_aplica,0.97,nenhuma,sim,parcial
marista_dom_silverio,bolsa_social_2026,MAR-SYN-0063,residencia_ilegivel,MAR-SYN-0063-M2,responsavel,58,mei,residencia,comprovante_endereco,indicado_na_pesquisa_de_partida,a_validar,MAR-DOC-000500,ilegivel,2025-10,nao_se_aplica,nao_se_aplica,0.28,solicitar_arquivo_legivel,sim,hipotese
marista_dom_silverio,bolsa_social_2026,MAR-SYN-0063,residencia_ilegivel,MAR-SYN-0063-M2,responsavel,58,mei,moradia,comprovante_financiamento,moradia_financiada,a_validar,MAR-DOC-000501,ok,2025-10,1350.00,1350.00,0.97,nenhuma,sim,hipotese
marista_dom_silverio,bolsa_social_2026,MAR-SYN-0063,residencia_ilegivel,MAR-SYN-0063-M2,responsavel,58,mei,renda,dasn_simei,comprovacao_de_renda_detalhada_no_anexo,a_validar,MAR-DOC-000502,ok,2025-08|2025-09|2025-10,1681.00,1681.00,0.97,nenhuma,sim,parcial
marista_dom_silverio,bolsa_social_2026,MAR-SYN-0063,residencia_ilegivel,MAR-SYN-0063-M2,responsavel,58,mei,tributario,irpf_ou_comprovacao_de_nao_declaracao,indicado_na_pesquisa_de_partida,a_validar,MAR-DOC-000503,ok,ultimo_exercicio,nao_se_aplica,nao_se_aplica,0.97,nenhuma,sim,hipotese
marista_dom_silverio,bolsa_social_2026,MAR-SYN-0063,residencia_ilegivel,MAR-SYN-0063-M2,responsavel,58,mei,cadastro_social,folha_resumo_cadunico,criterio_oficial_documento_exato_a_validar,preferencial,MAR-DOC-000504,ok,atual,nao_se_aplica,nao_se_aplica,0.97,nenhuma,sim,parcial
marista_dom_silverio,bolsa_social_2026,MAR-SYN-0064,periodo_de_renda_incompleto,MAR-SYN-0064-M1,candidato,10,estudante,inscricao,formulario_avaliacao_socioeconomica,todo_candidato,obrigatorio,MAR-DOC-000505,ok,2026,nao_se_aplica,nao_se_aplica,0.97,nenhuma,nao,confirmado
marista_dom_silverio,bolsa_social_2026,MAR-SYN-0064,periodo_de_renda_incompleto,MAR-SYN-0064-M1,candidato,10,estudante,identificacao,certidao_ou_rg_candidato,documentos_do_candidato_detalhados_no_anexo,a_validar,MAR-DOC-000506,ok,atual,nao_se_aplica,nao_se_aplica,0.97,nenhuma,sim,parcial
marista_dom_silverio,bolsa_social_2026,MAR-SYN-0064,periodo_de_renda_incompleto,MAR-SYN-0064-M2,responsavel,59,aposentado,identificacao,rg_cpf_adulto,documentos_do_grupo_detalhados_no_anexo,a_validar,MAR-DOC-000507,ok,atual,nao_se_aplica,nao_se_aplica,0.97,nenhuma,sim,parcial
marista_dom_silverio,bolsa_social_2026,MAR-SYN-0064,periodo_de_renda_incompleto,MAR-SYN-0064-M2,responsavel,59,aposentado,residencia,comprovante_endereco,indicado_na_pesquisa_de_partida,a_validar,MAR-DOC-000508,ok,2025-10,nao_se_aplica,nao_se_aplica,0.97,nenhuma,sim,hipotese
marista_dom_silverio,bolsa_social_2026,MAR-SYN-0064,periodo_de_renda_incompleto,MAR-SYN-0064-M2,responsavel,59,aposentado,moradia,declaracao_imovel_cedido,moradia_cedida,a_validar,MAR-DOC-000509,ok,2025-10,1350.00,1350.00,0.97,nenhuma,sim,hipotese
marista_dom_silverio,bolsa_social_2026,MAR-SYN-0064,periodo_de_renda_incompleto,MAR-SYN-0064-M2,responsavel,59,aposentado,renda,extrato_beneficio_previdenciario,comprovacao_de_renda_detalhada_no_anexo,a_validar,MAR-DOC-000510,periodo_incompleto,2025-08|2025-09|2025-10,1818.00,1818.00,0.89,solicitar_competencias_ausentes,sim,parcial
marista_dom_silverio,bolsa_social_2026,MAR-SYN-0064,periodo_de_renda_incompleto,MAR-SYN-0064-M2,responsavel,59,aposentado,tributario,irpf_ou_comprovacao_de_nao_declaracao,indicado_na_pesquisa_de_partida,a_validar,MAR-DOC-000511,ok,ultimo_exercicio,nao_se_aplica,nao_se_aplica,0.97,nenhuma,sim,hipotese
marista_dom_silverio,bolsa_social_2026,MAR-SYN-0064,periodo_de_renda_incompleto,MAR-SYN-0064-M2,responsavel,59,aposentado,cadastro_social,folha_resumo_cadunico,criterio_oficial_documento_exato_a_validar,preferencial,MAR-DOC-000512,ok,atual,nao_se_aplica,nao_se_aplica,0.97,nenhuma,sim,parcial
marista_dom_silverio,bolsa_social_2026,MAR-SYN-0065,renda_declarada_divergente,MAR-SYN-0065-M1,candidato,11,estudante,inscricao,formulario_avaliacao_socioeconomica,todo_candidato,obrigatorio,MAR-DOC-000513,ok,2026,nao_se_aplica,nao_se_aplica,0.97,nenhuma,nao,confirmado
marista_dom_silverio,bolsa_social_2026,MAR-SYN-0065,renda_declarada_divergente,MAR-SYN-0065-M1,candidato,11,estudante,identificacao,certidao_ou_rg_candidato,documentos_do_candidato_detalhados_no_anexo,a_validar,MAR-DOC-000514,ok,atual,nao_se_aplica,nao_se_aplica,0.97,nenhuma,sim,parcial
marista_dom_silverio,bolsa_social_2026,MAR-SYN-0065,renda_declarada_divergente,MAR-SYN-0065-M2,responsavel,60,desempregado,identificacao,rg_cpf_adulto,documentos_do_grupo_detalhados_no_anexo,a_validar,MAR-DOC-000515,ok,atual,nao_se_aplica,nao_se_aplica,0.97,nenhuma,sim,parcial
marista_dom_silverio,bolsa_social_2026,MAR-SYN-0065,renda_declarada_divergente,MAR-SYN-0065-M2,responsavel,60,desempregado,residencia,comprovante_endereco,indicado_na_pesquisa_de_partida,a_validar,MAR-DOC-000516,ok,2025-10,nao_se_aplica,nao_se_aplica,0.97,nenhuma,sim,hipotese
marista_dom_silverio,bolsa_social_2026,MAR-SYN-0065,renda_declarada_divergente,MAR-SYN-0065-M2,responsavel,60,desempregado,moradia,iptu_ou_irpf,moradia_propria,a_validar,MAR-DOC-000517,ok,2025-10,1350.00,1350.00,0.97,nenhuma,sim,hipotese
marista_dom_silverio,bolsa_social_2026,MAR-SYN-0065,renda_declarada_divergente,MAR-SYN-0065-M2,responsavel,60,desempregado,renda,declaracao_sem_renda_e_cnis,comprovacao_de_renda_detalhada_no_anexo,a_validar,MAR-DOC-000518,divergente,2025-08|2025-09|2025-10,1955.00,2605.00,0.93,comparar_declaracao_e_documento,sim,parcial
marista_dom_silverio,bolsa_social_2026,MAR-SYN-0065,renda_declarada_divergente,MAR-SYN-0065-M2,responsavel,60,desempregado,tributario,irpf_ou_comprovacao_de_nao_declaracao,indicado_na_pesquisa_de_partida,a_validar,MAR-DOC-000519,ok,ultimo_exercicio,nao_se_aplica,nao_se_aplica,0.97,nenhuma,sim,hipotese
marista_dom_silverio,bolsa_social_2026,MAR-SYN-0065,renda_declarada_divergente,MAR-SYN-0065-M2,responsavel,60,desempregado,cadastro_social,folha_resumo_cadunico,criterio_oficial_documento_exato_a_validar,preferencial,MAR-DOC-000520,ok,atual,nao_se_aplica,nao_se_aplica,0.97,nenhuma,sim,parcial
marista_dom_silverio,bolsa_social_2026,MAR-SYN-0066,cadunico_desatualizado,MAR-SYN-0066-M1,candidato,12,estudante,inscricao,formulario_avaliacao_socioeconomica,todo_candidato,obrigatorio,MAR-DOC-000521,ok,2026,nao_se_aplica,nao_se_aplica,0.97,nenhuma,nao,confirmado
marista_dom_silverio,bolsa_social_2026,MAR-SYN-0066,cadunico_desatualizado,MAR-SYN-0066-M1,candidato,12,estudante,identificacao,certidao_ou_rg_candidato,documentos_do_candidato_detalhados_no_anexo,a_validar,MAR-DOC-000522,ok,atual,nao_se_aplica,nao_se_aplica,0.97,nenhuma,sim,parcial
marista_dom_silverio,bolsa_social_2026,MAR-SYN-0066,cadunico_desatualizado,MAR-SYN-0066-M2,responsavel,61,assalariado,identificacao,rg_cpf_adulto,documentos_do_grupo_detalhados_no_anexo,a_validar,MAR-DOC-000523,ok,atual,nao_se_aplica,nao_se_aplica,0.97,nenhuma,sim,parcial
marista_dom_silverio,bolsa_social_2026,MAR-SYN-0066,cadunico_desatualizado,MAR-SYN-0066-M2,responsavel,61,assalariado,residencia,comprovante_endereco,indicado_na_pesquisa_de_partida,a_validar,MAR-DOC-000524,ok,2025-10,nao_se_aplica,nao_se_aplica,0.97,nenhuma,sim,hipotese
marista_dom_silverio,bolsa_social_2026,MAR-SYN-0066,cadunico_desatualizado,MAR-SYN-0066-M2,responsavel,61,assalariado,moradia,contrato_e_recibo_aluguel,moradia_alugada,a_validar,MAR-DOC-000525,ok,2025-10,1350.00,1350.00,0.97,nenhuma,sim,hipotese
marista_dom_silverio,bolsa_social_2026,MAR-SYN-0066,cadunico_desatualizado,MAR-SYN-0066-M2,responsavel,61,assalariado,renda,contracheques,comprovacao_de_renda_detalhada_no_anexo,a_validar,MAR-DOC-000526,ok,2025-08|2025-09|2025-10,2092.00,2092.00,0.97,nenhuma,sim,parcial
marista_dom_silverio,bolsa_social_2026,MAR-SYN-0066,cadunico_desatualizado,MAR-SYN-0066-M2,responsavel,61,assalariado,tributario,irpf_ou_comprovacao_de_nao_declaracao,indicado_na_pesquisa_de_partida,a_validar,MAR-DOC-000527,ok,ultimo_exercicio,nao_se_aplica,nao_se_aplica,0.97,nenhuma,sim,hipotese
marista_dom_silverio,bolsa_social_2026,MAR-SYN-0066,cadunico_desatualizado,MAR-SYN-0066-M2,responsavel,61,assalariado,cadastro_social,folha_resumo_cadunico,criterio_oficial_documento_exato_a_validar,preferencial,MAR-DOC-000528,desatualizado,atual,nao_se_aplica,nao_se_aplica,0.95,solicitar_documento_atualizado,sim,parcial
marista_dom_silverio,bolsa_social_2026,MAR-SYN-0067,dossie_presente,MAR-SYN-0067-M1,candidato,13,estudante,inscricao,formulario_avaliacao_socioeconomica,todo_candidato,obrigatorio,MAR-DOC-000529,ok,2026,nao_se_aplica,nao_se_aplica,0.97,nenhuma,nao,confirmado
marista_dom_silverio,bolsa_social_2026,MAR-SYN-0067,dossie_presente,MAR-SYN-0067-M1,candidato,13,estudante,identificacao,certidao_ou_rg_candidato,documentos_do_candidato_detalhados_no_anexo,a_validar,MAR-DOC-000530,ok,atual,nao_se_aplica,nao_se_aplica,0.97,nenhuma,sim,parcial
marista_dom_silverio,bolsa_social_2026,MAR-SYN-0067,dossie_presente,MAR-SYN-0067-M2,responsavel,62,trabalhador_informal,identificacao,rg_cpf_adulto,documentos_do_grupo_detalhados_no_anexo,a_validar,MAR-DOC-000531,ok,atual,nao_se_aplica,nao_se_aplica,0.97,nenhuma,sim,parcial
marista_dom_silverio,bolsa_social_2026,MAR-SYN-0067,dossie_presente,MAR-SYN-0067-M2,responsavel,62,trabalhador_informal,residencia,comprovante_endereco,indicado_na_pesquisa_de_partida,a_validar,MAR-DOC-000532,ok,2025-10,nao_se_aplica,nao_se_aplica,0.97,nenhuma,sim,hipotese
marista_dom_silverio,bolsa_social_2026,MAR-SYN-0067,dossie_presente,MAR-SYN-0067-M2,responsavel,62,trabalhador_informal,moradia,comprovante_financiamento,moradia_financiada,a_validar,MAR-DOC-000533,ok,2025-10,1350.00,1350.00,0.97,nenhuma,sim,hipotese
marista_dom_silverio,bolsa_social_2026,MAR-SYN-0067,dossie_presente,MAR-SYN-0067-M2,responsavel,62,trabalhador_informal,renda,declaracao_atividade_remunerada,comprovacao_de_renda_detalhada_no_anexo,a_validar,MAR-DOC-000534,ok,2025-08|2025-09|2025-10,2229.00,2229.00,0.97,nenhuma,sim,parcial
marista_dom_silverio,bolsa_social_2026,MAR-SYN-0067,dossie_presente,MAR-SYN-0067-M2,responsavel,62,trabalhador_informal,tributario,irpf_ou_comprovacao_de_nao_declaracao,indicado_na_pesquisa_de_partida,a_validar,MAR-DOC-000535,ok,ultimo_exercicio,nao_se_aplica,nao_se_aplica,0.97,nenhuma,sim,hipotese
marista_dom_silverio,bolsa_social_2026,MAR-SYN-0067,dossie_presente,MAR-SYN-0067-M2,responsavel,62,trabalhador_informal,cadastro_social,folha_resumo_cadunico,criterio_oficial_documento_exato_a_validar,preferencial,MAR-DOC-000536,ok,atual,nao_se_aplica,nao_se_aplica,0.97,nenhuma,sim,parcial
marista_dom_silverio,bolsa_social_2026,MAR-SYN-0068,comprovante_renda_faltante,MAR-SYN-0068-M1,candidato,14,estudante,inscricao,formulario_avaliacao_socioeconomica,todo_candidato,obrigatorio,MAR-DOC-000537,ok,2026,nao_se_aplica,nao_se_aplica,0.97,nenhuma,nao,confirmado
marista_dom_silverio,bolsa_social_2026,MAR-SYN-0068,comprovante_renda_faltante,MAR-SYN-0068-M1,candidato,14,estudante,identificacao,certidao_ou_rg_candidato,documentos_do_candidato_detalhados_no_anexo,a_validar,MAR-DOC-000538,ok,atual,nao_se_aplica,nao_se_aplica,0.97,nenhuma,sim,parcial
marista_dom_silverio,bolsa_social_2026,MAR-SYN-0068,comprovante_renda_faltante,MAR-SYN-0068-M2,responsavel,63,mei,identificacao,rg_cpf_adulto,documentos_do_grupo_detalhados_no_anexo,a_validar,MAR-DOC-000539,ok,atual,nao_se_aplica,nao_se_aplica,0.97,nenhuma,sim,parcial
marista_dom_silverio,bolsa_social_2026,MAR-SYN-0068,comprovante_renda_faltante,MAR-SYN-0068-M2,responsavel,63,mei,residencia,comprovante_endereco,indicado_na_pesquisa_de_partida,a_validar,MAR-DOC-000540,ok,2025-10,nao_se_aplica,nao_se_aplica,0.97,nenhuma,sim,hipotese
marista_dom_silverio,bolsa_social_2026,MAR-SYN-0068,comprovante_renda_faltante,MAR-SYN-0068-M2,responsavel,63,mei,moradia,declaracao_imovel_cedido,moradia_cedida,a_validar,MAR-DOC-000541,ok,2025-10,1350.00,1350.00,0.97,nenhuma,sim,hipotese
marista_dom_silverio,bolsa_social_2026,MAR-SYN-0068,comprovante_renda_faltante,MAR-SYN-0068-M2,responsavel,63,mei,renda,dasn_simei,comprovacao_de_renda_detalhada_no_anexo,a_validar,ausente,faltante,2025-08|2025-09|2025-10,2366.00,nao_extraido,0.00,solicitar_documento_faltante,sim,parcial
marista_dom_silverio,bolsa_social_2026,MAR-SYN-0068,comprovante_renda_faltante,MAR-SYN-0068-M2,responsavel,63,mei,tributario,irpf_ou_comprovacao_de_nao_declaracao,indicado_na_pesquisa_de_partida,a_validar,MAR-DOC-000543,ok,ultimo_exercicio,nao_se_aplica,nao_se_aplica,0.97,nenhuma,sim,hipotese
marista_dom_silverio,bolsa_social_2026,MAR-SYN-0068,comprovante_renda_faltante,MAR-SYN-0068-M2,responsavel,63,mei,cadastro_social,folha_resumo_cadunico,criterio_oficial_documento_exato_a_validar,preferencial,MAR-DOC-000544,ok,atual,nao_se_aplica,nao_se_aplica,0.97,nenhuma,sim,parcial
marista_dom_silverio,bolsa_social_2026,MAR-SYN-0069,residencia_ilegivel,MAR-SYN-0069-M1,candidato,15,estudante,inscricao,formulario_avaliacao_socioeconomica,todo_candidato,obrigatorio,MAR-DOC-000545,ok,2026,nao_se_aplica,nao_se_aplica,0.97,nenhuma,nao,confirmado
marista_dom_silverio,bolsa_social_2026,MAR-SYN-0069,residencia_ilegivel,MAR-SYN-0069-M1,candidato,15,estudante,identificacao,certidao_ou_rg_candidato,documentos_do_candidato_detalhados_no_anexo,a_validar,MAR-DOC-000546,ok,atual,nao_se_aplica,nao_se_aplica,0.97,nenhuma,sim,parcial
marista_dom_silverio,bolsa_social_2026,MAR-SYN-0069,residencia_ilegivel,MAR-SYN-0069-M2,responsavel,64,aposentado,identificacao,rg_cpf_adulto,documentos_do_grupo_detalhados_no_anexo,a_validar,MAR-DOC-000547,ok,atual,nao_se_aplica,nao_se_aplica,0.97,nenhuma,sim,parcial
marista_dom_silverio,bolsa_social_2026,MAR-SYN-0069,residencia_ilegivel,MAR-SYN-0069-M2,responsavel,64,aposentado,residencia,comprovante_endereco,indicado_na_pesquisa_de_partida,a_validar,MAR-DOC-000548,ilegivel,2025-10,nao_se_aplica,nao_se_aplica,0.28,solicitar_arquivo_legivel,sim,hipotese
marista_dom_silverio,bolsa_social_2026,MAR-SYN-0069,residencia_ilegivel,MAR-SYN-0069-M2,responsavel,64,aposentado,moradia,iptu_ou_irpf,moradia_propria,a_validar,MAR-DOC-000549,ok,2025-10,1350.00,1350.00,0.97,nenhuma,sim,hipotese
marista_dom_silverio,bolsa_social_2026,MAR-SYN-0069,residencia_ilegivel,MAR-SYN-0069-M2,responsavel,64,aposentado,renda,extrato_beneficio_previdenciario,comprovacao_de_renda_detalhada_no_anexo,a_validar,MAR-DOC-000550,ok,2025-08|2025-09|2025-10,2503.00,2503.00,0.97,nenhuma,sim,parcial
marista_dom_silverio,bolsa_social_2026,MAR-SYN-0069,residencia_ilegivel,MAR-SYN-0069-M2,responsavel,64,aposentado,tributario,irpf_ou_comprovacao_de_nao_declaracao,indicado_na_pesquisa_de_partida,a_validar,MAR-DOC-000551,ok,ultimo_exercicio,nao_se_aplica,nao_se_aplica,0.97,nenhuma,sim,hipotese
marista_dom_silverio,bolsa_social_2026,MAR-SYN-0069,residencia_ilegivel,MAR-SYN-0069-M2,responsavel,64,aposentado,cadastro_social,folha_resumo_cadunico,criterio_oficial_documento_exato_a_validar,preferencial,MAR-DOC-000552,ok,atual,nao_se_aplica,nao_se_aplica,0.97,nenhuma,sim,parcial
marista_dom_silverio,bolsa_social_2026,MAR-SYN-0070,periodo_de_renda_incompleto,MAR-SYN-0070-M1,candidato,16,estudante,inscricao,formulario_avaliacao_socioeconomica,todo_candidato,obrigatorio,MAR-DOC-000553,ok,2026,nao_se_aplica,nao_se_aplica,0.97,nenhuma,nao,confirmado
marista_dom_silverio,bolsa_social_2026,MAR-SYN-0070,periodo_de_renda_incompleto,MAR-SYN-0070-M1,candidato,16,estudante,identificacao,certidao_ou_rg_candidato,documentos_do_candidato_detalhados_no_anexo,a_validar,MAR-DOC-000554,ok,atual,nao_se_aplica,nao_se_aplica,0.97,nenhuma,sim,parcial
marista_dom_silverio,bolsa_social_2026,MAR-SYN-0070,periodo_de_renda_incompleto,MAR-SYN-0070-M2,responsavel,30,desempregado,identificacao,rg_cpf_adulto,documentos_do_grupo_detalhados_no_anexo,a_validar,MAR-DOC-000555,ok,atual,nao_se_aplica,nao_se_aplica,0.97,nenhuma,sim,parcial
marista_dom_silverio,bolsa_social_2026,MAR-SYN-0070,periodo_de_renda_incompleto,MAR-SYN-0070-M2,responsavel,30,desempregado,residencia,comprovante_endereco,indicado_na_pesquisa_de_partida,a_validar,MAR-DOC-000556,ok,2025-10,nao_se_aplica,nao_se_aplica,0.97,nenhuma,sim,hipotese
marista_dom_silverio,bolsa_social_2026,MAR-SYN-0070,periodo_de_renda_incompleto,MAR-SYN-0070-M2,responsavel,30,desempregado,moradia,contrato_e_recibo_aluguel,moradia_alugada,a_validar,MAR-DOC-000557,ok,2025-10,1350.00,1350.00,0.97,nenhuma,sim,hipotese
marista_dom_silverio,bolsa_social_2026,MAR-SYN-0070,periodo_de_renda_incompleto,MAR-SYN-0070-M2,responsavel,30,desempregado,renda,declaracao_sem_renda_e_cnis,comprovacao_de_renda_detalhada_no_anexo,a_validar,MAR-DOC-000558,periodo_incompleto,2025-08|2025-09|2025-10,2640.00,2640.00,0.89,solicitar_competencias_ausentes,sim,parcial
marista_dom_silverio,bolsa_social_2026,MAR-SYN-0070,periodo_de_renda_incompleto,MAR-SYN-0070-M2,responsavel,30,desempregado,tributario,irpf_ou_comprovacao_de_nao_declaracao,indicado_na_pesquisa_de_partida,a_validar,MAR-DOC-000559,ok,ultimo_exercicio,nao_se_aplica,nao_se_aplica,0.97,nenhuma,sim,hipotese
marista_dom_silverio,bolsa_social_2026,MAR-SYN-0070,periodo_de_renda_incompleto,MAR-SYN-0070-M2,responsavel,30,desempregado,cadastro_social,folha_resumo_cadunico,criterio_oficial_documento_exato_a_validar,preferencial,MAR-DOC-000560,ok,atual,nao_se_aplica,nao_se_aplica,0.97,nenhuma,sim,parcial
marista_dom_silverio,bolsa_social_2026,MAR-SYN-0071,renda_declarada_divergente,MAR-SYN-0071-M1,candidato,17,estudante,inscricao,formulario_avaliacao_socioeconomica,todo_candidato,obrigatorio,MAR-DOC-000561,ok,2026,nao_se_aplica,nao_se_aplica,0.97,nenhuma,nao,confirmado
marista_dom_silverio,bolsa_social_2026,MAR-SYN-0071,renda_declarada_divergente,MAR-SYN-0071-M1,candidato,17,estudante,identificacao,certidao_ou_rg_candidato,documentos_do_candidato_detalhados_no_anexo,a_validar,MAR-DOC-000562,ok,atual,nao_se_aplica,nao_se_aplica,0.97,nenhuma,sim,parcial
marista_dom_silverio,bolsa_social_2026,MAR-SYN-0071,renda_declarada_divergente,MAR-SYN-0071-M2,responsavel,31,assalariado,identificacao,rg_cpf_adulto,documentos_do_grupo_detalhados_no_anexo,a_validar,MAR-DOC-000563,ok,atual,nao_se_aplica,nao_se_aplica,0.97,nenhuma,sim,parcial
marista_dom_silverio,bolsa_social_2026,MAR-SYN-0071,renda_declarada_divergente,MAR-SYN-0071-M2,responsavel,31,assalariado,residencia,comprovante_endereco,indicado_na_pesquisa_de_partida,a_validar,MAR-DOC-000564,ok,2025-10,nao_se_aplica,nao_se_aplica,0.97,nenhuma,sim,hipotese
marista_dom_silverio,bolsa_social_2026,MAR-SYN-0071,renda_declarada_divergente,MAR-SYN-0071-M2,responsavel,31,assalariado,moradia,comprovante_financiamento,moradia_financiada,a_validar,MAR-DOC-000565,ok,2025-10,1350.00,1350.00,0.97,nenhuma,sim,hipotese
marista_dom_silverio,bolsa_social_2026,MAR-SYN-0071,renda_declarada_divergente,MAR-SYN-0071-M2,responsavel,31,assalariado,renda,contracheques,comprovacao_de_renda_detalhada_no_anexo,a_validar,MAR-DOC-000566,divergente,2025-08|2025-09|2025-10,2777.00,3427.00,0.93,comparar_declaracao_e_documento,sim,parcial
marista_dom_silverio,bolsa_social_2026,MAR-SYN-0071,renda_declarada_divergente,MAR-SYN-0071-M2,responsavel,31,assalariado,tributario,irpf_ou_comprovacao_de_nao_declaracao,indicado_na_pesquisa_de_partida,a_validar,MAR-DOC-000567,ok,ultimo_exercicio,nao_se_aplica,nao_se_aplica,0.97,nenhuma,sim,hipotese
marista_dom_silverio,bolsa_social_2026,MAR-SYN-0071,renda_declarada_divergente,MAR-SYN-0071-M2,responsavel,31,assalariado,cadastro_social,folha_resumo_cadunico,criterio_oficial_documento_exato_a_validar,preferencial,MAR-DOC-000568,ok,atual,nao_se_aplica,nao_se_aplica,0.97,nenhuma,sim,parcial
marista_dom_silverio,bolsa_social_2026,MAR-SYN-0072,cadunico_desatualizado,MAR-SYN-0072-M1,candidato,6,estudante,inscricao,formulario_avaliacao_socioeconomica,todo_candidato,obrigatorio,MAR-DOC-000569,ok,2026,nao_se_aplica,nao_se_aplica,0.97,nenhuma,nao,confirmado
marista_dom_silverio,bolsa_social_2026,MAR-SYN-0072,cadunico_desatualizado,MAR-SYN-0072-M1,candidato,6,estudante,identificacao,certidao_ou_rg_candidato,documentos_do_candidato_detalhados_no_anexo,a_validar,MAR-DOC-000570,ok,atual,nao_se_aplica,nao_se_aplica,0.97,nenhuma,sim,parcial
marista_dom_silverio,bolsa_social_2026,MAR-SYN-0072,cadunico_desatualizado,MAR-SYN-0072-M2,responsavel,32,trabalhador_informal,identificacao,rg_cpf_adulto,documentos_do_grupo_detalhados_no_anexo,a_validar,MAR-DOC-000571,ok,atual,nao_se_aplica,nao_se_aplica,0.97,nenhuma,sim,parcial
marista_dom_silverio,bolsa_social_2026,MAR-SYN-0072,cadunico_desatualizado,MAR-SYN-0072-M2,responsavel,32,trabalhador_informal,residencia,comprovante_endereco,indicado_na_pesquisa_de_partida,a_validar,MAR-DOC-000572,ok,2025-10,nao_se_aplica,nao_se_aplica,0.97,nenhuma,sim,hipotese
marista_dom_silverio,bolsa_social_2026,MAR-SYN-0072,cadunico_desatualizado,MAR-SYN-0072-M2,responsavel,32,trabalhador_informal,moradia,declaracao_imovel_cedido,moradia_cedida,a_validar,MAR-DOC-000573,ok,2025-10,1350.00,1350.00,0.97,nenhuma,sim,hipotese
marista_dom_silverio,bolsa_social_2026,MAR-SYN-0072,cadunico_desatualizado,MAR-SYN-0072-M2,responsavel,32,trabalhador_informal,renda,declaracao_atividade_remunerada,comprovacao_de_renda_detalhada_no_anexo,a_validar,MAR-DOC-000574,ok,2025-08|2025-09|2025-10,2914.00,2914.00,0.97,nenhuma,sim,parcial
marista_dom_silverio,bolsa_social_2026,MAR-SYN-0072,cadunico_desatualizado,MAR-SYN-0072-M2,responsavel,32,trabalhador_informal,tributario,irpf_ou_comprovacao_de_nao_declaracao,indicado_na_pesquisa_de_partida,a_validar,MAR-DOC-000575,ok,ultimo_exercicio,nao_se_aplica,nao_se_aplica,0.97,nenhuma,sim,hipotese
marista_dom_silverio,bolsa_social_2026,MAR-SYN-0072,cadunico_desatualizado,MAR-SYN-0072-M2,responsavel,32,trabalhador_informal,cadastro_social,folha_resumo_cadunico,criterio_oficial_documento_exato_a_validar,preferencial,MAR-DOC-000576,desatualizado,atual,nao_se_aplica,nao_se_aplica,0.95,solicitar_documento_atualizado,sim,parcial
marista_dom_silverio,bolsa_social_2026,MAR-SYN-0073,dossie_presente,MAR-SYN-0073-M1,candidato,7,estudante,inscricao,formulario_avaliacao_socioeconomica,todo_candidato,obrigatorio,MAR-DOC-000577,ok,2026,nao_se_aplica,nao_se_aplica,0.97,nenhuma,nao,confirmado
marista_dom_silverio,bolsa_social_2026,MAR-SYN-0073,dossie_presente,MAR-SYN-0073-M1,candidato,7,estudante,identificacao,certidao_ou_rg_candidato,documentos_do_candidato_detalhados_no_anexo,a_validar,MAR-DOC-000578,ok,atual,nao_se_aplica,nao_se_aplica,0.97,nenhuma,sim,parcial
marista_dom_silverio,bolsa_social_2026,MAR-SYN-0073,dossie_presente,MAR-SYN-0073-M2,responsavel,33,mei,identificacao,rg_cpf_adulto,documentos_do_grupo_detalhados_no_anexo,a_validar,MAR-DOC-000579,ok,atual,nao_se_aplica,nao_se_aplica,0.97,nenhuma,sim,parcial
marista_dom_silverio,bolsa_social_2026,MAR-SYN-0073,dossie_presente,MAR-SYN-0073-M2,responsavel,33,mei,residencia,comprovante_endereco,indicado_na_pesquisa_de_partida,a_validar,MAR-DOC-000580,ok,2025-10,nao_se_aplica,nao_se_aplica,0.97,nenhuma,sim,hipotese
marista_dom_silverio,bolsa_social_2026,MAR-SYN-0073,dossie_presente,MAR-SYN-0073-M2,responsavel,33,mei,moradia,iptu_ou_irpf,moradia_propria,a_validar,MAR-DOC-000581,ok,2025-10,1350.00,1350.00,0.97,nenhuma,sim,hipotese
marista_dom_silverio,bolsa_social_2026,MAR-SYN-0073,dossie_presente,MAR-SYN-0073-M2,responsavel,33,mei,renda,dasn_simei,comprovacao_de_renda_detalhada_no_anexo,a_validar,MAR-DOC-000582,ok,2025-08|2025-09|2025-10,3051.00,3051.00,0.97,nenhuma,sim,parcial
marista_dom_silverio,bolsa_social_2026,MAR-SYN-0073,dossie_presente,MAR-SYN-0073-M2,responsavel,33,mei,tributario,irpf_ou_comprovacao_de_nao_declaracao,indicado_na_pesquisa_de_partida,a_validar,MAR-DOC-000583,ok,ultimo_exercicio,nao_se_aplica,nao_se_aplica,0.97,nenhuma,sim,hipotese
marista_dom_silverio,bolsa_social_2026,MAR-SYN-0073,dossie_presente,MAR-SYN-0073-M2,responsavel,33,mei,cadastro_social,folha_resumo_cadunico,criterio_oficial_documento_exato_a_validar,preferencial,MAR-DOC-000584,ok,atual,nao_se_aplica,nao_se_aplica,0.97,nenhuma,sim,parcial
marista_dom_silverio,bolsa_social_2026,MAR-SYN-0074,comprovante_renda_faltante,MAR-SYN-0074-M1,candidato,8,estudante,inscricao,formulario_avaliacao_socioeconomica,todo_candidato,obrigatorio,MAR-DOC-000585,ok,2026,nao_se_aplica,nao_se_aplica,0.97,nenhuma,nao,confirmado
marista_dom_silverio,bolsa_social_2026,MAR-SYN-0074,comprovante_renda_faltante,MAR-SYN-0074-M1,candidato,8,estudante,identificacao,certidao_ou_rg_candidato,documentos_do_candidato_detalhados_no_anexo,a_validar,MAR-DOC-000586,ok,atual,nao_se_aplica,nao_se_aplica,0.97,nenhuma,sim,parcial
marista_dom_silverio,bolsa_social_2026,MAR-SYN-0074,comprovante_renda_faltante,MAR-SYN-0074-M2,responsavel,34,aposentado,identificacao,rg_cpf_adulto,documentos_do_grupo_detalhados_no_anexo,a_validar,MAR-DOC-000587,ok,atual,nao_se_aplica,nao_se_aplica,0.97,nenhuma,sim,parcial
marista_dom_silverio,bolsa_social_2026,MAR-SYN-0074,comprovante_renda_faltante,MAR-SYN-0074-M2,responsavel,34,aposentado,residencia,comprovante_endereco,indicado_na_pesquisa_de_partida,a_validar,MAR-DOC-000588,ok,2025-10,nao_se_aplica,nao_se_aplica,0.97,nenhuma,sim,hipotese
marista_dom_silverio,bolsa_social_2026,MAR-SYN-0074,comprovante_renda_faltante,MAR-SYN-0074-M2,responsavel,34,aposentado,moradia,contrato_e_recibo_aluguel,moradia_alugada,a_validar,MAR-DOC-000589,ok,2025-10,1350.00,1350.00,0.97,nenhuma,sim,hipotese
marista_dom_silverio,bolsa_social_2026,MAR-SYN-0074,comprovante_renda_faltante,MAR-SYN-0074-M2,responsavel,34,aposentado,renda,extrato_beneficio_previdenciario,comprovacao_de_renda_detalhada_no_anexo,a_validar,ausente,faltante,2025-08|2025-09|2025-10,3188.00,nao_extraido,0.00,solicitar_documento_faltante,sim,parcial
marista_dom_silverio,bolsa_social_2026,MAR-SYN-0074,comprovante_renda_faltante,MAR-SYN-0074-M2,responsavel,34,aposentado,tributario,irpf_ou_comprovacao_de_nao_declaracao,indicado_na_pesquisa_de_partida,a_validar,MAR-DOC-000591,ok,ultimo_exercicio,nao_se_aplica,nao_se_aplica,0.97,nenhuma,sim,hipotese
marista_dom_silverio,bolsa_social_2026,MAR-SYN-0074,comprovante_renda_faltante,MAR-SYN-0074-M2,responsavel,34,aposentado,cadastro_social,folha_resumo_cadunico,criterio_oficial_documento_exato_a_validar,preferencial,MAR-DOC-000592,ok,atual,nao_se_aplica,nao_se_aplica,0.97,nenhuma,sim,parcial
marista_dom_silverio,bolsa_social_2026,MAR-SYN-0075,residencia_ilegivel,MAR-SYN-0075-M1,candidato,9,estudante,inscricao,formulario_avaliacao_socioeconomica,todo_candidato,obrigatorio,MAR-DOC-000593,ok,2026,nao_se_aplica,nao_se_aplica,0.97,nenhuma,nao,confirmado
marista_dom_silverio,bolsa_social_2026,MAR-SYN-0075,residencia_ilegivel,MAR-SYN-0075-M1,candidato,9,estudante,identificacao,certidao_ou_rg_candidato,documentos_do_candidato_detalhados_no_anexo,a_validar,MAR-DOC-000594,ok,atual,nao_se_aplica,nao_se_aplica,0.97,nenhuma,sim,parcial
marista_dom_silverio,bolsa_social_2026,MAR-SYN-0075,residencia_ilegivel,MAR-SYN-0075-M2,responsavel,35,desempregado,identificacao,rg_cpf_adulto,documentos_do_grupo_detalhados_no_anexo,a_validar,MAR-DOC-000595,ok,atual,nao_se_aplica,nao_se_aplica,0.97,nenhuma,sim,parcial
marista_dom_silverio,bolsa_social_2026,MAR-SYN-0075,residencia_ilegivel,MAR-SYN-0075-M2,responsavel,35,desempregado,residencia,comprovante_endereco,indicado_na_pesquisa_de_partida,a_validar,MAR-DOC-000596,ilegivel,2025-10,nao_se_aplica,nao_se_aplica,0.28,solicitar_arquivo_legivel,sim,hipotese
marista_dom_silverio,bolsa_social_2026,MAR-SYN-0075,residencia_ilegivel,MAR-SYN-0075-M2,responsavel,35,desempregado,moradia,comprovante_financiamento,moradia_financiada,a_validar,MAR-DOC-000597,ok,2025-10,1350.00,1350.00,0.97,nenhuma,sim,hipotese
marista_dom_silverio,bolsa_social_2026,MAR-SYN-0075,residencia_ilegivel,MAR-SYN-0075-M2,responsavel,35,desempregado,renda,declaracao_sem_renda_e_cnis,comprovacao_de_renda_detalhada_no_anexo,a_validar,MAR-DOC-000598,ok,2025-08|2025-09|2025-10,3325.00,3325.00,0.97,nenhuma,sim,parcial
marista_dom_silverio,bolsa_social_2026,MAR-SYN-0075,residencia_ilegivel,MAR-SYN-0075-M2,responsavel,35,desempregado,tributario,irpf_ou_comprovacao_de_nao_declaracao,indicado_na_pesquisa_de_partida,a_validar,MAR-DOC-000599,ok,ultimo_exercicio,nao_se_aplica,nao_se_aplica,0.97,nenhuma,sim,hipotese
marista_dom_silverio,bolsa_social_2026,MAR-SYN-0075,residencia_ilegivel,MAR-SYN-0075-M2,responsavel,35,desempregado,cadastro_social,folha_resumo_cadunico,criterio_oficial_documento_exato_a_validar,preferencial,MAR-DOC-000600,ok,atual,nao_se_aplica,nao_se_aplica,0.97,nenhuma,sim,parcial
marista_dom_silverio,bolsa_social_2026,MAR-SYN-0076,periodo_de_renda_incompleto,MAR-SYN-0076-M1,candidato,10,estudante,inscricao,formulario_avaliacao_socioeconomica,todo_candidato,obrigatorio,MAR-DOC-000601,ok,2026,nao_se_aplica,nao_se_aplica,0.97,nenhuma,nao,confirmado
marista_dom_silverio,bolsa_social_2026,MAR-SYN-0076,periodo_de_renda_incompleto,MAR-SYN-0076-M1,candidato,10,estudante,identificacao,certidao_ou_rg_candidato,documentos_do_candidato_detalhados_no_anexo,a_validar,MAR-DOC-000602,ok,atual,nao_se_aplica,nao_se_aplica,0.97,nenhuma,sim,parcial
marista_dom_silverio,bolsa_social_2026,MAR-SYN-0076,periodo_de_renda_incompleto,MAR-SYN-0076-M2,responsavel,36,assalariado,identificacao,rg_cpf_adulto,documentos_do_grupo_detalhados_no_anexo,a_validar,MAR-DOC-000603,ok,atual,nao_se_aplica,nao_se_aplica,0.97,nenhuma,sim,parcial
marista_dom_silverio,bolsa_social_2026,MAR-SYN-0076,periodo_de_renda_incompleto,MAR-SYN-0076-M2,responsavel,36,assalariado,residencia,comprovante_endereco,indicado_na_pesquisa_de_partida,a_validar,MAR-DOC-000604,ok,2025-10,nao_se_aplica,nao_se_aplica,0.97,nenhuma,sim,hipotese
marista_dom_silverio,bolsa_social_2026,MAR-SYN-0076,periodo_de_renda_incompleto,MAR-SYN-0076-M2,responsavel,36,assalariado,moradia,declaracao_imovel_cedido,moradia_cedida,a_validar,MAR-DOC-000605,ok,2025-10,1350.00,1350.00,0.97,nenhuma,sim,hipotese
marista_dom_silverio,bolsa_social_2026,MAR-SYN-0076,periodo_de_renda_incompleto,MAR-SYN-0076-M2,responsavel,36,assalariado,renda,contracheques,comprovacao_de_renda_detalhada_no_anexo,a_validar,MAR-DOC-000606,periodo_incompleto,2025-08|2025-09|2025-10,3462.00,3462.00,0.89,solicitar_competencias_ausentes,sim,parcial
marista_dom_silverio,bolsa_social_2026,MAR-SYN-0076,periodo_de_renda_incompleto,MAR-SYN-0076-M2,responsavel,36,assalariado,tributario,irpf_ou_comprovacao_de_nao_declaracao,indicado_na_pesquisa_de_partida,a_validar,MAR-DOC-000607,ok,ultimo_exercicio,nao_se_aplica,nao_se_aplica,0.97,nenhuma,sim,hipotese
marista_dom_silverio,bolsa_social_2026,MAR-SYN-0076,periodo_de_renda_incompleto,MAR-SYN-0076-M2,responsavel,36,assalariado,cadastro_social,folha_resumo_cadunico,criterio_oficial_documento_exato_a_validar,preferencial,MAR-DOC-000608,ok,atual,nao_se_aplica,nao_se_aplica,0.97,nenhuma,sim,parcial
marista_dom_silverio,bolsa_social_2026,MAR-SYN-0077,renda_declarada_divergente,MAR-SYN-0077-M1,candidato,11,estudante,inscricao,formulario_avaliacao_socioeconomica,todo_candidato,obrigatorio,MAR-DOC-000609,ok,2026,nao_se_aplica,nao_se_aplica,0.97,nenhuma,nao,confirmado
marista_dom_silverio,bolsa_social_2026,MAR-SYN-0077,renda_declarada_divergente,MAR-SYN-0077-M1,candidato,11,estudante,identificacao,certidao_ou_rg_candidato,documentos_do_candidato_detalhados_no_anexo,a_validar,MAR-DOC-000610,ok,atual,nao_se_aplica,nao_se_aplica,0.97,nenhuma,sim,parcial
marista_dom_silverio,bolsa_social_2026,MAR-SYN-0077,renda_declarada_divergente,MAR-SYN-0077-M2,responsavel,37,trabalhador_informal,identificacao,rg_cpf_adulto,documentos_do_grupo_detalhados_no_anexo,a_validar,MAR-DOC-000611,ok,atual,nao_se_aplica,nao_se_aplica,0.97,nenhuma,sim,parcial
marista_dom_silverio,bolsa_social_2026,MAR-SYN-0077,renda_declarada_divergente,MAR-SYN-0077-M2,responsavel,37,trabalhador_informal,residencia,comprovante_endereco,indicado_na_pesquisa_de_partida,a_validar,MAR-DOC-000612,ok,2025-10,nao_se_aplica,nao_se_aplica,0.97,nenhuma,sim,hipotese
marista_dom_silverio,bolsa_social_2026,MAR-SYN-0077,renda_declarada_divergente,MAR-SYN-0077-M2,responsavel,37,trabalhador_informal,moradia,iptu_ou_irpf,moradia_propria,a_validar,MAR-DOC-000613,ok,2025-10,1350.00,1350.00,0.97,nenhuma,sim,hipotese
marista_dom_silverio,bolsa_social_2026,MAR-SYN-0077,renda_declarada_divergente,MAR-SYN-0077-M2,responsavel,37,trabalhador_informal,renda,declaracao_atividade_remunerada,comprovacao_de_renda_detalhada_no_anexo,a_validar,MAR-DOC-000614,divergente,2025-08|2025-09|2025-10,3599.00,4249.00,0.93,comparar_declaracao_e_documento,sim,parcial
marista_dom_silverio,bolsa_social_2026,MAR-SYN-0077,renda_declarada_divergente,MAR-SYN-0077-M2,responsavel,37,trabalhador_informal,tributario,irpf_ou_comprovacao_de_nao_declaracao,indicado_na_pesquisa_de_partida,a_validar,MAR-DOC-000615,ok,ultimo_exercicio,nao_se_aplica,nao_se_aplica,0.97,nenhuma,sim,hipotese
marista_dom_silverio,bolsa_social_2026,MAR-SYN-0077,renda_declarada_divergente,MAR-SYN-0077-M2,responsavel,37,trabalhador_informal,cadastro_social,folha_resumo_cadunico,criterio_oficial_documento_exato_a_validar,preferencial,MAR-DOC-000616,ok,atual,nao_se_aplica,nao_se_aplica,0.97,nenhuma,sim,parcial
marista_dom_silverio,bolsa_social_2026,MAR-SYN-0078,cadunico_desatualizado,MAR-SYN-0078-M1,candidato,12,estudante,inscricao,formulario_avaliacao_socioeconomica,todo_candidato,obrigatorio,MAR-DOC-000617,ok,2026,nao_se_aplica,nao_se_aplica,0.97,nenhuma,nao,confirmado
marista_dom_silverio,bolsa_social_2026,MAR-SYN-0078,cadunico_desatualizado,MAR-SYN-0078-M1,candidato,12,estudante,identificacao,certidao_ou_rg_candidato,documentos_do_candidato_detalhados_no_anexo,a_validar,MAR-DOC-000618,ok,atual,nao_se_aplica,nao_se_aplica,0.97,nenhuma,sim,parcial
marista_dom_silverio,bolsa_social_2026,MAR-SYN-0078,cadunico_desatualizado,MAR-SYN-0078-M2,responsavel,38,mei,identificacao,rg_cpf_adulto,documentos_do_grupo_detalhados_no_anexo,a_validar,MAR-DOC-000619,ok,atual,nao_se_aplica,nao_se_aplica,0.97,nenhuma,sim,parcial
marista_dom_silverio,bolsa_social_2026,MAR-SYN-0078,cadunico_desatualizado,MAR-SYN-0078-M2,responsavel,38,mei,residencia,comprovante_endereco,indicado_na_pesquisa_de_partida,a_validar,MAR-DOC-000620,ok,2025-10,nao_se_aplica,nao_se_aplica,0.97,nenhuma,sim,hipotese
marista_dom_silverio,bolsa_social_2026,MAR-SYN-0078,cadunico_desatualizado,MAR-SYN-0078-M2,responsavel,38,mei,moradia,contrato_e_recibo_aluguel,moradia_alugada,a_validar,MAR-DOC-000621,ok,2025-10,1350.00,1350.00,0.97,nenhuma,sim,hipotese
marista_dom_silverio,bolsa_social_2026,MAR-SYN-0078,cadunico_desatualizado,MAR-SYN-0078-M2,responsavel,38,mei,renda,dasn_simei,comprovacao_de_renda_detalhada_no_anexo,a_validar,MAR-DOC-000622,ok,2025-08|2025-09|2025-10,3736.00,3736.00,0.97,nenhuma,sim,parcial
marista_dom_silverio,bolsa_social_2026,MAR-SYN-0078,cadunico_desatualizado,MAR-SYN-0078-M2,responsavel,38,mei,tributario,irpf_ou_comprovacao_de_nao_declaracao,indicado_na_pesquisa_de_partida,a_validar,MAR-DOC-000623,ok,ultimo_exercicio,nao_se_aplica,nao_se_aplica,0.97,nenhuma,sim,hipotese
marista_dom_silverio,bolsa_social_2026,MAR-SYN-0078,cadunico_desatualizado,MAR-SYN-0078-M2,responsavel,38,mei,cadastro_social,folha_resumo_cadunico,criterio_oficial_documento_exato_a_validar,preferencial,MAR-DOC-000624,desatualizado,atual,nao_se_aplica,nao_se_aplica,0.95,solicitar_documento_atualizado,sim,parcial
marista_dom_silverio,bolsa_social_2026,MAR-SYN-0079,dossie_presente,MAR-SYN-0079-M1,candidato,13,estudante,inscricao,formulario_avaliacao_socioeconomica,todo_candidato,obrigatorio,MAR-DOC-000625,ok,2026,nao_se_aplica,nao_se_aplica,0.97,nenhuma,nao,confirmado
marista_dom_silverio,bolsa_social_2026,MAR-SYN-0079,dossie_presente,MAR-SYN-0079-M1,candidato,13,estudante,identificacao,certidao_ou_rg_candidato,documentos_do_candidato_detalhados_no_anexo,a_validar,MAR-DOC-000626,ok,atual,nao_se_aplica,nao_se_aplica,0.97,nenhuma,sim,parcial
marista_dom_silverio,bolsa_social_2026,MAR-SYN-0079,dossie_presente,MAR-SYN-0079-M2,responsavel,39,aposentado,identificacao,rg_cpf_adulto,documentos_do_grupo_detalhados_no_anexo,a_validar,MAR-DOC-000627,ok,atual,nao_se_aplica,nao_se_aplica,0.97,nenhuma,sim,parcial
marista_dom_silverio,bolsa_social_2026,MAR-SYN-0079,dossie_presente,MAR-SYN-0079-M2,responsavel,39,aposentado,residencia,comprovante_endereco,indicado_na_pesquisa_de_partida,a_validar,MAR-DOC-000628,ok,2025-10,nao_se_aplica,nao_se_aplica,0.97,nenhuma,sim,hipotese
marista_dom_silverio,bolsa_social_2026,MAR-SYN-0079,dossie_presente,MAR-SYN-0079-M2,responsavel,39,aposentado,moradia,comprovante_financiamento,moradia_financiada,a_validar,MAR-DOC-000629,ok,2025-10,1350.00,1350.00,0.97,nenhuma,sim,hipotese
marista_dom_silverio,bolsa_social_2026,MAR-SYN-0079,dossie_presente,MAR-SYN-0079-M2,responsavel,39,aposentado,renda,extrato_beneficio_previdenciario,comprovacao_de_renda_detalhada_no_anexo,a_validar,MAR-DOC-000630,ok,2025-08|2025-09|2025-10,3873.00,3873.00,0.97,nenhuma,sim,parcial
marista_dom_silverio,bolsa_social_2026,MAR-SYN-0079,dossie_presente,MAR-SYN-0079-M2,responsavel,39,aposentado,tributario,irpf_ou_comprovacao_de_nao_declaracao,indicado_na_pesquisa_de_partida,a_validar,MAR-DOC-000631,ok,ultimo_exercicio,nao_se_aplica,nao_se_aplica,0.97,nenhuma,sim,hipotese
marista_dom_silverio,bolsa_social_2026,MAR-SYN-0079,dossie_presente,MAR-SYN-0079-M2,responsavel,39,aposentado,cadastro_social,folha_resumo_cadunico,criterio_oficial_documento_exato_a_validar,preferencial,MAR-DOC-000632,ok,atual,nao_se_aplica,nao_se_aplica,0.97,nenhuma,sim,parcial
marista_dom_silverio,bolsa_social_2026,MAR-SYN-0080,comprovante_renda_faltante,MAR-SYN-0080-M1,candidato,14,estudante,inscricao,formulario_avaliacao_socioeconomica,todo_candidato,obrigatorio,MAR-DOC-000633,ok,2026,nao_se_aplica,nao_se_aplica,0.97,nenhuma,nao,confirmado
marista_dom_silverio,bolsa_social_2026,MAR-SYN-0080,comprovante_renda_faltante,MAR-SYN-0080-M1,candidato,14,estudante,identificacao,certidao_ou_rg_candidato,documentos_do_candidato_detalhados_no_anexo,a_validar,MAR-DOC-000634,ok,atual,nao_se_aplica,nao_se_aplica,0.97,nenhuma,sim,parcial
marista_dom_silverio,bolsa_social_2026,MAR-SYN-0080,comprovante_renda_faltante,MAR-SYN-0080-M2,responsavel,40,desempregado,identificacao,rg_cpf_adulto,documentos_do_grupo_detalhados_no_anexo,a_validar,MAR-DOC-000635,ok,atual,nao_se_aplica,nao_se_aplica,0.97,nenhuma,sim,parcial
marista_dom_silverio,bolsa_social_2026,MAR-SYN-0080,comprovante_renda_faltante,MAR-SYN-0080-M2,responsavel,40,desempregado,residencia,comprovante_endereco,indicado_na_pesquisa_de_partida,a_validar,MAR-DOC-000636,ok,2025-10,nao_se_aplica,nao_se_aplica,0.97,nenhuma,sim,hipotese
marista_dom_silverio,bolsa_social_2026,MAR-SYN-0080,comprovante_renda_faltante,MAR-SYN-0080-M2,responsavel,40,desempregado,moradia,declaracao_imovel_cedido,moradia_cedida,a_validar,MAR-DOC-000637,ok,2025-10,1350.00,1350.00,0.97,nenhuma,sim,hipotese
marista_dom_silverio,bolsa_social_2026,MAR-SYN-0080,comprovante_renda_faltante,MAR-SYN-0080-M2,responsavel,40,desempregado,renda,declaracao_sem_renda_e_cnis,comprovacao_de_renda_detalhada_no_anexo,a_validar,ausente,faltante,2025-08|2025-09|2025-10,4010.00,nao_extraido,0.00,solicitar_documento_faltante,sim,parcial
marista_dom_silverio,bolsa_social_2026,MAR-SYN-0080,comprovante_renda_faltante,MAR-SYN-0080-M2,responsavel,40,desempregado,tributario,irpf_ou_comprovacao_de_nao_declaracao,indicado_na_pesquisa_de_partida,a_validar,MAR-DOC-000639,ok,ultimo_exercicio,nao_se_aplica,nao_se_aplica,0.97,nenhuma,sim,hipotese
marista_dom_silverio,bolsa_social_2026,MAR-SYN-0080,comprovante_renda_faltante,MAR-SYN-0080-M2,responsavel,40,desempregado,cadastro_social,folha_resumo_cadunico,criterio_oficial_documento_exato_a_validar,preferencial,MAR-DOC-000640,ok,atual,nao_se_aplica,nao_se_aplica,0.97,nenhuma,sim,parcial
marista_dom_silverio,bolsa_social_2026,MAR-SYN-0081,residencia_ilegivel,MAR-SYN-0081-M1,candidato,15,estudante,inscricao,formulario_avaliacao_socioeconomica,todo_candidato,obrigatorio,MAR-DOC-000641,ok,2026,nao_se_aplica,nao_se_aplica,0.97,nenhuma,nao,confirmado
marista_dom_silverio,bolsa_social_2026,MAR-SYN-0081,residencia_ilegivel,MAR-SYN-0081-M1,candidato,15,estudante,identificacao,certidao_ou_rg_candidato,documentos_do_candidato_detalhados_no_anexo,a_validar,MAR-DOC-000642,ok,atual,nao_se_aplica,nao_se_aplica,0.97,nenhuma,sim,parcial
marista_dom_silverio,bolsa_social_2026,MAR-SYN-0081,residencia_ilegivel,MAR-SYN-0081-M2,responsavel,41,assalariado,identificacao,rg_cpf_adulto,documentos_do_grupo_detalhados_no_anexo,a_validar,MAR-DOC-000643,ok,atual,nao_se_aplica,nao_se_aplica,0.97,nenhuma,sim,parcial
marista_dom_silverio,bolsa_social_2026,MAR-SYN-0081,residencia_ilegivel,MAR-SYN-0081-M2,responsavel,41,assalariado,residencia,comprovante_endereco,indicado_na_pesquisa_de_partida,a_validar,MAR-DOC-000644,ilegivel,2025-10,nao_se_aplica,nao_se_aplica,0.28,solicitar_arquivo_legivel,sim,hipotese
marista_dom_silverio,bolsa_social_2026,MAR-SYN-0081,residencia_ilegivel,MAR-SYN-0081-M2,responsavel,41,assalariado,moradia,iptu_ou_irpf,moradia_propria,a_validar,MAR-DOC-000645,ok,2025-10,1350.00,1350.00,0.97,nenhuma,sim,hipotese
marista_dom_silverio,bolsa_social_2026,MAR-SYN-0081,residencia_ilegivel,MAR-SYN-0081-M2,responsavel,41,assalariado,renda,contracheques,comprovacao_de_renda_detalhada_no_anexo,a_validar,MAR-DOC-000646,ok,2025-08|2025-09|2025-10,4147.00,4147.00,0.97,nenhuma,sim,parcial
marista_dom_silverio,bolsa_social_2026,MAR-SYN-0081,residencia_ilegivel,MAR-SYN-0081-M2,responsavel,41,assalariado,tributario,irpf_ou_comprovacao_de_nao_declaracao,indicado_na_pesquisa_de_partida,a_validar,MAR-DOC-000647,ok,ultimo_exercicio,nao_se_aplica,nao_se_aplica,0.97,nenhuma,sim,hipotese
marista_dom_silverio,bolsa_social_2026,MAR-SYN-0081,residencia_ilegivel,MAR-SYN-0081-M2,responsavel,41,assalariado,cadastro_social,folha_resumo_cadunico,criterio_oficial_documento_exato_a_validar,preferencial,MAR-DOC-000648,ok,atual,nao_se_aplica,nao_se_aplica,0.97,nenhuma,sim,parcial
marista_dom_silverio,bolsa_social_2026,MAR-SYN-0082,periodo_de_renda_incompleto,MAR-SYN-0082-M1,candidato,16,estudante,inscricao,formulario_avaliacao_socioeconomica,todo_candidato,obrigatorio,MAR-DOC-000649,ok,2026,nao_se_aplica,nao_se_aplica,0.97,nenhuma,nao,confirmado
marista_dom_silverio,bolsa_social_2026,MAR-SYN-0082,periodo_de_renda_incompleto,MAR-SYN-0082-M1,candidato,16,estudante,identificacao,certidao_ou_rg_candidato,documentos_do_candidato_detalhados_no_anexo,a_validar,MAR-DOC-000650,ok,atual,nao_se_aplica,nao_se_aplica,0.97,nenhuma,sim,parcial
marista_dom_silverio,bolsa_social_2026,MAR-SYN-0082,periodo_de_renda_incompleto,MAR-SYN-0082-M2,responsavel,42,trabalhador_informal,identificacao,rg_cpf_adulto,documentos_do_grupo_detalhados_no_anexo,a_validar,MAR-DOC-000651,ok,atual,nao_se_aplica,nao_se_aplica,0.97,nenhuma,sim,parcial
marista_dom_silverio,bolsa_social_2026,MAR-SYN-0082,periodo_de_renda_incompleto,MAR-SYN-0082-M2,responsavel,42,trabalhador_informal,residencia,comprovante_endereco,indicado_na_pesquisa_de_partida,a_validar,MAR-DOC-000652,ok,2025-10,nao_se_aplica,nao_se_aplica,0.97,nenhuma,sim,hipotese
marista_dom_silverio,bolsa_social_2026,MAR-SYN-0082,periodo_de_renda_incompleto,MAR-SYN-0082-M2,responsavel,42,trabalhador_informal,moradia,contrato_e_recibo_aluguel,moradia_alugada,a_validar,MAR-DOC-000653,ok,2025-10,1350.00,1350.00,0.97,nenhuma,sim,hipotese
marista_dom_silverio,bolsa_social_2026,MAR-SYN-0082,periodo_de_renda_incompleto,MAR-SYN-0082-M2,responsavel,42,trabalhador_informal,renda,declaracao_atividade_remunerada,comprovacao_de_renda_detalhada_no_anexo,a_validar,MAR-DOC-000654,periodo_incompleto,2025-08|2025-09|2025-10,4284.00,4284.00,0.89,solicitar_competencias_ausentes,sim,parcial
marista_dom_silverio,bolsa_social_2026,MAR-SYN-0082,periodo_de_renda_incompleto,MAR-SYN-0082-M2,responsavel,42,trabalhador_informal,tributario,irpf_ou_comprovacao_de_nao_declaracao,indicado_na_pesquisa_de_partida,a_validar,MAR-DOC-000655,ok,ultimo_exercicio,nao_se_aplica,nao_se_aplica,0.97,nenhuma,sim,hipotese
marista_dom_silverio,bolsa_social_2026,MAR-SYN-0082,periodo_de_renda_incompleto,MAR-SYN-0082-M2,responsavel,42,trabalhador_informal,cadastro_social,folha_resumo_cadunico,criterio_oficial_documento_exato_a_validar,preferencial,MAR-DOC-000656,ok,atual,nao_se_aplica,nao_se_aplica,0.97,nenhuma,sim,parcial
marista_dom_silverio,bolsa_social_2026,MAR-SYN-0083,renda_declarada_divergente,MAR-SYN-0083-M1,candidato,17,estudante,inscricao,formulario_avaliacao_socioeconomica,todo_candidato,obrigatorio,MAR-DOC-000657,ok,2026,nao_se_aplica,nao_se_aplica,0.97,nenhuma,nao,confirmado
marista_dom_silverio,bolsa_social_2026,MAR-SYN-0083,renda_declarada_divergente,MAR-SYN-0083-M1,candidato,17,estudante,identificacao,certidao_ou_rg_candidato,documentos_do_candidato_detalhados_no_anexo,a_validar,MAR-DOC-000658,ok,atual,nao_se_aplica,nao_se_aplica,0.97,nenhuma,sim,parcial
marista_dom_silverio,bolsa_social_2026,MAR-SYN-0083,renda_declarada_divergente,MAR-SYN-0083-M2,responsavel,43,mei,identificacao,rg_cpf_adulto,documentos_do_grupo_detalhados_no_anexo,a_validar,MAR-DOC-000659,ok,atual,nao_se_aplica,nao_se_aplica,0.97,nenhuma,sim,parcial
marista_dom_silverio,bolsa_social_2026,MAR-SYN-0083,renda_declarada_divergente,MAR-SYN-0083-M2,responsavel,43,mei,residencia,comprovante_endereco,indicado_na_pesquisa_de_partida,a_validar,MAR-DOC-000660,ok,2025-10,nao_se_aplica,nao_se_aplica,0.97,nenhuma,sim,hipotese
marista_dom_silverio,bolsa_social_2026,MAR-SYN-0083,renda_declarada_divergente,MAR-SYN-0083-M2,responsavel,43,mei,moradia,comprovante_financiamento,moradia_financiada,a_validar,MAR-DOC-000661,ok,2025-10,1350.00,1350.00,0.97,nenhuma,sim,hipotese
marista_dom_silverio,bolsa_social_2026,MAR-SYN-0083,renda_declarada_divergente,MAR-SYN-0083-M2,responsavel,43,mei,renda,dasn_simei,comprovacao_de_renda_detalhada_no_anexo,a_validar,MAR-DOC-000662,divergente,2025-08|2025-09|2025-10,4421.00,5071.00,0.93,comparar_declaracao_e_documento,sim,parcial
marista_dom_silverio,bolsa_social_2026,MAR-SYN-0083,renda_declarada_divergente,MAR-SYN-0083-M2,responsavel,43,mei,tributario,irpf_ou_comprovacao_de_nao_declaracao,indicado_na_pesquisa_de_partida,a_validar,MAR-DOC-000663,ok,ultimo_exercicio,nao_se_aplica,nao_se_aplica,0.97,nenhuma,sim,hipotese
marista_dom_silverio,bolsa_social_2026,MAR-SYN-0083,renda_declarada_divergente,MAR-SYN-0083-M2,responsavel,43,mei,cadastro_social,folha_resumo_cadunico,criterio_oficial_documento_exato_a_validar,preferencial,MAR-DOC-000664,ok,atual,nao_se_aplica,nao_se_aplica,0.97,nenhuma,sim,parcial
marista_dom_silverio,bolsa_social_2026,MAR-SYN-0084,cadunico_desatualizado,MAR-SYN-0084-M1,candidato,6,estudante,inscricao,formulario_avaliacao_socioeconomica,todo_candidato,obrigatorio,MAR-DOC-000665,ok,2026,nao_se_aplica,nao_se_aplica,0.97,nenhuma,nao,confirmado
marista_dom_silverio,bolsa_social_2026,MAR-SYN-0084,cadunico_desatualizado,MAR-SYN-0084-M1,candidato,6,estudante,identificacao,certidao_ou_rg_candidato,documentos_do_candidato_detalhados_no_anexo,a_validar,MAR-DOC-000666,ok,atual,nao_se_aplica,nao_se_aplica,0.97,nenhuma,sim,parcial
marista_dom_silverio,bolsa_social_2026,MAR-SYN-0084,cadunico_desatualizado,MAR-SYN-0084-M2,responsavel,44,aposentado,identificacao,rg_cpf_adulto,documentos_do_grupo_detalhados_no_anexo,a_validar,MAR-DOC-000667,ok,atual,nao_se_aplica,nao_se_aplica,0.97,nenhuma,sim,parcial
marista_dom_silverio,bolsa_social_2026,MAR-SYN-0084,cadunico_desatualizado,MAR-SYN-0084-M2,responsavel,44,aposentado,residencia,comprovante_endereco,indicado_na_pesquisa_de_partida,a_validar,MAR-DOC-000668,ok,2025-10,nao_se_aplica,nao_se_aplica,0.97,nenhuma,sim,hipotese
marista_dom_silverio,bolsa_social_2026,MAR-SYN-0084,cadunico_desatualizado,MAR-SYN-0084-M2,responsavel,44,aposentado,moradia,declaracao_imovel_cedido,moradia_cedida,a_validar,MAR-DOC-000669,ok,2025-10,1350.00,1350.00,0.97,nenhuma,sim,hipotese
marista_dom_silverio,bolsa_social_2026,MAR-SYN-0084,cadunico_desatualizado,MAR-SYN-0084-M2,responsavel,44,aposentado,renda,extrato_beneficio_previdenciario,comprovacao_de_renda_detalhada_no_anexo,a_validar,MAR-DOC-000670,ok,2025-08|2025-09|2025-10,4558.00,4558.00,0.97,nenhuma,sim,parcial
marista_dom_silverio,bolsa_social_2026,MAR-SYN-0084,cadunico_desatualizado,MAR-SYN-0084-M2,responsavel,44,aposentado,tributario,irpf_ou_comprovacao_de_nao_declaracao,indicado_na_pesquisa_de_partida,a_validar,MAR-DOC-000671,ok,ultimo_exercicio,nao_se_aplica,nao_se_aplica,0.97,nenhuma,sim,hipotese
marista_dom_silverio,bolsa_social_2026,MAR-SYN-0084,cadunico_desatualizado,MAR-SYN-0084-M2,responsavel,44,aposentado,cadastro_social,folha_resumo_cadunico,criterio_oficial_documento_exato_a_validar,preferencial,MAR-DOC-000672,desatualizado,atual,nao_se_aplica,nao_se_aplica,0.95,solicitar_documento_atualizado,sim,parcial
marista_dom_silverio,bolsa_social_2026,MAR-SYN-0085,dossie_presente,MAR-SYN-0085-M1,candidato,7,estudante,inscricao,formulario_avaliacao_socioeconomica,todo_candidato,obrigatorio,MAR-DOC-000673,ok,2026,nao_se_aplica,nao_se_aplica,0.97,nenhuma,nao,confirmado
marista_dom_silverio,bolsa_social_2026,MAR-SYN-0085,dossie_presente,MAR-SYN-0085-M1,candidato,7,estudante,identificacao,certidao_ou_rg_candidato,documentos_do_candidato_detalhados_no_anexo,a_validar,MAR-DOC-000674,ok,atual,nao_se_aplica,nao_se_aplica,0.97,nenhuma,sim,parcial
marista_dom_silverio,bolsa_social_2026,MAR-SYN-0085,dossie_presente,MAR-SYN-0085-M2,responsavel,45,desempregado,identificacao,rg_cpf_adulto,documentos_do_grupo_detalhados_no_anexo,a_validar,MAR-DOC-000675,ok,atual,nao_se_aplica,nao_se_aplica,0.97,nenhuma,sim,parcial
marista_dom_silverio,bolsa_social_2026,MAR-SYN-0085,dossie_presente,MAR-SYN-0085-M2,responsavel,45,desempregado,residencia,comprovante_endereco,indicado_na_pesquisa_de_partida,a_validar,MAR-DOC-000676,ok,2025-10,nao_se_aplica,nao_se_aplica,0.97,nenhuma,sim,hipotese
marista_dom_silverio,bolsa_social_2026,MAR-SYN-0085,dossie_presente,MAR-SYN-0085-M2,responsavel,45,desempregado,moradia,iptu_ou_irpf,moradia_propria,a_validar,MAR-DOC-000677,ok,2025-10,1350.00,1350.00,0.97,nenhuma,sim,hipotese
marista_dom_silverio,bolsa_social_2026,MAR-SYN-0085,dossie_presente,MAR-SYN-0085-M2,responsavel,45,desempregado,renda,declaracao_sem_renda_e_cnis,comprovacao_de_renda_detalhada_no_anexo,a_validar,MAR-DOC-000678,ok,2025-08|2025-09|2025-10,4695.00,4695.00,0.97,nenhuma,sim,parcial
marista_dom_silverio,bolsa_social_2026,MAR-SYN-0085,dossie_presente,MAR-SYN-0085-M2,responsavel,45,desempregado,tributario,irpf_ou_comprovacao_de_nao_declaracao,indicado_na_pesquisa_de_partida,a_validar,MAR-DOC-000679,ok,ultimo_exercicio,nao_se_aplica,nao_se_aplica,0.97,nenhuma,sim,hipotese
marista_dom_silverio,bolsa_social_2026,MAR-SYN-0085,dossie_presente,MAR-SYN-0085-M2,responsavel,45,desempregado,cadastro_social,folha_resumo_cadunico,criterio_oficial_documento_exato_a_validar,preferencial,MAR-DOC-000680,ok,atual,nao_se_aplica,nao_se_aplica,0.97,nenhuma,sim,parcial
marista_dom_silverio,bolsa_social_2026,MAR-SYN-0086,comprovante_renda_faltante,MAR-SYN-0086-M1,candidato,8,estudante,inscricao,formulario_avaliacao_socioeconomica,todo_candidato,obrigatorio,MAR-DOC-000681,ok,2026,nao_se_aplica,nao_se_aplica,0.97,nenhuma,nao,confirmado
marista_dom_silverio,bolsa_social_2026,MAR-SYN-0086,comprovante_renda_faltante,MAR-SYN-0086-M1,candidato,8,estudante,identificacao,certidao_ou_rg_candidato,documentos_do_candidato_detalhados_no_anexo,a_validar,MAR-DOC-000682,ok,atual,nao_se_aplica,nao_se_aplica,0.97,nenhuma,sim,parcial
marista_dom_silverio,bolsa_social_2026,MAR-SYN-0086,comprovante_renda_faltante,MAR-SYN-0086-M2,responsavel,46,assalariado,identificacao,rg_cpf_adulto,documentos_do_grupo_detalhados_no_anexo,a_validar,MAR-DOC-000683,ok,atual,nao_se_aplica,nao_se_aplica,0.97,nenhuma,sim,parcial
marista_dom_silverio,bolsa_social_2026,MAR-SYN-0086,comprovante_renda_faltante,MAR-SYN-0086-M2,responsavel,46,assalariado,residencia,comprovante_endereco,indicado_na_pesquisa_de_partida,a_validar,MAR-DOC-000684,ok,2025-10,nao_se_aplica,nao_se_aplica,0.97,nenhuma,sim,hipotese
marista_dom_silverio,bolsa_social_2026,MAR-SYN-0086,comprovante_renda_faltante,MAR-SYN-0086-M2,responsavel,46,assalariado,moradia,contrato_e_recibo_aluguel,moradia_alugada,a_validar,MAR-DOC-000685,ok,2025-10,1350.00,1350.00,0.97,nenhuma,sim,hipotese
marista_dom_silverio,bolsa_social_2026,MAR-SYN-0086,comprovante_renda_faltante,MAR-SYN-0086-M2,responsavel,46,assalariado,renda,contracheques,comprovacao_de_renda_detalhada_no_anexo,a_validar,ausente,faltante,2025-08|2025-09|2025-10,4832.00,nao_extraido,0.00,solicitar_documento_faltante,sim,parcial
marista_dom_silverio,bolsa_social_2026,MAR-SYN-0086,comprovante_renda_faltante,MAR-SYN-0086-M2,responsavel,46,assalariado,tributario,irpf_ou_comprovacao_de_nao_declaracao,indicado_na_pesquisa_de_partida,a_validar,MAR-DOC-000687,ok,ultimo_exercicio,nao_se_aplica,nao_se_aplica,0.97,nenhuma,sim,hipotese
marista_dom_silverio,bolsa_social_2026,MAR-SYN-0086,comprovante_renda_faltante,MAR-SYN-0086-M2,responsavel,46,assalariado,cadastro_social,folha_resumo_cadunico,criterio_oficial_documento_exato_a_validar,preferencial,MAR-DOC-000688,ok,atual,nao_se_aplica,nao_se_aplica,0.97,nenhuma,sim,parcial
marista_dom_silverio,bolsa_social_2026,MAR-SYN-0087,residencia_ilegivel,MAR-SYN-0087-M1,candidato,9,estudante,inscricao,formulario_avaliacao_socioeconomica,todo_candidato,obrigatorio,MAR-DOC-000689,ok,2026,nao_se_aplica,nao_se_aplica,0.97,nenhuma,nao,confirmado
marista_dom_silverio,bolsa_social_2026,MAR-SYN-0087,residencia_ilegivel,MAR-SYN-0087-M1,candidato,9,estudante,identificacao,certidao_ou_rg_candidato,documentos_do_candidato_detalhados_no_anexo,a_validar,MAR-DOC-000690,ok,atual,nao_se_aplica,nao_se_aplica,0.97,nenhuma,sim,parcial
marista_dom_silverio,bolsa_social_2026,MAR-SYN-0087,residencia_ilegivel,MAR-SYN-0087-M2,responsavel,47,trabalhador_informal,identificacao,rg_cpf_adulto,documentos_do_grupo_detalhados_no_anexo,a_validar,MAR-DOC-000691,ok,atual,nao_se_aplica,nao_se_aplica,0.97,nenhuma,sim,parcial
marista_dom_silverio,bolsa_social_2026,MAR-SYN-0087,residencia_ilegivel,MAR-SYN-0087-M2,responsavel,47,trabalhador_informal,residencia,comprovante_endereco,indicado_na_pesquisa_de_partida,a_validar,MAR-DOC-000692,ilegivel,2025-10,nao_se_aplica,nao_se_aplica,0.28,solicitar_arquivo_legivel,sim,hipotese
marista_dom_silverio,bolsa_social_2026,MAR-SYN-0087,residencia_ilegivel,MAR-SYN-0087-M2,responsavel,47,trabalhador_informal,moradia,comprovante_financiamento,moradia_financiada,a_validar,MAR-DOC-000693,ok,2025-10,1350.00,1350.00,0.97,nenhuma,sim,hipotese
marista_dom_silverio,bolsa_social_2026,MAR-SYN-0087,residencia_ilegivel,MAR-SYN-0087-M2,responsavel,47,trabalhador_informal,renda,declaracao_atividade_remunerada,comprovacao_de_renda_detalhada_no_anexo,a_validar,MAR-DOC-000694,ok,2025-08|2025-09|2025-10,4969.00,4969.00,0.97,nenhuma,sim,parcial
marista_dom_silverio,bolsa_social_2026,MAR-SYN-0087,residencia_ilegivel,MAR-SYN-0087-M2,responsavel,47,trabalhador_informal,tributario,irpf_ou_comprovacao_de_nao_declaracao,indicado_na_pesquisa_de_partida,a_validar,MAR-DOC-000695,ok,ultimo_exercicio,nao_se_aplica,nao_se_aplica,0.97,nenhuma,sim,hipotese
marista_dom_silverio,bolsa_social_2026,MAR-SYN-0087,residencia_ilegivel,MAR-SYN-0087-M2,responsavel,47,trabalhador_informal,cadastro_social,folha_resumo_cadunico,criterio_oficial_documento_exato_a_validar,preferencial,MAR-DOC-000696,ok,atual,nao_se_aplica,nao_se_aplica,0.97,nenhuma,sim,parcial
marista_dom_silverio,bolsa_social_2026,MAR-SYN-0088,periodo_de_renda_incompleto,MAR-SYN-0088-M1,candidato,10,estudante,inscricao,formulario_avaliacao_socioeconomica,todo_candidato,obrigatorio,MAR-DOC-000697,ok,2026,nao_se_aplica,nao_se_aplica,0.97,nenhuma,nao,confirmado
marista_dom_silverio,bolsa_social_2026,MAR-SYN-0088,periodo_de_renda_incompleto,MAR-SYN-0088-M1,candidato,10,estudante,identificacao,certidao_ou_rg_candidato,documentos_do_candidato_detalhados_no_anexo,a_validar,MAR-DOC-000698,ok,atual,nao_se_aplica,nao_se_aplica,0.97,nenhuma,sim,parcial
marista_dom_silverio,bolsa_social_2026,MAR-SYN-0088,periodo_de_renda_incompleto,MAR-SYN-0088-M2,responsavel,48,mei,identificacao,rg_cpf_adulto,documentos_do_grupo_detalhados_no_anexo,a_validar,MAR-DOC-000699,ok,atual,nao_se_aplica,nao_se_aplica,0.97,nenhuma,sim,parcial
marista_dom_silverio,bolsa_social_2026,MAR-SYN-0088,periodo_de_renda_incompleto,MAR-SYN-0088-M2,responsavel,48,mei,residencia,comprovante_endereco,indicado_na_pesquisa_de_partida,a_validar,MAR-DOC-000700,ok,2025-10,nao_se_aplica,nao_se_aplica,0.97,nenhuma,sim,hipotese
marista_dom_silverio,bolsa_social_2026,MAR-SYN-0088,periodo_de_renda_incompleto,MAR-SYN-0088-M2,responsavel,48,mei,moradia,declaracao_imovel_cedido,moradia_cedida,a_validar,MAR-DOC-000701,ok,2025-10,1350.00,1350.00,0.97,nenhuma,sim,hipotese
marista_dom_silverio,bolsa_social_2026,MAR-SYN-0088,periodo_de_renda_incompleto,MAR-SYN-0088-M2,responsavel,48,mei,renda,dasn_simei,comprovacao_de_renda_detalhada_no_anexo,a_validar,MAR-DOC-000702,periodo_incompleto,2025-08|2025-09|2025-10,5106.00,5106.00,0.89,solicitar_competencias_ausentes,sim,parcial
marista_dom_silverio,bolsa_social_2026,MAR-SYN-0088,periodo_de_renda_incompleto,MAR-SYN-0088-M2,responsavel,48,mei,tributario,irpf_ou_comprovacao_de_nao_declaracao,indicado_na_pesquisa_de_partida,a_validar,MAR-DOC-000703,ok,ultimo_exercicio,nao_se_aplica,nao_se_aplica,0.97,nenhuma,sim,hipotese
marista_dom_silverio,bolsa_social_2026,MAR-SYN-0088,periodo_de_renda_incompleto,MAR-SYN-0088-M2,responsavel,48,mei,cadastro_social,folha_resumo_cadunico,criterio_oficial_documento_exato_a_validar,preferencial,MAR-DOC-000704,ok,atual,nao_se_aplica,nao_se_aplica,0.97,nenhuma,sim,parcial
marista_dom_silverio,bolsa_social_2026,MAR-SYN-0089,renda_declarada_divergente,MAR-SYN-0089-M1,candidato,11,estudante,inscricao,formulario_avaliacao_socioeconomica,todo_candidato,obrigatorio,MAR-DOC-000705,ok,2026,nao_se_aplica,nao_se_aplica,0.97,nenhuma,nao,confirmado
marista_dom_silverio,bolsa_social_2026,MAR-SYN-0089,renda_declarada_divergente,MAR-SYN-0089-M1,candidato,11,estudante,identificacao,certidao_ou_rg_candidato,documentos_do_candidato_detalhados_no_anexo,a_validar,MAR-DOC-000706,ok,atual,nao_se_aplica,nao_se_aplica,0.97,nenhuma,sim,parcial
marista_dom_silverio,bolsa_social_2026,MAR-SYN-0089,renda_declarada_divergente,MAR-SYN-0089-M2,responsavel,49,aposentado,identificacao,rg_cpf_adulto,documentos_do_grupo_detalhados_no_anexo,a_validar,MAR-DOC-000707,ok,atual,nao_se_aplica,nao_se_aplica,0.97,nenhuma,sim,parcial
marista_dom_silverio,bolsa_social_2026,MAR-SYN-0089,renda_declarada_divergente,MAR-SYN-0089-M2,responsavel,49,aposentado,residencia,comprovante_endereco,indicado_na_pesquisa_de_partida,a_validar,MAR-DOC-000708,ok,2025-10,nao_se_aplica,nao_se_aplica,0.97,nenhuma,sim,hipotese
marista_dom_silverio,bolsa_social_2026,MAR-SYN-0089,renda_declarada_divergente,MAR-SYN-0089-M2,responsavel,49,aposentado,moradia,iptu_ou_irpf,moradia_propria,a_validar,MAR-DOC-000709,ok,2025-10,1350.00,1350.00,0.97,nenhuma,sim,hipotese
marista_dom_silverio,bolsa_social_2026,MAR-SYN-0089,renda_declarada_divergente,MAR-SYN-0089-M2,responsavel,49,aposentado,renda,extrato_beneficio_previdenciario,comprovacao_de_renda_detalhada_no_anexo,a_validar,MAR-DOC-000710,divergente,2025-08|2025-09|2025-10,5243.00,5893.00,0.93,comparar_declaracao_e_documento,sim,parcial
marista_dom_silverio,bolsa_social_2026,MAR-SYN-0089,renda_declarada_divergente,MAR-SYN-0089-M2,responsavel,49,aposentado,tributario,irpf_ou_comprovacao_de_nao_declaracao,indicado_na_pesquisa_de_partida,a_validar,MAR-DOC-000711,ok,ultimo_exercicio,nao_se_aplica,nao_se_aplica,0.97,nenhuma,sim,hipotese
marista_dom_silverio,bolsa_social_2026,MAR-SYN-0089,renda_declarada_divergente,MAR-SYN-0089-M2,responsavel,49,aposentado,cadastro_social,folha_resumo_cadunico,criterio_oficial_documento_exato_a_validar,preferencial,MAR-DOC-000712,ok,atual,nao_se_aplica,nao_se_aplica,0.97,nenhuma,sim,parcial
marista_dom_silverio,bolsa_social_2026,MAR-SYN-0090,cadunico_desatualizado,MAR-SYN-0090-M1,candidato,12,estudante,inscricao,formulario_avaliacao_socioeconomica,todo_candidato,obrigatorio,MAR-DOC-000713,ok,2026,nao_se_aplica,nao_se_aplica,0.97,nenhuma,nao,confirmado
marista_dom_silverio,bolsa_social_2026,MAR-SYN-0090,cadunico_desatualizado,MAR-SYN-0090-M1,candidato,12,estudante,identificacao,certidao_ou_rg_candidato,documentos_do_candidato_detalhados_no_anexo,a_validar,MAR-DOC-000714,ok,atual,nao_se_aplica,nao_se_aplica,0.97,nenhuma,sim,parcial
marista_dom_silverio,bolsa_social_2026,MAR-SYN-0090,cadunico_desatualizado,MAR-SYN-0090-M2,responsavel,50,desempregado,identificacao,rg_cpf_adulto,documentos_do_grupo_detalhados_no_anexo,a_validar,MAR-DOC-000715,ok,atual,nao_se_aplica,nao_se_aplica,0.97,nenhuma,sim,parcial
marista_dom_silverio,bolsa_social_2026,MAR-SYN-0090,cadunico_desatualizado,MAR-SYN-0090-M2,responsavel,50,desempregado,residencia,comprovante_endereco,indicado_na_pesquisa_de_partida,a_validar,MAR-DOC-000716,ok,2025-10,nao_se_aplica,nao_se_aplica,0.97,nenhuma,sim,hipotese
marista_dom_silverio,bolsa_social_2026,MAR-SYN-0090,cadunico_desatualizado,MAR-SYN-0090-M2,responsavel,50,desempregado,moradia,contrato_e_recibo_aluguel,moradia_alugada,a_validar,MAR-DOC-000717,ok,2025-10,1350.00,1350.00,0.97,nenhuma,sim,hipotese
marista_dom_silverio,bolsa_social_2026,MAR-SYN-0090,cadunico_desatualizado,MAR-SYN-0090-M2,responsavel,50,desempregado,renda,declaracao_sem_renda_e_cnis,comprovacao_de_renda_detalhada_no_anexo,a_validar,MAR-DOC-000718,ok,2025-08|2025-09|2025-10,5380.00,5380.00,0.97,nenhuma,sim,parcial
marista_dom_silverio,bolsa_social_2026,MAR-SYN-0090,cadunico_desatualizado,MAR-SYN-0090-M2,responsavel,50,desempregado,tributario,irpf_ou_comprovacao_de_nao_declaracao,indicado_na_pesquisa_de_partida,a_validar,MAR-DOC-000719,ok,ultimo_exercicio,nao_se_aplica,nao_se_aplica,0.97,nenhuma,sim,hipotese
marista_dom_silverio,bolsa_social_2026,MAR-SYN-0090,cadunico_desatualizado,MAR-SYN-0090-M2,responsavel,50,desempregado,cadastro_social,folha_resumo_cadunico,criterio_oficial_documento_exato_a_validar,preferencial,MAR-DOC-000720,desatualizado,atual,nao_se_aplica,nao_se_aplica,0.95,solicitar_documento_atualizado,sim,parcial
marista_dom_silverio,bolsa_social_2026,MAR-SYN-0091,dossie_presente,MAR-SYN-0091-M1,candidato,13,estudante,inscricao,formulario_avaliacao_socioeconomica,todo_candidato,obrigatorio,MAR-DOC-000721,ok,2026,nao_se_aplica,nao_se_aplica,0.97,nenhuma,nao,confirmado
marista_dom_silverio,bolsa_social_2026,MAR-SYN-0091,dossie_presente,MAR-SYN-0091-M1,candidato,13,estudante,identificacao,certidao_ou_rg_candidato,documentos_do_candidato_detalhados_no_anexo,a_validar,MAR-DOC-000722,ok,atual,nao_se_aplica,nao_se_aplica,0.97,nenhuma,sim,parcial
marista_dom_silverio,bolsa_social_2026,MAR-SYN-0091,dossie_presente,MAR-SYN-0091-M2,responsavel,51,assalariado,identificacao,rg_cpf_adulto,documentos_do_grupo_detalhados_no_anexo,a_validar,MAR-DOC-000723,ok,atual,nao_se_aplica,nao_se_aplica,0.97,nenhuma,sim,parcial
marista_dom_silverio,bolsa_social_2026,MAR-SYN-0091,dossie_presente,MAR-SYN-0091-M2,responsavel,51,assalariado,residencia,comprovante_endereco,indicado_na_pesquisa_de_partida,a_validar,MAR-DOC-000724,ok,2025-10,nao_se_aplica,nao_se_aplica,0.97,nenhuma,sim,hipotese
marista_dom_silverio,bolsa_social_2026,MAR-SYN-0091,dossie_presente,MAR-SYN-0091-M2,responsavel,51,assalariado,moradia,comprovante_financiamento,moradia_financiada,a_validar,MAR-DOC-000725,ok,2025-10,1350.00,1350.00,0.97,nenhuma,sim,hipotese
marista_dom_silverio,bolsa_social_2026,MAR-SYN-0091,dossie_presente,MAR-SYN-0091-M2,responsavel,51,assalariado,renda,contracheques,comprovacao_de_renda_detalhada_no_anexo,a_validar,MAR-DOC-000726,ok,2025-08|2025-09|2025-10,5517.00,5517.00,0.97,nenhuma,sim,parcial
marista_dom_silverio,bolsa_social_2026,MAR-SYN-0091,dossie_presente,MAR-SYN-0091-M2,responsavel,51,assalariado,tributario,irpf_ou_comprovacao_de_nao_declaracao,indicado_na_pesquisa_de_partida,a_validar,MAR-DOC-000727,ok,ultimo_exercicio,nao_se_aplica,nao_se_aplica,0.97,nenhuma,sim,hipotese
marista_dom_silverio,bolsa_social_2026,MAR-SYN-0091,dossie_presente,MAR-SYN-0091-M2,responsavel,51,assalariado,cadastro_social,folha_resumo_cadunico,criterio_oficial_documento_exato_a_validar,preferencial,MAR-DOC-000728,ok,atual,nao_se_aplica,nao_se_aplica,0.97,nenhuma,sim,parcial
marista_dom_silverio,bolsa_social_2026,MAR-SYN-0092,comprovante_renda_faltante,MAR-SYN-0092-M1,candidato,14,estudante,inscricao,formulario_avaliacao_socioeconomica,todo_candidato,obrigatorio,MAR-DOC-000729,ok,2026,nao_se_aplica,nao_se_aplica,0.97,nenhuma,nao,confirmado
marista_dom_silverio,bolsa_social_2026,MAR-SYN-0092,comprovante_renda_faltante,MAR-SYN-0092-M1,candidato,14,estudante,identificacao,certidao_ou_rg_candidato,documentos_do_candidato_detalhados_no_anexo,a_validar,MAR-DOC-000730,ok,atual,nao_se_aplica,nao_se_aplica,0.97,nenhuma,sim,parcial
marista_dom_silverio,bolsa_social_2026,MAR-SYN-0092,comprovante_renda_faltante,MAR-SYN-0092-M2,responsavel,52,trabalhador_informal,identificacao,rg_cpf_adulto,documentos_do_grupo_detalhados_no_anexo,a_validar,MAR-DOC-000731,ok,atual,nao_se_aplica,nao_se_aplica,0.97,nenhuma,sim,parcial
marista_dom_silverio,bolsa_social_2026,MAR-SYN-0092,comprovante_renda_faltante,MAR-SYN-0092-M2,responsavel,52,trabalhador_informal,residencia,comprovante_endereco,indicado_na_pesquisa_de_partida,a_validar,MAR-DOC-000732,ok,2025-10,nao_se_aplica,nao_se_aplica,0.97,nenhuma,sim,hipotese
marista_dom_silverio,bolsa_social_2026,MAR-SYN-0092,comprovante_renda_faltante,MAR-SYN-0092-M2,responsavel,52,trabalhador_informal,moradia,declaracao_imovel_cedido,moradia_cedida,a_validar,MAR-DOC-000733,ok,2025-10,1350.00,1350.00,0.97,nenhuma,sim,hipotese
marista_dom_silverio,bolsa_social_2026,MAR-SYN-0092,comprovante_renda_faltante,MAR-SYN-0092-M2,responsavel,52,trabalhador_informal,renda,declaracao_atividade_remunerada,comprovacao_de_renda_detalhada_no_anexo,a_validar,ausente,faltante,2025-08|2025-09|2025-10,1454.00,nao_extraido,0.00,solicitar_documento_faltante,sim,parcial
marista_dom_silverio,bolsa_social_2026,MAR-SYN-0092,comprovante_renda_faltante,MAR-SYN-0092-M2,responsavel,52,trabalhador_informal,tributario,irpf_ou_comprovacao_de_nao_declaracao,indicado_na_pesquisa_de_partida,a_validar,MAR-DOC-000735,ok,ultimo_exercicio,nao_se_aplica,nao_se_aplica,0.97,nenhuma,sim,hipotese
marista_dom_silverio,bolsa_social_2026,MAR-SYN-0092,comprovante_renda_faltante,MAR-SYN-0092-M2,responsavel,52,trabalhador_informal,cadastro_social,folha_resumo_cadunico,criterio_oficial_documento_exato_a_validar,preferencial,MAR-DOC-000736,ok,atual,nao_se_aplica,nao_se_aplica,0.97,nenhuma,sim,parcial
marista_dom_silverio,bolsa_social_2026,MAR-SYN-0093,residencia_ilegivel,MAR-SYN-0093-M1,candidato,15,estudante,inscricao,formulario_avaliacao_socioeconomica,todo_candidato,obrigatorio,MAR-DOC-000737,ok,2026,nao_se_aplica,nao_se_aplica,0.97,nenhuma,nao,confirmado
marista_dom_silverio,bolsa_social_2026,MAR-SYN-0093,residencia_ilegivel,MAR-SYN-0093-M1,candidato,15,estudante,identificacao,certidao_ou_rg_candidato,documentos_do_candidato_detalhados_no_anexo,a_validar,MAR-DOC-000738,ok,atual,nao_se_aplica,nao_se_aplica,0.97,nenhuma,sim,parcial
marista_dom_silverio,bolsa_social_2026,MAR-SYN-0093,residencia_ilegivel,MAR-SYN-0093-M2,responsavel,53,mei,identificacao,rg_cpf_adulto,documentos_do_grupo_detalhados_no_anexo,a_validar,MAR-DOC-000739,ok,atual,nao_se_aplica,nao_se_aplica,0.97,nenhuma,sim,parcial
marista_dom_silverio,bolsa_social_2026,MAR-SYN-0093,residencia_ilegivel,MAR-SYN-0093-M2,responsavel,53,mei,residencia,comprovante_endereco,indicado_na_pesquisa_de_partida,a_validar,MAR-DOC-000740,ilegivel,2025-10,nao_se_aplica,nao_se_aplica,0.28,solicitar_arquivo_legivel,sim,hipotese
marista_dom_silverio,bolsa_social_2026,MAR-SYN-0093,residencia_ilegivel,MAR-SYN-0093-M2,responsavel,53,mei,moradia,iptu_ou_irpf,moradia_propria,a_validar,MAR-DOC-000741,ok,2025-10,1350.00,1350.00,0.97,nenhuma,sim,hipotese
marista_dom_silverio,bolsa_social_2026,MAR-SYN-0093,residencia_ilegivel,MAR-SYN-0093-M2,responsavel,53,mei,renda,dasn_simei,comprovacao_de_renda_detalhada_no_anexo,a_validar,MAR-DOC-000742,ok,2025-08|2025-09|2025-10,1591.00,1591.00,0.97,nenhuma,sim,parcial
marista_dom_silverio,bolsa_social_2026,MAR-SYN-0093,residencia_ilegivel,MAR-SYN-0093-M2,responsavel,53,mei,tributario,irpf_ou_comprovacao_de_nao_declaracao,indicado_na_pesquisa_de_partida,a_validar,MAR-DOC-000743,ok,ultimo_exercicio,nao_se_aplica,nao_se_aplica,0.97,nenhuma,sim,hipotese
marista_dom_silverio,bolsa_social_2026,MAR-SYN-0093,residencia_ilegivel,MAR-SYN-0093-M2,responsavel,53,mei,cadastro_social,folha_resumo_cadunico,criterio_oficial_documento_exato_a_validar,preferencial,MAR-DOC-000744,ok,atual,nao_se_aplica,nao_se_aplica,0.97,nenhuma,sim,parcial
marista_dom_silverio,bolsa_social_2026,MAR-SYN-0094,periodo_de_renda_incompleto,MAR-SYN-0094-M1,candidato,16,estudante,inscricao,formulario_avaliacao_socioeconomica,todo_candidato,obrigatorio,MAR-DOC-000745,ok,2026,nao_se_aplica,nao_se_aplica,0.97,nenhuma,nao,confirmado
marista_dom_silverio,bolsa_social_2026,MAR-SYN-0094,periodo_de_renda_incompleto,MAR-SYN-0094-M1,candidato,16,estudante,identificacao,certidao_ou_rg_candidato,documentos_do_candidato_detalhados_no_anexo,a_validar,MAR-DOC-000746,ok,atual,nao_se_aplica,nao_se_aplica,0.97,nenhuma,sim,parcial
marista_dom_silverio,bolsa_social_2026,MAR-SYN-0094,periodo_de_renda_incompleto,MAR-SYN-0094-M2,responsavel,54,aposentado,identificacao,rg_cpf_adulto,documentos_do_grupo_detalhados_no_anexo,a_validar,MAR-DOC-000747,ok,atual,nao_se_aplica,nao_se_aplica,0.97,nenhuma,sim,parcial
marista_dom_silverio,bolsa_social_2026,MAR-SYN-0094,periodo_de_renda_incompleto,MAR-SYN-0094-M2,responsavel,54,aposentado,residencia,comprovante_endereco,indicado_na_pesquisa_de_partida,a_validar,MAR-DOC-000748,ok,2025-10,nao_se_aplica,nao_se_aplica,0.97,nenhuma,sim,hipotese
marista_dom_silverio,bolsa_social_2026,MAR-SYN-0094,periodo_de_renda_incompleto,MAR-SYN-0094-M2,responsavel,54,aposentado,moradia,contrato_e_recibo_aluguel,moradia_alugada,a_validar,MAR-DOC-000749,ok,2025-10,1350.00,1350.00,0.97,nenhuma,sim,hipotese
marista_dom_silverio,bolsa_social_2026,MAR-SYN-0094,periodo_de_renda_incompleto,MAR-SYN-0094-M2,responsavel,54,aposentado,renda,extrato_beneficio_previdenciario,comprovacao_de_renda_detalhada_no_anexo,a_validar,MAR-DOC-000750,periodo_incompleto,2025-08|2025-09|2025-10,1728.00,1728.00,0.89,solicitar_competencias_ausentes,sim,parcial
marista_dom_silverio,bolsa_social_2026,MAR-SYN-0094,periodo_de_renda_incompleto,MAR-SYN-0094-M2,responsavel,54,aposentado,tributario,irpf_ou_comprovacao_de_nao_declaracao,indicado_na_pesquisa_de_partida,a_validar,MAR-DOC-000751,ok,ultimo_exercicio,nao_se_aplica,nao_se_aplica,0.97,nenhuma,sim,hipotese
marista_dom_silverio,bolsa_social_2026,MAR-SYN-0094,periodo_de_renda_incompleto,MAR-SYN-0094-M2,responsavel,54,aposentado,cadastro_social,folha_resumo_cadunico,criterio_oficial_documento_exato_a_validar,preferencial,MAR-DOC-000752,ok,atual,nao_se_aplica,nao_se_aplica,0.97,nenhuma,sim,parcial
marista_dom_silverio,bolsa_social_2026,MAR-SYN-0095,renda_declarada_divergente,MAR-SYN-0095-M1,candidato,17,estudante,inscricao,formulario_avaliacao_socioeconomica,todo_candidato,obrigatorio,MAR-DOC-000753,ok,2026,nao_se_aplica,nao_se_aplica,0.97,nenhuma,nao,confirmado
marista_dom_silverio,bolsa_social_2026,MAR-SYN-0095,renda_declarada_divergente,MAR-SYN-0095-M1,candidato,17,estudante,identificacao,certidao_ou_rg_candidato,documentos_do_candidato_detalhados_no_anexo,a_validar,MAR-DOC-000754,ok,atual,nao_se_aplica,nao_se_aplica,0.97,nenhuma,sim,parcial
marista_dom_silverio,bolsa_social_2026,MAR-SYN-0095,renda_declarada_divergente,MAR-SYN-0095-M2,responsavel,55,desempregado,identificacao,rg_cpf_adulto,documentos_do_grupo_detalhados_no_anexo,a_validar,MAR-DOC-000755,ok,atual,nao_se_aplica,nao_se_aplica,0.97,nenhuma,sim,parcial
marista_dom_silverio,bolsa_social_2026,MAR-SYN-0095,renda_declarada_divergente,MAR-SYN-0095-M2,responsavel,55,desempregado,residencia,comprovante_endereco,indicado_na_pesquisa_de_partida,a_validar,MAR-DOC-000756,ok,2025-10,nao_se_aplica,nao_se_aplica,0.97,nenhuma,sim,hipotese
marista_dom_silverio,bolsa_social_2026,MAR-SYN-0095,renda_declarada_divergente,MAR-SYN-0095-M2,responsavel,55,desempregado,moradia,comprovante_financiamento,moradia_financiada,a_validar,MAR-DOC-000757,ok,2025-10,1350.00,1350.00,0.97,nenhuma,sim,hipotese
marista_dom_silverio,bolsa_social_2026,MAR-SYN-0095,renda_declarada_divergente,MAR-SYN-0095-M2,responsavel,55,desempregado,renda,declaracao_sem_renda_e_cnis,comprovacao_de_renda_detalhada_no_anexo,a_validar,MAR-DOC-000758,divergente,2025-08|2025-09|2025-10,1865.00,2515.00,0.93,comparar_declaracao_e_documento,sim,parcial
marista_dom_silverio,bolsa_social_2026,MAR-SYN-0095,renda_declarada_divergente,MAR-SYN-0095-M2,responsavel,55,desempregado,tributario,irpf_ou_comprovacao_de_nao_declaracao,indicado_na_pesquisa_de_partida,a_validar,MAR-DOC-000759,ok,ultimo_exercicio,nao_se_aplica,nao_se_aplica,0.97,nenhuma,sim,hipotese
marista_dom_silverio,bolsa_social_2026,MAR-SYN-0095,renda_declarada_divergente,MAR-SYN-0095-M2,responsavel,55,desempregado,cadastro_social,folha_resumo_cadunico,criterio_oficial_documento_exato_a_validar,preferencial,MAR-DOC-000760,ok,atual,nao_se_aplica,nao_se_aplica,0.97,nenhuma,sim,parcial
marista_dom_silverio,bolsa_social_2026,MAR-SYN-0096,cadunico_desatualizado,MAR-SYN-0096-M1,candidato,6,estudante,inscricao,formulario_avaliacao_socioeconomica,todo_candidato,obrigatorio,MAR-DOC-000761,ok,2026,nao_se_aplica,nao_se_aplica,0.97,nenhuma,nao,confirmado
marista_dom_silverio,bolsa_social_2026,MAR-SYN-0096,cadunico_desatualizado,MAR-SYN-0096-M1,candidato,6,estudante,identificacao,certidao_ou_rg_candidato,documentos_do_candidato_detalhados_no_anexo,a_validar,MAR-DOC-000762,ok,atual,nao_se_aplica,nao_se_aplica,0.97,nenhuma,sim,parcial
marista_dom_silverio,bolsa_social_2026,MAR-SYN-0096,cadunico_desatualizado,MAR-SYN-0096-M2,responsavel,56,assalariado,identificacao,rg_cpf_adulto,documentos_do_grupo_detalhados_no_anexo,a_validar,MAR-DOC-000763,ok,atual,nao_se_aplica,nao_se_aplica,0.97,nenhuma,sim,parcial
marista_dom_silverio,bolsa_social_2026,MAR-SYN-0096,cadunico_desatualizado,MAR-SYN-0096-M2,responsavel,56,assalariado,residencia,comprovante_endereco,indicado_na_pesquisa_de_partida,a_validar,MAR-DOC-000764,ok,2025-10,nao_se_aplica,nao_se_aplica,0.97,nenhuma,sim,hipotese
marista_dom_silverio,bolsa_social_2026,MAR-SYN-0096,cadunico_desatualizado,MAR-SYN-0096-M2,responsavel,56,assalariado,moradia,declaracao_imovel_cedido,moradia_cedida,a_validar,MAR-DOC-000765,ok,2025-10,1350.00,1350.00,0.97,nenhuma,sim,hipotese
marista_dom_silverio,bolsa_social_2026,MAR-SYN-0096,cadunico_desatualizado,MAR-SYN-0096-M2,responsavel,56,assalariado,renda,contracheques,comprovacao_de_renda_detalhada_no_anexo,a_validar,MAR-DOC-000766,ok,2025-08|2025-09|2025-10,2002.00,2002.00,0.97,nenhuma,sim,parcial
marista_dom_silverio,bolsa_social_2026,MAR-SYN-0096,cadunico_desatualizado,MAR-SYN-0096-M2,responsavel,56,assalariado,tributario,irpf_ou_comprovacao_de_nao_declaracao,indicado_na_pesquisa_de_partida,a_validar,MAR-DOC-000767,ok,ultimo_exercicio,nao_se_aplica,nao_se_aplica,0.97,nenhuma,sim,hipotese
marista_dom_silverio,bolsa_social_2026,MAR-SYN-0096,cadunico_desatualizado,MAR-SYN-0096-M2,responsavel,56,assalariado,cadastro_social,folha_resumo_cadunico,criterio_oficial_documento_exato_a_validar,preferencial,MAR-DOC-000768,desatualizado,atual,nao_se_aplica,nao_se_aplica,0.95,solicitar_documento_atualizado,sim,parcial
marista_dom_silverio,bolsa_social_2026,MAR-SYN-0097,dossie_presente,MAR-SYN-0097-M1,candidato,7,estudante,inscricao,formulario_avaliacao_socioeconomica,todo_candidato,obrigatorio,MAR-DOC-000769,ok,2026,nao_se_aplica,nao_se_aplica,0.97,nenhuma,nao,confirmado
marista_dom_silverio,bolsa_social_2026,MAR-SYN-0097,dossie_presente,MAR-SYN-0097-M1,candidato,7,estudante,identificacao,certidao_ou_rg_candidato,documentos_do_candidato_detalhados_no_anexo,a_validar,MAR-DOC-000770,ok,atual,nao_se_aplica,nao_se_aplica,0.97,nenhuma,sim,parcial
marista_dom_silverio,bolsa_social_2026,MAR-SYN-0097,dossie_presente,MAR-SYN-0097-M2,responsavel,57,trabalhador_informal,identificacao,rg_cpf_adulto,documentos_do_grupo_detalhados_no_anexo,a_validar,MAR-DOC-000771,ok,atual,nao_se_aplica,nao_se_aplica,0.97,nenhuma,sim,parcial
marista_dom_silverio,bolsa_social_2026,MAR-SYN-0097,dossie_presente,MAR-SYN-0097-M2,responsavel,57,trabalhador_informal,residencia,comprovante_endereco,indicado_na_pesquisa_de_partida,a_validar,MAR-DOC-000772,ok,2025-10,nao_se_aplica,nao_se_aplica,0.97,nenhuma,sim,hipotese
marista_dom_silverio,bolsa_social_2026,MAR-SYN-0097,dossie_presente,MAR-SYN-0097-M2,responsavel,57,trabalhador_informal,moradia,iptu_ou_irpf,moradia_propria,a_validar,MAR-DOC-000773,ok,2025-10,1350.00,1350.00,0.97,nenhuma,sim,hipotese
marista_dom_silverio,bolsa_social_2026,MAR-SYN-0097,dossie_presente,MAR-SYN-0097-M2,responsavel,57,trabalhador_informal,renda,declaracao_atividade_remunerada,comprovacao_de_renda_detalhada_no_anexo,a_validar,MAR-DOC-000774,ok,2025-08|2025-09|2025-10,2139.00,2139.00,0.97,nenhuma,sim,parcial
marista_dom_silverio,bolsa_social_2026,MAR-SYN-0097,dossie_presente,MAR-SYN-0097-M2,responsavel,57,trabalhador_informal,tributario,irpf_ou_comprovacao_de_nao_declaracao,indicado_na_pesquisa_de_partida,a_validar,MAR-DOC-000775,ok,ultimo_exercicio,nao_se_aplica,nao_se_aplica,0.97,nenhuma,sim,hipotese
marista_dom_silverio,bolsa_social_2026,MAR-SYN-0097,dossie_presente,MAR-SYN-0097-M2,responsavel,57,trabalhador_informal,cadastro_social,folha_resumo_cadunico,criterio_oficial_documento_exato_a_validar,preferencial,MAR-DOC-000776,ok,atual,nao_se_aplica,nao_se_aplica,0.97,nenhuma,sim,parcial
marista_dom_silverio,bolsa_social_2026,MAR-SYN-0098,comprovante_renda_faltante,MAR-SYN-0098-M1,candidato,8,estudante,inscricao,formulario_avaliacao_socioeconomica,todo_candidato,obrigatorio,MAR-DOC-000777,ok,2026,nao_se_aplica,nao_se_aplica,0.97,nenhuma,nao,confirmado
marista_dom_silverio,bolsa_social_2026,MAR-SYN-0098,comprovante_renda_faltante,MAR-SYN-0098-M1,candidato,8,estudante,identificacao,certidao_ou_rg_candidato,documentos_do_candidato_detalhados_no_anexo,a_validar,MAR-DOC-000778,ok,atual,nao_se_aplica,nao_se_aplica,0.97,nenhuma,sim,parcial
marista_dom_silverio,bolsa_social_2026,MAR-SYN-0098,comprovante_renda_faltante,MAR-SYN-0098-M2,responsavel,58,mei,identificacao,rg_cpf_adulto,documentos_do_grupo_detalhados_no_anexo,a_validar,MAR-DOC-000779,ok,atual,nao_se_aplica,nao_se_aplica,0.97,nenhuma,sim,parcial
marista_dom_silverio,bolsa_social_2026,MAR-SYN-0098,comprovante_renda_faltante,MAR-SYN-0098-M2,responsavel,58,mei,residencia,comprovante_endereco,indicado_na_pesquisa_de_partida,a_validar,MAR-DOC-000780,ok,2025-10,nao_se_aplica,nao_se_aplica,0.97,nenhuma,sim,hipotese
marista_dom_silverio,bolsa_social_2026,MAR-SYN-0098,comprovante_renda_faltante,MAR-SYN-0098-M2,responsavel,58,mei,moradia,contrato_e_recibo_aluguel,moradia_alugada,a_validar,MAR-DOC-000781,ok,2025-10,1350.00,1350.00,0.97,nenhuma,sim,hipotese
marista_dom_silverio,bolsa_social_2026,MAR-SYN-0098,comprovante_renda_faltante,MAR-SYN-0098-M2,responsavel,58,mei,renda,dasn_simei,comprovacao_de_renda_detalhada_no_anexo,a_validar,ausente,faltante,2025-08|2025-09|2025-10,2276.00,nao_extraido,0.00,solicitar_documento_faltante,sim,parcial
marista_dom_silverio,bolsa_social_2026,MAR-SYN-0098,comprovante_renda_faltante,MAR-SYN-0098-M2,responsavel,58,mei,tributario,irpf_ou_comprovacao_de_nao_declaracao,indicado_na_pesquisa_de_partida,a_validar,MAR-DOC-000783,ok,ultimo_exercicio,nao_se_aplica,nao_se_aplica,0.97,nenhuma,sim,hipotese
marista_dom_silverio,bolsa_social_2026,MAR-SYN-0098,comprovante_renda_faltante,MAR-SYN-0098-M2,responsavel,58,mei,cadastro_social,folha_resumo_cadunico,criterio_oficial_documento_exato_a_validar,preferencial,MAR-DOC-000784,ok,atual,nao_se_aplica,nao_se_aplica,0.97,nenhuma,sim,parcial
marista_dom_silverio,bolsa_social_2026,MAR-SYN-0099,residencia_ilegivel,MAR-SYN-0099-M1,candidato,9,estudante,inscricao,formulario_avaliacao_socioeconomica,todo_candidato,obrigatorio,MAR-DOC-000785,ok,2026,nao_se_aplica,nao_se_aplica,0.97,nenhuma,nao,confirmado
marista_dom_silverio,bolsa_social_2026,MAR-SYN-0099,residencia_ilegivel,MAR-SYN-0099-M1,candidato,9,estudante,identificacao,certidao_ou_rg_candidato,documentos_do_candidato_detalhados_no_anexo,a_validar,MAR-DOC-000786,ok,atual,nao_se_aplica,nao_se_aplica,0.97,nenhuma,sim,parcial
marista_dom_silverio,bolsa_social_2026,MAR-SYN-0099,residencia_ilegivel,MAR-SYN-0099-M2,responsavel,59,aposentado,identificacao,rg_cpf_adulto,documentos_do_grupo_detalhados_no_anexo,a_validar,MAR-DOC-000787,ok,atual,nao_se_aplica,nao_se_aplica,0.97,nenhuma,sim,parcial
marista_dom_silverio,bolsa_social_2026,MAR-SYN-0099,residencia_ilegivel,MAR-SYN-0099-M2,responsavel,59,aposentado,residencia,comprovante_endereco,indicado_na_pesquisa_de_partida,a_validar,MAR-DOC-000788,ilegivel,2025-10,nao_se_aplica,nao_se_aplica,0.28,solicitar_arquivo_legivel,sim,hipotese
marista_dom_silverio,bolsa_social_2026,MAR-SYN-0099,residencia_ilegivel,MAR-SYN-0099-M2,responsavel,59,aposentado,moradia,comprovante_financiamento,moradia_financiada,a_validar,MAR-DOC-000789,ok,2025-10,1350.00,1350.00,0.97,nenhuma,sim,hipotese
marista_dom_silverio,bolsa_social_2026,MAR-SYN-0099,residencia_ilegivel,MAR-SYN-0099-M2,responsavel,59,aposentado,renda,extrato_beneficio_previdenciario,comprovacao_de_renda_detalhada_no_anexo,a_validar,MAR-DOC-000790,ok,2025-08|2025-09|2025-10,2413.00,2413.00,0.97,nenhuma,sim,parcial
marista_dom_silverio,bolsa_social_2026,MAR-SYN-0099,residencia_ilegivel,MAR-SYN-0099-M2,responsavel,59,aposentado,tributario,irpf_ou_comprovacao_de_nao_declaracao,indicado_na_pesquisa_de_partida,a_validar,MAR-DOC-000791,ok,ultimo_exercicio,nao_se_aplica,nao_se_aplica,0.97,nenhuma,sim,hipotese
marista_dom_silverio,bolsa_social_2026,MAR-SYN-0099,residencia_ilegivel,MAR-SYN-0099-M2,responsavel,59,aposentado,cadastro_social,folha_resumo_cadunico,criterio_oficial_documento_exato_a_validar,preferencial,MAR-DOC-000792,ok,atual,nao_se_aplica,nao_se_aplica,0.97,nenhuma,sim,parcial
marista_dom_silverio,bolsa_social_2026,MAR-SYN-0100,periodo_de_renda_incompleto,MAR-SYN-0100-M1,candidato,10,estudante,inscricao,formulario_avaliacao_socioeconomica,todo_candidato,obrigatorio,MAR-DOC-000793,ok,2026,nao_se_aplica,nao_se_aplica,0.97,nenhuma,nao,confirmado
marista_dom_silverio,bolsa_social_2026,MAR-SYN-0100,periodo_de_renda_incompleto,MAR-SYN-0100-M1,candidato,10,estudante,identificacao,certidao_ou_rg_candidato,documentos_do_candidato_detalhados_no_anexo,a_validar,MAR-DOC-000794,ok,atual,nao_se_aplica,nao_se_aplica,0.97,nenhuma,sim,parcial
marista_dom_silverio,bolsa_social_2026,MAR-SYN-0100,periodo_de_renda_incompleto,MAR-SYN-0100-M2,responsavel,60,desempregado,identificacao,rg_cpf_adulto,documentos_do_grupo_detalhados_no_anexo,a_validar,MAR-DOC-000795,ok,atual,nao_se_aplica,nao_se_aplica,0.97,nenhuma,sim,parcial
marista_dom_silverio,bolsa_social_2026,MAR-SYN-0100,periodo_de_renda_incompleto,MAR-SYN-0100-M2,responsavel,60,desempregado,residencia,comprovante_endereco,indicado_na_pesquisa_de_partida,a_validar,MAR-DOC-000796,ok,2025-10,nao_se_aplica,nao_se_aplica,0.97,nenhuma,sim,hipotese
marista_dom_silverio,bolsa_social_2026,MAR-SYN-0100,periodo_de_renda_incompleto,MAR-SYN-0100-M2,responsavel,60,desempregado,moradia,declaracao_imovel_cedido,moradia_cedida,a_validar,MAR-DOC-000797,ok,2025-10,1350.00,1350.00,0.97,nenhuma,sim,hipotese
marista_dom_silverio,bolsa_social_2026,MAR-SYN-0100,periodo_de_renda_incompleto,MAR-SYN-0100-M2,responsavel,60,desempregado,renda,declaracao_sem_renda_e_cnis,comprovacao_de_renda_detalhada_no_anexo,a_validar,MAR-DOC-000798,periodo_incompleto,2025-08|2025-09|2025-10,2550.00,2550.00,0.89,solicitar_competencias_ausentes,sim,parcial
marista_dom_silverio,bolsa_social_2026,MAR-SYN-0100,periodo_de_renda_incompleto,MAR-SYN-0100-M2,responsavel,60,desempregado,tributario,irpf_ou_comprovacao_de_nao_declaracao,indicado_na_pesquisa_de_partida,a_validar,MAR-DOC-000799,ok,ultimo_exercicio,nao_se_aplica,nao_se_aplica,0.97,nenhuma,sim,hipotese
marista_dom_silverio,bolsa_social_2026,MAR-SYN-0100,periodo_de_renda_incompleto,MAR-SYN-0100-M2,responsavel,60,desempregado,cadastro_social,folha_resumo_cadunico,criterio_oficial_documento_exato_a_validar,preferencial,MAR-DOC-000800,ok,atual,nao_se_aplica,nao_se_aplica,0.97,nenhuma,sim,parcial
marista_dom_silverio,bolsa_social_2026,MAR-SYN-0101,renda_declarada_divergente,MAR-SYN-0101-M1,candidato,11,estudante,inscricao,formulario_avaliacao_socioeconomica,todo_candidato,obrigatorio,MAR-DOC-000801,ok,2026,nao_se_aplica,nao_se_aplica,0.97,nenhuma,nao,confirmado
marista_dom_silverio,bolsa_social_2026,MAR-SYN-0101,renda_declarada_divergente,MAR-SYN-0101-M1,candidato,11,estudante,identificacao,certidao_ou_rg_candidato,documentos_do_candidato_detalhados_no_anexo,a_validar,MAR-DOC-000802,ok,atual,nao_se_aplica,nao_se_aplica,0.97,nenhuma,sim,parcial
marista_dom_silverio,bolsa_social_2026,MAR-SYN-0101,renda_declarada_divergente,MAR-SYN-0101-M2,responsavel,61,assalariado,identificacao,rg_cpf_adulto,documentos_do_grupo_detalhados_no_anexo,a_validar,MAR-DOC-000803,ok,atual,nao_se_aplica,nao_se_aplica,0.97,nenhuma,sim,parcial
marista_dom_silverio,bolsa_social_2026,MAR-SYN-0101,renda_declarada_divergente,MAR-SYN-0101-M2,responsavel,61,assalariado,residencia,comprovante_endereco,indicado_na_pesquisa_de_partida,a_validar,MAR-DOC-000804,ok,2025-10,nao_se_aplica,nao_se_aplica,0.97,nenhuma,sim,hipotese
marista_dom_silverio,bolsa_social_2026,MAR-SYN-0101,renda_declarada_divergente,MAR-SYN-0101-M2,responsavel,61,assalariado,moradia,iptu_ou_irpf,moradia_propria,a_validar,MAR-DOC-000805,ok,2025-10,1350.00,1350.00,0.97,nenhuma,sim,hipotese
marista_dom_silverio,bolsa_social_2026,MAR-SYN-0101,renda_declarada_divergente,MAR-SYN-0101-M2,responsavel,61,assalariado,renda,contracheques,comprovacao_de_renda_detalhada_no_anexo,a_validar,MAR-DOC-000806,divergente,2025-08|2025-09|2025-10,2687.00,3337.00,0.93,comparar_declaracao_e_documento,sim,parcial
marista_dom_silverio,bolsa_social_2026,MAR-SYN-0101,renda_declarada_divergente,MAR-SYN-0101-M2,responsavel,61,assalariado,tributario,irpf_ou_comprovacao_de_nao_declaracao,indicado_na_pesquisa_de_partida,a_validar,MAR-DOC-000807,ok,ultimo_exercicio,nao_se_aplica,nao_se_aplica,0.97,nenhuma,sim,hipotese
marista_dom_silverio,bolsa_social_2026,MAR-SYN-0101,renda_declarada_divergente,MAR-SYN-0101-M2,responsavel,61,assalariado,cadastro_social,folha_resumo_cadunico,criterio_oficial_documento_exato_a_validar,preferencial,MAR-DOC-000808,ok,atual,nao_se_aplica,nao_se_aplica,0.97,nenhuma,sim,parcial
marista_dom_silverio,bolsa_social_2026,MAR-SYN-0102,cadunico_desatualizado,MAR-SYN-0102-M1,candidato,12,estudante,inscricao,formulario_avaliacao_socioeconomica,todo_candidato,obrigatorio,MAR-DOC-000809,ok,2026,nao_se_aplica,nao_se_aplica,0.97,nenhuma,nao,confirmado
marista_dom_silverio,bolsa_social_2026,MAR-SYN-0102,cadunico_desatualizado,MAR-SYN-0102-M1,candidato,12,estudante,identificacao,certidao_ou_rg_candidato,documentos_do_candidato_detalhados_no_anexo,a_validar,MAR-DOC-000810,ok,atual,nao_se_aplica,nao_se_aplica,0.97,nenhuma,sim,parcial
marista_dom_silverio,bolsa_social_2026,MAR-SYN-0102,cadunico_desatualizado,MAR-SYN-0102-M2,responsavel,62,trabalhador_informal,identificacao,rg_cpf_adulto,documentos_do_grupo_detalhados_no_anexo,a_validar,MAR-DOC-000811,ok,atual,nao_se_aplica,nao_se_aplica,0.97,nenhuma,sim,parcial
marista_dom_silverio,bolsa_social_2026,MAR-SYN-0102,cadunico_desatualizado,MAR-SYN-0102-M2,responsavel,62,trabalhador_informal,residencia,comprovante_endereco,indicado_na_pesquisa_de_partida,a_validar,MAR-DOC-000812,ok,2025-10,nao_se_aplica,nao_se_aplica,0.97,nenhuma,sim,hipotese
marista_dom_silverio,bolsa_social_2026,MAR-SYN-0102,cadunico_desatualizado,MAR-SYN-0102-M2,responsavel,62,trabalhador_informal,moradia,contrato_e_recibo_aluguel,moradia_alugada,a_validar,MAR-DOC-000813,ok,2025-10,1350.00,1350.00,0.97,nenhuma,sim,hipotese
marista_dom_silverio,bolsa_social_2026,MAR-SYN-0102,cadunico_desatualizado,MAR-SYN-0102-M2,responsavel,62,trabalhador_informal,renda,declaracao_atividade_remunerada,comprovacao_de_renda_detalhada_no_anexo,a_validar,MAR-DOC-000814,ok,2025-08|2025-09|2025-10,2824.00,2824.00,0.97,nenhuma,sim,parcial
marista_dom_silverio,bolsa_social_2026,MAR-SYN-0102,cadunico_desatualizado,MAR-SYN-0102-M2,responsavel,62,trabalhador_informal,tributario,irpf_ou_comprovacao_de_nao_declaracao,indicado_na_pesquisa_de_partida,a_validar,MAR-DOC-000815,ok,ultimo_exercicio,nao_se_aplica,nao_se_aplica,0.97,nenhuma,sim,hipotese
marista_dom_silverio,bolsa_social_2026,MAR-SYN-0102,cadunico_desatualizado,MAR-SYN-0102-M2,responsavel,62,trabalhador_informal,cadastro_social,folha_resumo_cadunico,criterio_oficial_documento_exato_a_validar,preferencial,MAR-DOC-000816,desatualizado,atual,nao_se_aplica,nao_se_aplica,0.95,solicitar_documento_atualizado,sim,parcial
marista_dom_silverio,bolsa_social_2026,MAR-SYN-0103,dossie_presente,MAR-SYN-0103-M1,candidato,13,estudante,inscricao,formulario_avaliacao_socioeconomica,todo_candidato,obrigatorio,MAR-DOC-000817,ok,2026,nao_se_aplica,nao_se_aplica,0.97,nenhuma,nao,confirmado
marista_dom_silverio,bolsa_social_2026,MAR-SYN-0103,dossie_presente,MAR-SYN-0103-M1,candidato,13,estudante,identificacao,certidao_ou_rg_candidato,documentos_do_candidato_detalhados_no_anexo,a_validar,MAR-DOC-000818,ok,atual,nao_se_aplica,nao_se_aplica,0.97,nenhuma,sim,parcial
marista_dom_silverio,bolsa_social_2026,MAR-SYN-0103,dossie_presente,MAR-SYN-0103-M2,responsavel,63,mei,identificacao,rg_cpf_adulto,documentos_do_grupo_detalhados_no_anexo,a_validar,MAR-DOC-000819,ok,atual,nao_se_aplica,nao_se_aplica,0.97,nenhuma,sim,parcial
marista_dom_silverio,bolsa_social_2026,MAR-SYN-0103,dossie_presente,MAR-SYN-0103-M2,responsavel,63,mei,residencia,comprovante_endereco,indicado_na_pesquisa_de_partida,a_validar,MAR-DOC-000820,ok,2025-10,nao_se_aplica,nao_se_aplica,0.97,nenhuma,sim,hipotese
marista_dom_silverio,bolsa_social_2026,MAR-SYN-0103,dossie_presente,MAR-SYN-0103-M2,responsavel,63,mei,moradia,comprovante_financiamento,moradia_financiada,a_validar,MAR-DOC-000821,ok,2025-10,1350.00,1350.00,0.97,nenhuma,sim,hipotese
marista_dom_silverio,bolsa_social_2026,MAR-SYN-0103,dossie_presente,MAR-SYN-0103-M2,responsavel,63,mei,renda,dasn_simei,comprovacao_de_renda_detalhada_no_anexo,a_validar,MAR-DOC-000822,ok,2025-08|2025-09|2025-10,2961.00,2961.00,0.97,nenhuma,sim,parcial
marista_dom_silverio,bolsa_social_2026,MAR-SYN-0103,dossie_presente,MAR-SYN-0103-M2,responsavel,63,mei,tributario,irpf_ou_comprovacao_de_nao_declaracao,indicado_na_pesquisa_de_partida,a_validar,MAR-DOC-000823,ok,ultimo_exercicio,nao_se_aplica,nao_se_aplica,0.97,nenhuma,sim,hipotese
marista_dom_silverio,bolsa_social_2026,MAR-SYN-0103,dossie_presente,MAR-SYN-0103-M2,responsavel,63,mei,cadastro_social,folha_resumo_cadunico,criterio_oficial_documento_exato_a_validar,preferencial,MAR-DOC-000824,ok,atual,nao_se_aplica,nao_se_aplica,0.97,nenhuma,sim,parcial
marista_dom_silverio,bolsa_social_2026,MAR-SYN-0104,comprovante_renda_faltante,MAR-SYN-0104-M1,candidato,14,estudante,inscricao,formulario_avaliacao_socioeconomica,todo_candidato,obrigatorio,MAR-DOC-000825,ok,2026,nao_se_aplica,nao_se_aplica,0.97,nenhuma,nao,confirmado
marista_dom_silverio,bolsa_social_2026,MAR-SYN-0104,comprovante_renda_faltante,MAR-SYN-0104-M1,candidato,14,estudante,identificacao,certidao_ou_rg_candidato,documentos_do_candidato_detalhados_no_anexo,a_validar,MAR-DOC-000826,ok,atual,nao_se_aplica,nao_se_aplica,0.97,nenhuma,sim,parcial
marista_dom_silverio,bolsa_social_2026,MAR-SYN-0104,comprovante_renda_faltante,MAR-SYN-0104-M2,responsavel,64,aposentado,identificacao,rg_cpf_adulto,documentos_do_grupo_detalhados_no_anexo,a_validar,MAR-DOC-000827,ok,atual,nao_se_aplica,nao_se_aplica,0.97,nenhuma,sim,parcial
marista_dom_silverio,bolsa_social_2026,MAR-SYN-0104,comprovante_renda_faltante,MAR-SYN-0104-M2,responsavel,64,aposentado,residencia,comprovante_endereco,indicado_na_pesquisa_de_partida,a_validar,MAR-DOC-000828,ok,2025-10,nao_se_aplica,nao_se_aplica,0.97,nenhuma,sim,hipotese
marista_dom_silverio,bolsa_social_2026,MAR-SYN-0104,comprovante_renda_faltante,MAR-SYN-0104-M2,responsavel,64,aposentado,moradia,declaracao_imovel_cedido,moradia_cedida,a_validar,MAR-DOC-000829,ok,2025-10,1350.00,1350.00,0.97,nenhuma,sim,hipotese
marista_dom_silverio,bolsa_social_2026,MAR-SYN-0104,comprovante_renda_faltante,MAR-SYN-0104-M2,responsavel,64,aposentado,renda,extrato_beneficio_previdenciario,comprovacao_de_renda_detalhada_no_anexo,a_validar,ausente,faltante,2025-08|2025-09|2025-10,3098.00,nao_extraido,0.00,solicitar_documento_faltante,sim,parcial
marista_dom_silverio,bolsa_social_2026,MAR-SYN-0104,comprovante_renda_faltante,MAR-SYN-0104-M2,responsavel,64,aposentado,tributario,irpf_ou_comprovacao_de_nao_declaracao,indicado_na_pesquisa_de_partida,a_validar,MAR-DOC-000831,ok,ultimo_exercicio,nao_se_aplica,nao_se_aplica,0.97,nenhuma,sim,hipotese
marista_dom_silverio,bolsa_social_2026,MAR-SYN-0104,comprovante_renda_faltante,MAR-SYN-0104-M2,responsavel,64,aposentado,cadastro_social,folha_resumo_cadunico,criterio_oficial_documento_exato_a_validar,preferencial,MAR-DOC-000832,ok,atual,nao_se_aplica,nao_se_aplica,0.97,nenhuma,sim,parcial
marista_dom_silverio,bolsa_social_2026,MAR-SYN-0105,residencia_ilegivel,MAR-SYN-0105-M1,candidato,15,estudante,inscricao,formulario_avaliacao_socioeconomica,todo_candidato,obrigatorio,MAR-DOC-000833,ok,2026,nao_se_aplica,nao_se_aplica,0.97,nenhuma,nao,confirmado
marista_dom_silverio,bolsa_social_2026,MAR-SYN-0105,residencia_ilegivel,MAR-SYN-0105-M1,candidato,15,estudante,identificacao,certidao_ou_rg_candidato,documentos_do_candidato_detalhados_no_anexo,a_validar,MAR-DOC-000834,ok,atual,nao_se_aplica,nao_se_aplica,0.97,nenhuma,sim,parcial
marista_dom_silverio,bolsa_social_2026,MAR-SYN-0105,residencia_ilegivel,MAR-SYN-0105-M2,responsavel,30,desempregado,identificacao,rg_cpf_adulto,documentos_do_grupo_detalhados_no_anexo,a_validar,MAR-DOC-000835,ok,atual,nao_se_aplica,nao_se_aplica,0.97,nenhuma,sim,parcial
marista_dom_silverio,bolsa_social_2026,MAR-SYN-0105,residencia_ilegivel,MAR-SYN-0105-M2,responsavel,30,desempregado,residencia,comprovante_endereco,indicado_na_pesquisa_de_partida,a_validar,MAR-DOC-000836,ilegivel,2025-10,nao_se_aplica,nao_se_aplica,0.28,solicitar_arquivo_legivel,sim,hipotese
marista_dom_silverio,bolsa_social_2026,MAR-SYN-0105,residencia_ilegivel,MAR-SYN-0105-M2,responsavel,30,desempregado,moradia,iptu_ou_irpf,moradia_propria,a_validar,MAR-DOC-000837,ok,2025-10,1350.00,1350.00,0.97,nenhuma,sim,hipotese
marista_dom_silverio,bolsa_social_2026,MAR-SYN-0105,residencia_ilegivel,MAR-SYN-0105-M2,responsavel,30,desempregado,renda,declaracao_sem_renda_e_cnis,comprovacao_de_renda_detalhada_no_anexo,a_validar,MAR-DOC-000838,ok,2025-08|2025-09|2025-10,3235.00,3235.00,0.97,nenhuma,sim,parcial
marista_dom_silverio,bolsa_social_2026,MAR-SYN-0105,residencia_ilegivel,MAR-SYN-0105-M2,responsavel,30,desempregado,tributario,irpf_ou_comprovacao_de_nao_declaracao,indicado_na_pesquisa_de_partida,a_validar,MAR-DOC-000839,ok,ultimo_exercicio,nao_se_aplica,nao_se_aplica,0.97,nenhuma,sim,hipotese
marista_dom_silverio,bolsa_social_2026,MAR-SYN-0105,residencia_ilegivel,MAR-SYN-0105-M2,responsavel,30,desempregado,cadastro_social,folha_resumo_cadunico,criterio_oficial_documento_exato_a_validar,preferencial,MAR-DOC-000840,ok,atual,nao_se_aplica,nao_se_aplica,0.97,nenhuma,sim,parcial
marista_dom_silverio,bolsa_social_2026,MAR-SYN-0106,periodo_de_renda_incompleto,MAR-SYN-0106-M1,candidato,16,estudante,inscricao,formulario_avaliacao_socioeconomica,todo_candidato,obrigatorio,MAR-DOC-000841,ok,2026,nao_se_aplica,nao_se_aplica,0.97,nenhuma,nao,confirmado
marista_dom_silverio,bolsa_social_2026,MAR-SYN-0106,periodo_de_renda_incompleto,MAR-SYN-0106-M1,candidato,16,estudante,identificacao,certidao_ou_rg_candidato,documentos_do_candidato_detalhados_no_anexo,a_validar,MAR-DOC-000842,ok,atual,nao_se_aplica,nao_se_aplica,0.97,nenhuma,sim,parcial
marista_dom_silverio,bolsa_social_2026,MAR-SYN-0106,periodo_de_renda_incompleto,MAR-SYN-0106-M2,responsavel,31,assalariado,identificacao,rg_cpf_adulto,documentos_do_grupo_detalhados_no_anexo,a_validar,MAR-DOC-000843,ok,atual,nao_se_aplica,nao_se_aplica,0.97,nenhuma,sim,parcial
marista_dom_silverio,bolsa_social_2026,MAR-SYN-0106,periodo_de_renda_incompleto,MAR-SYN-0106-M2,responsavel,31,assalariado,residencia,comprovante_endereco,indicado_na_pesquisa_de_partida,a_validar,MAR-DOC-000844,ok,2025-10,nao_se_aplica,nao_se_aplica,0.97,nenhuma,sim,hipotese
marista_dom_silverio,bolsa_social_2026,MAR-SYN-0106,periodo_de_renda_incompleto,MAR-SYN-0106-M2,responsavel,31,assalariado,moradia,contrato_e_recibo_aluguel,moradia_alugada,a_validar,MAR-DOC-000845,ok,2025-10,1350.00,1350.00,0.97,nenhuma,sim,hipotese
marista_dom_silverio,bolsa_social_2026,MAR-SYN-0106,periodo_de_renda_incompleto,MAR-SYN-0106-M2,responsavel,31,assalariado,renda,contracheques,comprovacao_de_renda_detalhada_no_anexo,a_validar,MAR-DOC-000846,periodo_incompleto,2025-08|2025-09|2025-10,3372.00,3372.00,0.89,solicitar_competencias_ausentes,sim,parcial
marista_dom_silverio,bolsa_social_2026,MAR-SYN-0106,periodo_de_renda_incompleto,MAR-SYN-0106-M2,responsavel,31,assalariado,tributario,irpf_ou_comprovacao_de_nao_declaracao,indicado_na_pesquisa_de_partida,a_validar,MAR-DOC-000847,ok,ultimo_exercicio,nao_se_aplica,nao_se_aplica,0.97,nenhuma,sim,hipotese
marista_dom_silverio,bolsa_social_2026,MAR-SYN-0106,periodo_de_renda_incompleto,MAR-SYN-0106-M2,responsavel,31,assalariado,cadastro_social,folha_resumo_cadunico,criterio_oficial_documento_exato_a_validar,preferencial,MAR-DOC-000848,ok,atual,nao_se_aplica,nao_se_aplica,0.97,nenhuma,sim,parcial
marista_dom_silverio,bolsa_social_2026,MAR-SYN-0107,renda_declarada_divergente,MAR-SYN-0107-M1,candidato,17,estudante,inscricao,formulario_avaliacao_socioeconomica,todo_candidato,obrigatorio,MAR-DOC-000849,ok,2026,nao_se_aplica,nao_se_aplica,0.97,nenhuma,nao,confirmado
marista_dom_silverio,bolsa_social_2026,MAR-SYN-0107,renda_declarada_divergente,MAR-SYN-0107-M1,candidato,17,estudante,identificacao,certidao_ou_rg_candidato,documentos_do_candidato_detalhados_no_anexo,a_validar,MAR-DOC-000850,ok,atual,nao_se_aplica,nao_se_aplica,0.97,nenhuma,sim,parcial
marista_dom_silverio,bolsa_social_2026,MAR-SYN-0107,renda_declarada_divergente,MAR-SYN-0107-M2,responsavel,32,trabalhador_informal,identificacao,rg_cpf_adulto,documentos_do_grupo_detalhados_no_anexo,a_validar,MAR-DOC-000851,ok,atual,nao_se_aplica,nao_se_aplica,0.97,nenhuma,sim,parcial
marista_dom_silverio,bolsa_social_2026,MAR-SYN-0107,renda_declarada_divergente,MAR-SYN-0107-M2,responsavel,32,trabalhador_informal,residencia,comprovante_endereco,indicado_na_pesquisa_de_partida,a_validar,MAR-DOC-000852,ok,2025-10,nao_se_aplica,nao_se_aplica,0.97,nenhuma,sim,hipotese
marista_dom_silverio,bolsa_social_2026,MAR-SYN-0107,renda_declarada_divergente,MAR-SYN-0107-M2,responsavel,32,trabalhador_informal,moradia,comprovante_financiamento,moradia_financiada,a_validar,MAR-DOC-000853,ok,2025-10,1350.00,1350.00,0.97,nenhuma,sim,hipotese
marista_dom_silverio,bolsa_social_2026,MAR-SYN-0107,renda_declarada_divergente,MAR-SYN-0107-M2,responsavel,32,trabalhador_informal,renda,declaracao_atividade_remunerada,comprovacao_de_renda_detalhada_no_anexo,a_validar,MAR-DOC-000854,divergente,2025-08|2025-09|2025-10,3509.00,4159.00,0.93,comparar_declaracao_e_documento,sim,parcial
marista_dom_silverio,bolsa_social_2026,MAR-SYN-0107,renda_declarada_divergente,MAR-SYN-0107-M2,responsavel,32,trabalhador_informal,tributario,irpf_ou_comprovacao_de_nao_declaracao,indicado_na_pesquisa_de_partida,a_validar,MAR-DOC-000855,ok,ultimo_exercicio,nao_se_aplica,nao_se_aplica,0.97,nenhuma,sim,hipotese
marista_dom_silverio,bolsa_social_2026,MAR-SYN-0107,renda_declarada_divergente,MAR-SYN-0107-M2,responsavel,32,trabalhador_informal,cadastro_social,folha_resumo_cadunico,criterio_oficial_documento_exato_a_validar,preferencial,MAR-DOC-000856,ok,atual,nao_se_aplica,nao_se_aplica,0.97,nenhuma,sim,parcial
marista_dom_silverio,bolsa_social_2026,MAR-SYN-0108,cadunico_desatualizado,MAR-SYN-0108-M1,candidato,6,estudante,inscricao,formulario_avaliacao_socioeconomica,todo_candidato,obrigatorio,MAR-DOC-000857,ok,2026,nao_se_aplica,nao_se_aplica,0.97,nenhuma,nao,confirmado
marista_dom_silverio,bolsa_social_2026,MAR-SYN-0108,cadunico_desatualizado,MAR-SYN-0108-M1,candidato,6,estudante,identificacao,certidao_ou_rg_candidato,documentos_do_candidato_detalhados_no_anexo,a_validar,MAR-DOC-000858,ok,atual,nao_se_aplica,nao_se_aplica,0.97,nenhuma,sim,parcial
marista_dom_silverio,bolsa_social_2026,MAR-SYN-0108,cadunico_desatualizado,MAR-SYN-0108-M2,responsavel,33,mei,identificacao,rg_cpf_adulto,documentos_do_grupo_detalhados_no_anexo,a_validar,MAR-DOC-000859,ok,atual,nao_se_aplica,nao_se_aplica,0.97,nenhuma,sim,parcial
marista_dom_silverio,bolsa_social_2026,MAR-SYN-0108,cadunico_desatualizado,MAR-SYN-0108-M2,responsavel,33,mei,residencia,comprovante_endereco,indicado_na_pesquisa_de_partida,a_validar,MAR-DOC-000860,ok,2025-10,nao_se_aplica,nao_se_aplica,0.97,nenhuma,sim,hipotese
marista_dom_silverio,bolsa_social_2026,MAR-SYN-0108,cadunico_desatualizado,MAR-SYN-0108-M2,responsavel,33,mei,moradia,declaracao_imovel_cedido,moradia_cedida,a_validar,MAR-DOC-000861,ok,2025-10,1350.00,1350.00,0.97,nenhuma,sim,hipotese
marista_dom_silverio,bolsa_social_2026,MAR-SYN-0108,cadunico_desatualizado,MAR-SYN-0108-M2,responsavel,33,mei,renda,dasn_simei,comprovacao_de_renda_detalhada_no_anexo,a_validar,MAR-DOC-000862,ok,2025-08|2025-09|2025-10,3646.00,3646.00,0.97,nenhuma,sim,parcial
marista_dom_silverio,bolsa_social_2026,MAR-SYN-0108,cadunico_desatualizado,MAR-SYN-0108-M2,responsavel,33,mei,tributario,irpf_ou_comprovacao_de_nao_declaracao,indicado_na_pesquisa_de_partida,a_validar,MAR-DOC-000863,ok,ultimo_exercicio,nao_se_aplica,nao_se_aplica,0.97,nenhuma,sim,hipotese
marista_dom_silverio,bolsa_social_2026,MAR-SYN-0108,cadunico_desatualizado,MAR-SYN-0108-M2,responsavel,33,mei,cadastro_social,folha_resumo_cadunico,criterio_oficial_documento_exato_a_validar,preferencial,MAR-DOC-000864,desatualizado,atual,nao_se_aplica,nao_se_aplica,0.95,solicitar_documento_atualizado,sim,parcial
marista_dom_silverio,bolsa_social_2026,MAR-SYN-0109,dossie_presente,MAR-SYN-0109-M1,candidato,7,estudante,inscricao,formulario_avaliacao_socioeconomica,todo_candidato,obrigatorio,MAR-DOC-000865,ok,2026,nao_se_aplica,nao_se_aplica,0.97,nenhuma,nao,confirmado
marista_dom_silverio,bolsa_social_2026,MAR-SYN-0109,dossie_presente,MAR-SYN-0109-M1,candidato,7,estudante,identificacao,certidao_ou_rg_candidato,documentos_do_candidato_detalhados_no_anexo,a_validar,MAR-DOC-000866,ok,atual,nao_se_aplica,nao_se_aplica,0.97,nenhuma,sim,parcial
marista_dom_silverio,bolsa_social_2026,MAR-SYN-0109,dossie_presente,MAR-SYN-0109-M2,responsavel,34,aposentado,identificacao,rg_cpf_adulto,documentos_do_grupo_detalhados_no_anexo,a_validar,MAR-DOC-000867,ok,atual,nao_se_aplica,nao_se_aplica,0.97,nenhuma,sim,parcial
marista_dom_silverio,bolsa_social_2026,MAR-SYN-0109,dossie_presente,MAR-SYN-0109-M2,responsavel,34,aposentado,residencia,comprovante_endereco,indicado_na_pesquisa_de_partida,a_validar,MAR-DOC-000868,ok,2025-10,nao_se_aplica,nao_se_aplica,0.97,nenhuma,sim,hipotese
marista_dom_silverio,bolsa_social_2026,MAR-SYN-0109,dossie_presente,MAR-SYN-0109-M2,responsavel,34,aposentado,moradia,iptu_ou_irpf,moradia_propria,a_validar,MAR-DOC-000869,ok,2025-10,1350.00,1350.00,0.97,nenhuma,sim,hipotese
marista_dom_silverio,bolsa_social_2026,MAR-SYN-0109,dossie_presente,MAR-SYN-0109-M2,responsavel,34,aposentado,renda,extrato_beneficio_previdenciario,comprovacao_de_renda_detalhada_no_anexo,a_validar,MAR-DOC-000870,ok,2025-08|2025-09|2025-10,3783.00,3783.00,0.97,nenhuma,sim,parcial
marista_dom_silverio,bolsa_social_2026,MAR-SYN-0109,dossie_presente,MAR-SYN-0109-M2,responsavel,34,aposentado,tributario,irpf_ou_comprovacao_de_nao_declaracao,indicado_na_pesquisa_de_partida,a_validar,MAR-DOC-000871,ok,ultimo_exercicio,nao_se_aplica,nao_se_aplica,0.97,nenhuma,sim,hipotese
marista_dom_silverio,bolsa_social_2026,MAR-SYN-0109,dossie_presente,MAR-SYN-0109-M2,responsavel,34,aposentado,cadastro_social,folha_resumo_cadunico,criterio_oficial_documento_exato_a_validar,preferencial,MAR-DOC-000872,ok,atual,nao_se_aplica,nao_se_aplica,0.97,nenhuma,sim,parcial
marista_dom_silverio,bolsa_social_2026,MAR-SYN-0110,comprovante_renda_faltante,MAR-SYN-0110-M1,candidato,8,estudante,inscricao,formulario_avaliacao_socioeconomica,todo_candidato,obrigatorio,MAR-DOC-000873,ok,2026,nao_se_aplica,nao_se_aplica,0.97,nenhuma,nao,confirmado
marista_dom_silverio,bolsa_social_2026,MAR-SYN-0110,comprovante_renda_faltante,MAR-SYN-0110-M1,candidato,8,estudante,identificacao,certidao_ou_rg_candidato,documentos_do_candidato_detalhados_no_anexo,a_validar,MAR-DOC-000874,ok,atual,nao_se_aplica,nao_se_aplica,0.97,nenhuma,sim,parcial
marista_dom_silverio,bolsa_social_2026,MAR-SYN-0110,comprovante_renda_faltante,MAR-SYN-0110-M2,responsavel,35,desempregado,identificacao,rg_cpf_adulto,documentos_do_grupo_detalhados_no_anexo,a_validar,MAR-DOC-000875,ok,atual,nao_se_aplica,nao_se_aplica,0.97,nenhuma,sim,parcial
marista_dom_silverio,bolsa_social_2026,MAR-SYN-0110,comprovante_renda_faltante,MAR-SYN-0110-M2,responsavel,35,desempregado,residencia,comprovante_endereco,indicado_na_pesquisa_de_partida,a_validar,MAR-DOC-000876,ok,2025-10,nao_se_aplica,nao_se_aplica,0.97,nenhuma,sim,hipotese
marista_dom_silverio,bolsa_social_2026,MAR-SYN-0110,comprovante_renda_faltante,MAR-SYN-0110-M2,responsavel,35,desempregado,moradia,contrato_e_recibo_aluguel,moradia_alugada,a_validar,MAR-DOC-000877,ok,2025-10,1350.00,1350.00,0.97,nenhuma,sim,hipotese
marista_dom_silverio,bolsa_social_2026,MAR-SYN-0110,comprovante_renda_faltante,MAR-SYN-0110-M2,responsavel,35,desempregado,renda,declaracao_sem_renda_e_cnis,comprovacao_de_renda_detalhada_no_anexo,a_validar,ausente,faltante,2025-08|2025-09|2025-10,3920.00,nao_extraido,0.00,solicitar_documento_faltante,sim,parcial
marista_dom_silverio,bolsa_social_2026,MAR-SYN-0110,comprovante_renda_faltante,MAR-SYN-0110-M2,responsavel,35,desempregado,tributario,irpf_ou_comprovacao_de_nao_declaracao,indicado_na_pesquisa_de_partida,a_validar,MAR-DOC-000879,ok,ultimo_exercicio,nao_se_aplica,nao_se_aplica,0.97,nenhuma,sim,hipotese
marista_dom_silverio,bolsa_social_2026,MAR-SYN-0110,comprovante_renda_faltante,MAR-SYN-0110-M2,responsavel,35,desempregado,cadastro_social,folha_resumo_cadunico,criterio_oficial_documento_exato_a_validar,preferencial,MAR-DOC-000880,ok,atual,nao_se_aplica,nao_se_aplica,0.97,nenhuma,sim,parcial
marista_dom_silverio,bolsa_social_2026,MAR-SYN-0111,residencia_ilegivel,MAR-SYN-0111-M1,candidato,9,estudante,inscricao,formulario_avaliacao_socioeconomica,todo_candidato,obrigatorio,MAR-DOC-000881,ok,2026,nao_se_aplica,nao_se_aplica,0.97,nenhuma,nao,confirmado
marista_dom_silverio,bolsa_social_2026,MAR-SYN-0111,residencia_ilegivel,MAR-SYN-0111-M1,candidato,9,estudante,identificacao,certidao_ou_rg_candidato,documentos_do_candidato_detalhados_no_anexo,a_validar,MAR-DOC-000882,ok,atual,nao_se_aplica,nao_se_aplica,0.97,nenhuma,sim,parcial
marista_dom_silverio,bolsa_social_2026,MAR-SYN-0111,residencia_ilegivel,MAR-SYN-0111-M2,responsavel,36,assalariado,identificacao,rg_cpf_adulto,documentos_do_grupo_detalhados_no_anexo,a_validar,MAR-DOC-000883,ok,atual,nao_se_aplica,nao_se_aplica,0.97,nenhuma,sim,parcial
marista_dom_silverio,bolsa_social_2026,MAR-SYN-0111,residencia_ilegivel,MAR-SYN-0111-M2,responsavel,36,assalariado,residencia,comprovante_endereco,indicado_na_pesquisa_de_partida,a_validar,MAR-DOC-000884,ilegivel,2025-10,nao_se_aplica,nao_se_aplica,0.28,solicitar_arquivo_legivel,sim,hipotese
marista_dom_silverio,bolsa_social_2026,MAR-SYN-0111,residencia_ilegivel,MAR-SYN-0111-M2,responsavel,36,assalariado,moradia,comprovante_financiamento,moradia_financiada,a_validar,MAR-DOC-000885,ok,2025-10,1350.00,1350.00,0.97,nenhuma,sim,hipotese
marista_dom_silverio,bolsa_social_2026,MAR-SYN-0111,residencia_ilegivel,MAR-SYN-0111-M2,responsavel,36,assalariado,renda,contracheques,comprovacao_de_renda_detalhada_no_anexo,a_validar,MAR-DOC-000886,ok,2025-08|2025-09|2025-10,4057.00,4057.00,0.97,nenhuma,sim,parcial
marista_dom_silverio,bolsa_social_2026,MAR-SYN-0111,residencia_ilegivel,MAR-SYN-0111-M2,responsavel,36,assalariado,tributario,irpf_ou_comprovacao_de_nao_declaracao,indicado_na_pesquisa_de_partida,a_validar,MAR-DOC-000887,ok,ultimo_exercicio,nao_se_aplica,nao_se_aplica,0.97,nenhuma,sim,hipotese
marista_dom_silverio,bolsa_social_2026,MAR-SYN-0111,residencia_ilegivel,MAR-SYN-0111-M2,responsavel,36,assalariado,cadastro_social,folha_resumo_cadunico,criterio_oficial_documento_exato_a_validar,preferencial,MAR-DOC-000888,ok,atual,nao_se_aplica,nao_se_aplica,0.97,nenhuma,sim,parcial
marista_dom_silverio,bolsa_social_2026,MAR-SYN-0112,periodo_de_renda_incompleto,MAR-SYN-0112-M1,candidato,10,estudante,inscricao,formulario_avaliacao_socioeconomica,todo_candidato,obrigatorio,MAR-DOC-000889,ok,2026,nao_se_aplica,nao_se_aplica,0.97,nenhuma,nao,confirmado
marista_dom_silverio,bolsa_social_2026,MAR-SYN-0112,periodo_de_renda_incompleto,MAR-SYN-0112-M1,candidato,10,estudante,identificacao,certidao_ou_rg_candidato,documentos_do_candidato_detalhados_no_anexo,a_validar,MAR-DOC-000890,ok,atual,nao_se_aplica,nao_se_aplica,0.97,nenhuma,sim,parcial
marista_dom_silverio,bolsa_social_2026,MAR-SYN-0112,periodo_de_renda_incompleto,MAR-SYN-0112-M2,responsavel,37,trabalhador_informal,identificacao,rg_cpf_adulto,documentos_do_grupo_detalhados_no_anexo,a_validar,MAR-DOC-000891,ok,atual,nao_se_aplica,nao_se_aplica,0.97,nenhuma,sim,parcial
marista_dom_silverio,bolsa_social_2026,MAR-SYN-0112,periodo_de_renda_incompleto,MAR-SYN-0112-M2,responsavel,37,trabalhador_informal,residencia,comprovante_endereco,indicado_na_pesquisa_de_partida,a_validar,MAR-DOC-000892,ok,2025-10,nao_se_aplica,nao_se_aplica,0.97,nenhuma,sim,hipotese
marista_dom_silverio,bolsa_social_2026,MAR-SYN-0112,periodo_de_renda_incompleto,MAR-SYN-0112-M2,responsavel,37,trabalhador_informal,moradia,declaracao_imovel_cedido,moradia_cedida,a_validar,MAR-DOC-000893,ok,2025-10,1350.00,1350.00,0.97,nenhuma,sim,hipotese
marista_dom_silverio,bolsa_social_2026,MAR-SYN-0112,periodo_de_renda_incompleto,MAR-SYN-0112-M2,responsavel,37,trabalhador_informal,renda,declaracao_atividade_remunerada,comprovacao_de_renda_detalhada_no_anexo,a_validar,MAR-DOC-000894,periodo_incompleto,2025-08|2025-09|2025-10,4194.00,4194.00,0.89,solicitar_competencias_ausentes,sim,parcial
marista_dom_silverio,bolsa_social_2026,MAR-SYN-0112,periodo_de_renda_incompleto,MAR-SYN-0112-M2,responsavel,37,trabalhador_informal,tributario,irpf_ou_comprovacao_de_nao_declaracao,indicado_na_pesquisa_de_partida,a_validar,MAR-DOC-000895,ok,ultimo_exercicio,nao_se_aplica,nao_se_aplica,0.97,nenhuma,sim,hipotese
marista_dom_silverio,bolsa_social_2026,MAR-SYN-0112,periodo_de_renda_incompleto,MAR-SYN-0112-M2,responsavel,37,trabalhador_informal,cadastro_social,folha_resumo_cadunico,criterio_oficial_documento_exato_a_validar,preferencial,MAR-DOC-000896,ok,atual,nao_se_aplica,nao_se_aplica,0.97,nenhuma,sim,parcial
marista_dom_silverio,bolsa_social_2026,MAR-SYN-0113,renda_declarada_divergente,MAR-SYN-0113-M1,candidato,11,estudante,inscricao,formulario_avaliacao_socioeconomica,todo_candidato,obrigatorio,MAR-DOC-000897,ok,2026,nao_se_aplica,nao_se_aplica,0.97,nenhuma,nao,confirmado
marista_dom_silverio,bolsa_social_2026,MAR-SYN-0113,renda_declarada_divergente,MAR-SYN-0113-M1,candidato,11,estudante,identificacao,certidao_ou_rg_candidato,documentos_do_candidato_detalhados_no_anexo,a_validar,MAR-DOC-000898,ok,atual,nao_se_aplica,nao_se_aplica,0.97,nenhuma,sim,parcial
marista_dom_silverio,bolsa_social_2026,MAR-SYN-0113,renda_declarada_divergente,MAR-SYN-0113-M2,responsavel,38,mei,identificacao,rg_cpf_adulto,documentos_do_grupo_detalhados_no_anexo,a_validar,MAR-DOC-000899,ok,atual,nao_se_aplica,nao_se_aplica,0.97,nenhuma,sim,parcial
marista_dom_silverio,bolsa_social_2026,MAR-SYN-0113,renda_declarada_divergente,MAR-SYN-0113-M2,responsavel,38,mei,residencia,comprovante_endereco,indicado_na_pesquisa_de_partida,a_validar,MAR-DOC-000900,ok,2025-10,nao_se_aplica,nao_se_aplica,0.97,nenhuma,sim,hipotese
marista_dom_silverio,bolsa_social_2026,MAR-SYN-0113,renda_declarada_divergente,MAR-SYN-0113-M2,responsavel,38,mei,moradia,iptu_ou_irpf,moradia_propria,a_validar,MAR-DOC-000901,ok,2025-10,1350.00,1350.00,0.97,nenhuma,sim,hipotese
marista_dom_silverio,bolsa_social_2026,MAR-SYN-0113,renda_declarada_divergente,MAR-SYN-0113-M2,responsavel,38,mei,renda,dasn_simei,comprovacao_de_renda_detalhada_no_anexo,a_validar,MAR-DOC-000902,divergente,2025-08|2025-09|2025-10,4331.00,4981.00,0.93,comparar_declaracao_e_documento,sim,parcial
marista_dom_silverio,bolsa_social_2026,MAR-SYN-0113,renda_declarada_divergente,MAR-SYN-0113-M2,responsavel,38,mei,tributario,irpf_ou_comprovacao_de_nao_declaracao,indicado_na_pesquisa_de_partida,a_validar,MAR-DOC-000903,ok,ultimo_exercicio,nao_se_aplica,nao_se_aplica,0.97,nenhuma,sim,hipotese
marista_dom_silverio,bolsa_social_2026,MAR-SYN-0113,renda_declarada_divergente,MAR-SYN-0113-M2,responsavel,38,mei,cadastro_social,folha_resumo_cadunico,criterio_oficial_documento_exato_a_validar,preferencial,MAR-DOC-000904,ok,atual,nao_se_aplica,nao_se_aplica,0.97,nenhuma,sim,parcial
marista_dom_silverio,bolsa_social_2026,MAR-SYN-0114,cadunico_desatualizado,MAR-SYN-0114-M1,candidato,12,estudante,inscricao,formulario_avaliacao_socioeconomica,todo_candidato,obrigatorio,MAR-DOC-000905,ok,2026,nao_se_aplica,nao_se_aplica,0.97,nenhuma,nao,confirmado
marista_dom_silverio,bolsa_social_2026,MAR-SYN-0114,cadunico_desatualizado,MAR-SYN-0114-M1,candidato,12,estudante,identificacao,certidao_ou_rg_candidato,documentos_do_candidato_detalhados_no_anexo,a_validar,MAR-DOC-000906,ok,atual,nao_se_aplica,nao_se_aplica,0.97,nenhuma,sim,parcial
marista_dom_silverio,bolsa_social_2026,MAR-SYN-0114,cadunico_desatualizado,MAR-SYN-0114-M2,responsavel,39,aposentado,identificacao,rg_cpf_adulto,documentos_do_grupo_detalhados_no_anexo,a_validar,MAR-DOC-000907,ok,atual,nao_se_aplica,nao_se_aplica,0.97,nenhuma,sim,parcial
marista_dom_silverio,bolsa_social_2026,MAR-SYN-0114,cadunico_desatualizado,MAR-SYN-0114-M2,responsavel,39,aposentado,residencia,comprovante_endereco,indicado_na_pesquisa_de_partida,a_validar,MAR-DOC-000908,ok,2025-10,nao_se_aplica,nao_se_aplica,0.97,nenhuma,sim,hipotese
marista_dom_silverio,bolsa_social_2026,MAR-SYN-0114,cadunico_desatualizado,MAR-SYN-0114-M2,responsavel,39,aposentado,moradia,contrato_e_recibo_aluguel,moradia_alugada,a_validar,MAR-DOC-000909,ok,2025-10,1350.00,1350.00,0.97,nenhuma,sim,hipotese
marista_dom_silverio,bolsa_social_2026,MAR-SYN-0114,cadunico_desatualizado,MAR-SYN-0114-M2,responsavel,39,aposentado,renda,extrato_beneficio_previdenciario,comprovacao_de_renda_detalhada_no_anexo,a_validar,MAR-DOC-000910,ok,2025-08|2025-09|2025-10,4468.00,4468.00,0.97,nenhuma,sim,parcial
marista_dom_silverio,bolsa_social_2026,MAR-SYN-0114,cadunico_desatualizado,MAR-SYN-0114-M2,responsavel,39,aposentado,tributario,irpf_ou_comprovacao_de_nao_declaracao,indicado_na_pesquisa_de_partida,a_validar,MAR-DOC-000911,ok,ultimo_exercicio,nao_se_aplica,nao_se_aplica,0.97,nenhuma,sim,hipotese
marista_dom_silverio,bolsa_social_2026,MAR-SYN-0114,cadunico_desatualizado,MAR-SYN-0114-M2,responsavel,39,aposentado,cadastro_social,folha_resumo_cadunico,criterio_oficial_documento_exato_a_validar,preferencial,MAR-DOC-000912,desatualizado,atual,nao_se_aplica,nao_se_aplica,0.95,solicitar_documento_atualizado,sim,parcial
marista_dom_silverio,bolsa_social_2026,MAR-SYN-0115,dossie_presente,MAR-SYN-0115-M1,candidato,13,estudante,inscricao,formulario_avaliacao_socioeconomica,todo_candidato,obrigatorio,MAR-DOC-000913,ok,2026,nao_se_aplica,nao_se_aplica,0.97,nenhuma,nao,confirmado
marista_dom_silverio,bolsa_social_2026,MAR-SYN-0115,dossie_presente,MAR-SYN-0115-M1,candidato,13,estudante,identificacao,certidao_ou_rg_candidato,documentos_do_candidato_detalhados_no_anexo,a_validar,MAR-DOC-000914,ok,atual,nao_se_aplica,nao_se_aplica,0.97,nenhuma,sim,parcial
marista_dom_silverio,bolsa_social_2026,MAR-SYN-0115,dossie_presente,MAR-SYN-0115-M2,responsavel,40,desempregado,identificacao,rg_cpf_adulto,documentos_do_grupo_detalhados_no_anexo,a_validar,MAR-DOC-000915,ok,atual,nao_se_aplica,nao_se_aplica,0.97,nenhuma,sim,parcial
marista_dom_silverio,bolsa_social_2026,MAR-SYN-0115,dossie_presente,MAR-SYN-0115-M2,responsavel,40,desempregado,residencia,comprovante_endereco,indicado_na_pesquisa_de_partida,a_validar,MAR-DOC-000916,ok,2025-10,nao_se_aplica,nao_se_aplica,0.97,nenhuma,sim,hipotese
marista_dom_silverio,bolsa_social_2026,MAR-SYN-0115,dossie_presente,MAR-SYN-0115-M2,responsavel,40,desempregado,moradia,comprovante_financiamento,moradia_financiada,a_validar,MAR-DOC-000917,ok,2025-10,1350.00,1350.00,0.97,nenhuma,sim,hipotese
marista_dom_silverio,bolsa_social_2026,MAR-SYN-0115,dossie_presente,MAR-SYN-0115-M2,responsavel,40,desempregado,renda,declaracao_sem_renda_e_cnis,comprovacao_de_renda_detalhada_no_anexo,a_validar,MAR-DOC-000918,ok,2025-08|2025-09|2025-10,4605.00,4605.00,0.97,nenhuma,sim,parcial
marista_dom_silverio,bolsa_social_2026,MAR-SYN-0115,dossie_presente,MAR-SYN-0115-M2,responsavel,40,desempregado,tributario,irpf_ou_comprovacao_de_nao_declaracao,indicado_na_pesquisa_de_partida,a_validar,MAR-DOC-000919,ok,ultimo_exercicio,nao_se_aplica,nao_se_aplica,0.97,nenhuma,sim,hipotese
marista_dom_silverio,bolsa_social_2026,MAR-SYN-0115,dossie_presente,MAR-SYN-0115-M2,responsavel,40,desempregado,cadastro_social,folha_resumo_cadunico,criterio_oficial_documento_exato_a_validar,preferencial,MAR-DOC-000920,ok,atual,nao_se_aplica,nao_se_aplica,0.97,nenhuma,sim,parcial
marista_dom_silverio,bolsa_social_2026,MAR-SYN-0116,comprovante_renda_faltante,MAR-SYN-0116-M1,candidato,14,estudante,inscricao,formulario_avaliacao_socioeconomica,todo_candidato,obrigatorio,MAR-DOC-000921,ok,2026,nao_se_aplica,nao_se_aplica,0.97,nenhuma,nao,confirmado
marista_dom_silverio,bolsa_social_2026,MAR-SYN-0116,comprovante_renda_faltante,MAR-SYN-0116-M1,candidato,14,estudante,identificacao,certidao_ou_rg_candidato,documentos_do_candidato_detalhados_no_anexo,a_validar,MAR-DOC-000922,ok,atual,nao_se_aplica,nao_se_aplica,0.97,nenhuma,sim,parcial
marista_dom_silverio,bolsa_social_2026,MAR-SYN-0116,comprovante_renda_faltante,MAR-SYN-0116-M2,responsavel,41,assalariado,identificacao,rg_cpf_adulto,documentos_do_grupo_detalhados_no_anexo,a_validar,MAR-DOC-000923,ok,atual,nao_se_aplica,nao_se_aplica,0.97,nenhuma,sim,parcial
marista_dom_silverio,bolsa_social_2026,MAR-SYN-0116,comprovante_renda_faltante,MAR-SYN-0116-M2,responsavel,41,assalariado,residencia,comprovante_endereco,indicado_na_pesquisa_de_partida,a_validar,MAR-DOC-000924,ok,2025-10,nao_se_aplica,nao_se_aplica,0.97,nenhuma,sim,hipotese
marista_dom_silverio,bolsa_social_2026,MAR-SYN-0116,comprovante_renda_faltante,MAR-SYN-0116-M2,responsavel,41,assalariado,moradia,declaracao_imovel_cedido,moradia_cedida,a_validar,MAR-DOC-000925,ok,2025-10,1350.00,1350.00,0.97,nenhuma,sim,hipotese
marista_dom_silverio,bolsa_social_2026,MAR-SYN-0116,comprovante_renda_faltante,MAR-SYN-0116-M2,responsavel,41,assalariado,renda,contracheques,comprovacao_de_renda_detalhada_no_anexo,a_validar,ausente,faltante,2025-08|2025-09|2025-10,4742.00,nao_extraido,0.00,solicitar_documento_faltante,sim,parcial
marista_dom_silverio,bolsa_social_2026,MAR-SYN-0116,comprovante_renda_faltante,MAR-SYN-0116-M2,responsavel,41,assalariado,tributario,irpf_ou_comprovacao_de_nao_declaracao,indicado_na_pesquisa_de_partida,a_validar,MAR-DOC-000927,ok,ultimo_exercicio,nao_se_aplica,nao_se_aplica,0.97,nenhuma,sim,hipotese
marista_dom_silverio,bolsa_social_2026,MAR-SYN-0116,comprovante_renda_faltante,MAR-SYN-0116-M2,responsavel,41,assalariado,cadastro_social,folha_resumo_cadunico,criterio_oficial_documento_exato_a_validar,preferencial,MAR-DOC-000928,ok,atual,nao_se_aplica,nao_se_aplica,0.97,nenhuma,sim,parcial
marista_dom_silverio,bolsa_social_2026,MAR-SYN-0117,residencia_ilegivel,MAR-SYN-0117-M1,candidato,15,estudante,inscricao,formulario_avaliacao_socioeconomica,todo_candidato,obrigatorio,MAR-DOC-000929,ok,2026,nao_se_aplica,nao_se_aplica,0.97,nenhuma,nao,confirmado
marista_dom_silverio,bolsa_social_2026,MAR-SYN-0117,residencia_ilegivel,MAR-SYN-0117-M1,candidato,15,estudante,identificacao,certidao_ou_rg_candidato,documentos_do_candidato_detalhados_no_anexo,a_validar,MAR-DOC-000930,ok,atual,nao_se_aplica,nao_se_aplica,0.97,nenhuma,sim,parcial
marista_dom_silverio,bolsa_social_2026,MAR-SYN-0117,residencia_ilegivel,MAR-SYN-0117-M2,responsavel,42,trabalhador_informal,identificacao,rg_cpf_adulto,documentos_do_grupo_detalhados_no_anexo,a_validar,MAR-DOC-000931,ok,atual,nao_se_aplica,nao_se_aplica,0.97,nenhuma,sim,parcial
marista_dom_silverio,bolsa_social_2026,MAR-SYN-0117,residencia_ilegivel,MAR-SYN-0117-M2,responsavel,42,trabalhador_informal,residencia,comprovante_endereco,indicado_na_pesquisa_de_partida,a_validar,MAR-DOC-000932,ilegivel,2025-10,nao_se_aplica,nao_se_aplica,0.28,solicitar_arquivo_legivel,sim,hipotese
marista_dom_silverio,bolsa_social_2026,MAR-SYN-0117,residencia_ilegivel,MAR-SYN-0117-M2,responsavel,42,trabalhador_informal,moradia,iptu_ou_irpf,moradia_propria,a_validar,MAR-DOC-000933,ok,2025-10,1350.00,1350.00,0.97,nenhuma,sim,hipotese
marista_dom_silverio,bolsa_social_2026,MAR-SYN-0117,residencia_ilegivel,MAR-SYN-0117-M2,responsavel,42,trabalhador_informal,renda,declaracao_atividade_remunerada,comprovacao_de_renda_detalhada_no_anexo,a_validar,MAR-DOC-000934,ok,2025-08|2025-09|2025-10,4879.00,4879.00,0.97,nenhuma,sim,parcial
marista_dom_silverio,bolsa_social_2026,MAR-SYN-0117,residencia_ilegivel,MAR-SYN-0117-M2,responsavel,42,trabalhador_informal,tributario,irpf_ou_comprovacao_de_nao_declaracao,indicado_na_pesquisa_de_partida,a_validar,MAR-DOC-000935,ok,ultimo_exercicio,nao_se_aplica,nao_se_aplica,0.97,nenhuma,sim,hipotese
marista_dom_silverio,bolsa_social_2026,MAR-SYN-0117,residencia_ilegivel,MAR-SYN-0117-M2,responsavel,42,trabalhador_informal,cadastro_social,folha_resumo_cadunico,criterio_oficial_documento_exato_a_validar,preferencial,MAR-DOC-000936,ok,atual,nao_se_aplica,nao_se_aplica,0.97,nenhuma,sim,parcial
marista_dom_silverio,bolsa_social_2026,MAR-SYN-0118,periodo_de_renda_incompleto,MAR-SYN-0118-M1,candidato,16,estudante,inscricao,formulario_avaliacao_socioeconomica,todo_candidato,obrigatorio,MAR-DOC-000937,ok,2026,nao_se_aplica,nao_se_aplica,0.97,nenhuma,nao,confirmado
marista_dom_silverio,bolsa_social_2026,MAR-SYN-0118,periodo_de_renda_incompleto,MAR-SYN-0118-M1,candidato,16,estudante,identificacao,certidao_ou_rg_candidato,documentos_do_candidato_detalhados_no_anexo,a_validar,MAR-DOC-000938,ok,atual,nao_se_aplica,nao_se_aplica,0.97,nenhuma,sim,parcial
marista_dom_silverio,bolsa_social_2026,MAR-SYN-0118,periodo_de_renda_incompleto,MAR-SYN-0118-M2,responsavel,43,mei,identificacao,rg_cpf_adulto,documentos_do_grupo_detalhados_no_anexo,a_validar,MAR-DOC-000939,ok,atual,nao_se_aplica,nao_se_aplica,0.97,nenhuma,sim,parcial
marista_dom_silverio,bolsa_social_2026,MAR-SYN-0118,periodo_de_renda_incompleto,MAR-SYN-0118-M2,responsavel,43,mei,residencia,comprovante_endereco,indicado_na_pesquisa_de_partida,a_validar,MAR-DOC-000940,ok,2025-10,nao_se_aplica,nao_se_aplica,0.97,nenhuma,sim,hipotese
marista_dom_silverio,bolsa_social_2026,MAR-SYN-0118,periodo_de_renda_incompleto,MAR-SYN-0118-M2,responsavel,43,mei,moradia,contrato_e_recibo_aluguel,moradia_alugada,a_validar,MAR-DOC-000941,ok,2025-10,1350.00,1350.00,0.97,nenhuma,sim,hipotese
marista_dom_silverio,bolsa_social_2026,MAR-SYN-0118,periodo_de_renda_incompleto,MAR-SYN-0118-M2,responsavel,43,mei,renda,dasn_simei,comprovacao_de_renda_detalhada_no_anexo,a_validar,MAR-DOC-000942,periodo_incompleto,2025-08|2025-09|2025-10,5016.00,5016.00,0.89,solicitar_competencias_ausentes,sim,parcial
marista_dom_silverio,bolsa_social_2026,MAR-SYN-0118,periodo_de_renda_incompleto,MAR-SYN-0118-M2,responsavel,43,mei,tributario,irpf_ou_comprovacao_de_nao_declaracao,indicado_na_pesquisa_de_partida,a_validar,MAR-DOC-000943,ok,ultimo_exercicio,nao_se_aplica,nao_se_aplica,0.97,nenhuma,sim,hipotese
marista_dom_silverio,bolsa_social_2026,MAR-SYN-0118,periodo_de_renda_incompleto,MAR-SYN-0118-M2,responsavel,43,mei,cadastro_social,folha_resumo_cadunico,criterio_oficial_documento_exato_a_validar,preferencial,MAR-DOC-000944,ok,atual,nao_se_aplica,nao_se_aplica,0.97,nenhuma,sim,parcial
marista_dom_silverio,bolsa_social_2026,MAR-SYN-0119,renda_declarada_divergente,MAR-SYN-0119-M1,candidato,17,estudante,inscricao,formulario_avaliacao_socioeconomica,todo_candidato,obrigatorio,MAR-DOC-000945,ok,2026,nao_se_aplica,nao_se_aplica,0.97,nenhuma,nao,confirmado
marista_dom_silverio,bolsa_social_2026,MAR-SYN-0119,renda_declarada_divergente,MAR-SYN-0119-M1,candidato,17,estudante,identificacao,certidao_ou_rg_candidato,documentos_do_candidato_detalhados_no_anexo,a_validar,MAR-DOC-000946,ok,atual,nao_se_aplica,nao_se_aplica,0.97,nenhuma,sim,parcial
marista_dom_silverio,bolsa_social_2026,MAR-SYN-0119,renda_declarada_divergente,MAR-SYN-0119-M2,responsavel,44,aposentado,identificacao,rg_cpf_adulto,documentos_do_grupo_detalhados_no_anexo,a_validar,MAR-DOC-000947,ok,atual,nao_se_aplica,nao_se_aplica,0.97,nenhuma,sim,parcial
marista_dom_silverio,bolsa_social_2026,MAR-SYN-0119,renda_declarada_divergente,MAR-SYN-0119-M2,responsavel,44,aposentado,residencia,comprovante_endereco,indicado_na_pesquisa_de_partida,a_validar,MAR-DOC-000948,ok,2025-10,nao_se_aplica,nao_se_aplica,0.97,nenhuma,sim,hipotese
marista_dom_silverio,bolsa_social_2026,MAR-SYN-0119,renda_declarada_divergente,MAR-SYN-0119-M2,responsavel,44,aposentado,moradia,comprovante_financiamento,moradia_financiada,a_validar,MAR-DOC-000949,ok,2025-10,1350.00,1350.00,0.97,nenhuma,sim,hipotese
marista_dom_silverio,bolsa_social_2026,MAR-SYN-0119,renda_declarada_divergente,MAR-SYN-0119-M2,responsavel,44,aposentado,renda,extrato_beneficio_previdenciario,comprovacao_de_renda_detalhada_no_anexo,a_validar,MAR-DOC-000950,divergente,2025-08|2025-09|2025-10,5153.00,5803.00,0.93,comparar_declaracao_e_documento,sim,parcial
marista_dom_silverio,bolsa_social_2026,MAR-SYN-0119,renda_declarada_divergente,MAR-SYN-0119-M2,responsavel,44,aposentado,tributario,irpf_ou_comprovacao_de_nao_declaracao,indicado_na_pesquisa_de_partida,a_validar,MAR-DOC-000951,ok,ultimo_exercicio,nao_se_aplica,nao_se_aplica,0.97,nenhuma,sim,hipotese
marista_dom_silverio,bolsa_social_2026,MAR-SYN-0119,renda_declarada_divergente,MAR-SYN-0119-M2,responsavel,44,aposentado,cadastro_social,folha_resumo_cadunico,criterio_oficial_documento_exato_a_validar,preferencial,MAR-DOC-000952,ok,atual,nao_se_aplica,nao_se_aplica,0.97,nenhuma,sim,parcial
marista_dom_silverio,bolsa_social_2026,MAR-SYN-0120,cadunico_desatualizado,MAR-SYN-0120-M1,candidato,6,estudante,inscricao,formulario_avaliacao_socioeconomica,todo_candidato,obrigatorio,MAR-DOC-000953,ok,2026,nao_se_aplica,nao_se_aplica,0.97,nenhuma,nao,confirmado
marista_dom_silverio,bolsa_social_2026,MAR-SYN-0120,cadunico_desatualizado,MAR-SYN-0120-M1,candidato,6,estudante,identificacao,certidao_ou_rg_candidato,documentos_do_candidato_detalhados_no_anexo,a_validar,MAR-DOC-000954,ok,atual,nao_se_aplica,nao_se_aplica,0.97,nenhuma,sim,parcial
marista_dom_silverio,bolsa_social_2026,MAR-SYN-0120,cadunico_desatualizado,MAR-SYN-0120-M2,responsavel,45,desempregado,identificacao,rg_cpf_adulto,documentos_do_grupo_detalhados_no_anexo,a_validar,MAR-DOC-000955,ok,atual,nao_se_aplica,nao_se_aplica,0.97,nenhuma,sim,parcial
marista_dom_silverio,bolsa_social_2026,MAR-SYN-0120,cadunico_desatualizado,MAR-SYN-0120-M2,responsavel,45,desempregado,residencia,comprovante_endereco,indicado_na_pesquisa_de_partida,a_validar,MAR-DOC-000956,ok,2025-10,nao_se_aplica,nao_se_aplica,0.97,nenhuma,sim,hipotese
marista_dom_silverio,bolsa_social_2026,MAR-SYN-0120,cadunico_desatualizado,MAR-SYN-0120-M2,responsavel,45,desempregado,moradia,declaracao_imovel_cedido,moradia_cedida,a_validar,MAR-DOC-000957,ok,2025-10,1350.00,1350.00,0.97,nenhuma,sim,hipotese
marista_dom_silverio,bolsa_social_2026,MAR-SYN-0120,cadunico_desatualizado,MAR-SYN-0120-M2,responsavel,45,desempregado,renda,declaracao_sem_renda_e_cnis,comprovacao_de_renda_detalhada_no_anexo,a_validar,MAR-DOC-000958,ok,2025-08|2025-09|2025-10,5290.00,5290.00,0.97,nenhuma,sim,parcial
marista_dom_silverio,bolsa_social_2026,MAR-SYN-0120,cadunico_desatualizado,MAR-SYN-0120-M2,responsavel,45,desempregado,tributario,irpf_ou_comprovacao_de_nao_declaracao,indicado_na_pesquisa_de_partida,a_validar,MAR-DOC-000959,ok,ultimo_exercicio,nao_se_aplica,nao_se_aplica,0.97,nenhuma,sim,hipotese
marista_dom_silverio,bolsa_social_2026,MAR-SYN-0120,cadunico_desatualizado,MAR-SYN-0120-M2,responsavel,45,desempregado,cadastro_social,folha_resumo_cadunico,criterio_oficial_documento_exato_a_validar,preferencial,MAR-DOC-000960,desatualizado,atual,nao_se_aplica,nao_se_aplica,0.95,solicitar_documento_atualizado,sim,parcial
marista_dom_silverio,bolsa_social_2026,MAR-SYN-0121,dossie_presente,MAR-SYN-0121-M1,candidato,7,estudante,inscricao,formulario_avaliacao_socioeconomica,todo_candidato,obrigatorio,MAR-DOC-000961,ok,2026,nao_se_aplica,nao_se_aplica,0.97,nenhuma,nao,confirmado
marista_dom_silverio,bolsa_social_2026,MAR-SYN-0121,dossie_presente,MAR-SYN-0121-M1,candidato,7,estudante,identificacao,certidao_ou_rg_candidato,documentos_do_candidato_detalhados_no_anexo,a_validar,MAR-DOC-000962,ok,atual,nao_se_aplica,nao_se_aplica,0.97,nenhuma,sim,parcial
marista_dom_silverio,bolsa_social_2026,MAR-SYN-0121,dossie_presente,MAR-SYN-0121-M2,responsavel,46,assalariado,identificacao,rg_cpf_adulto,documentos_do_grupo_detalhados_no_anexo,a_validar,MAR-DOC-000963,ok,atual,nao_se_aplica,nao_se_aplica,0.97,nenhuma,sim,parcial
marista_dom_silverio,bolsa_social_2026,MAR-SYN-0121,dossie_presente,MAR-SYN-0121-M2,responsavel,46,assalariado,residencia,comprovante_endereco,indicado_na_pesquisa_de_partida,a_validar,MAR-DOC-000964,ok,2025-10,nao_se_aplica,nao_se_aplica,0.97,nenhuma,sim,hipotese
marista_dom_silverio,bolsa_social_2026,MAR-SYN-0121,dossie_presente,MAR-SYN-0121-M2,responsavel,46,assalariado,moradia,iptu_ou_irpf,moradia_propria,a_validar,MAR-DOC-000965,ok,2025-10,1350.00,1350.00,0.97,nenhuma,sim,hipotese
marista_dom_silverio,bolsa_social_2026,MAR-SYN-0121,dossie_presente,MAR-SYN-0121-M2,responsavel,46,assalariado,renda,contracheques,comprovacao_de_renda_detalhada_no_anexo,a_validar,MAR-DOC-000966,ok,2025-08|2025-09|2025-10,5427.00,5427.00,0.97,nenhuma,sim,parcial
marista_dom_silverio,bolsa_social_2026,MAR-SYN-0121,dossie_presente,MAR-SYN-0121-M2,responsavel,46,assalariado,tributario,irpf_ou_comprovacao_de_nao_declaracao,indicado_na_pesquisa_de_partida,a_validar,MAR-DOC-000967,ok,ultimo_exercicio,nao_se_aplica,nao_se_aplica,0.97,nenhuma,sim,hipotese
marista_dom_silverio,bolsa_social_2026,MAR-SYN-0121,dossie_presente,MAR-SYN-0121-M2,responsavel,46,assalariado,cadastro_social,folha_resumo_cadunico,criterio_oficial_documento_exato_a_validar,preferencial,MAR-DOC-000968,ok,atual,nao_se_aplica,nao_se_aplica,0.97,nenhuma,sim,parcial
marista_dom_silverio,bolsa_social_2026,MAR-SYN-0122,comprovante_renda_faltante,MAR-SYN-0122-M1,candidato,8,estudante,inscricao,formulario_avaliacao_socioeconomica,todo_candidato,obrigatorio,MAR-DOC-000969,ok,2026,nao_se_aplica,nao_se_aplica,0.97,nenhuma,nao,confirmado
marista_dom_silverio,bolsa_social_2026,MAR-SYN-0122,comprovante_renda_faltante,MAR-SYN-0122-M1,candidato,8,estudante,identificacao,certidao_ou_rg_candidato,documentos_do_candidato_detalhados_no_anexo,a_validar,MAR-DOC-000970,ok,atual,nao_se_aplica,nao_se_aplica,0.97,nenhuma,sim,parcial
marista_dom_silverio,bolsa_social_2026,MAR-SYN-0122,comprovante_renda_faltante,MAR-SYN-0122-M2,responsavel,47,trabalhador_informal,identificacao,rg_cpf_adulto,documentos_do_grupo_detalhados_no_anexo,a_validar,MAR-DOC-000971,ok,atual,nao_se_aplica,nao_se_aplica,0.97,nenhuma,sim,parcial
marista_dom_silverio,bolsa_social_2026,MAR-SYN-0122,comprovante_renda_faltante,MAR-SYN-0122-M2,responsavel,47,trabalhador_informal,residencia,comprovante_endereco,indicado_na_pesquisa_de_partida,a_validar,MAR-DOC-000972,ok,2025-10,nao_se_aplica,nao_se_aplica,0.97,nenhuma,sim,hipotese
marista_dom_silverio,bolsa_social_2026,MAR-SYN-0122,comprovante_renda_faltante,MAR-SYN-0122-M2,responsavel,47,trabalhador_informal,moradia,contrato_e_recibo_aluguel,moradia_alugada,a_validar,MAR-DOC-000973,ok,2025-10,1350.00,1350.00,0.97,nenhuma,sim,hipotese
marista_dom_silverio,bolsa_social_2026,MAR-SYN-0122,comprovante_renda_faltante,MAR-SYN-0122-M2,responsavel,47,trabalhador_informal,renda,declaracao_atividade_remunerada,comprovacao_de_renda_detalhada_no_anexo,a_validar,ausente,faltante,2025-08|2025-09|2025-10,5564.00,nao_extraido,0.00,solicitar_documento_faltante,sim,parcial
marista_dom_silverio,bolsa_social_2026,MAR-SYN-0122,comprovante_renda_faltante,MAR-SYN-0122-M2,responsavel,47,trabalhador_informal,tributario,irpf_ou_comprovacao_de_nao_declaracao,indicado_na_pesquisa_de_partida,a_validar,MAR-DOC-000975,ok,ultimo_exercicio,nao_se_aplica,nao_se_aplica,0.97,nenhuma,sim,hipotese
marista_dom_silverio,bolsa_social_2026,MAR-SYN-0122,comprovante_renda_faltante,MAR-SYN-0122-M2,responsavel,47,trabalhador_informal,cadastro_social,folha_resumo_cadunico,criterio_oficial_documento_exato_a_validar,preferencial,MAR-DOC-000976,ok,atual,nao_se_aplica,nao_se_aplica,0.97,nenhuma,sim,parcial
marista_dom_silverio,bolsa_social_2026,MAR-SYN-0123,residencia_ilegivel,MAR-SYN-0123-M1,candidato,9,estudante,inscricao,formulario_avaliacao_socioeconomica,todo_candidato,obrigatorio,MAR-DOC-000977,ok,2026,nao_se_aplica,nao_se_aplica,0.97,nenhuma,nao,confirmado
marista_dom_silverio,bolsa_social_2026,MAR-SYN-0123,residencia_ilegivel,MAR-SYN-0123-M1,candidato,9,estudante,identificacao,certidao_ou_rg_candidato,documentos_do_candidato_detalhados_no_anexo,a_validar,MAR-DOC-000978,ok,atual,nao_se_aplica,nao_se_aplica,0.97,nenhuma,sim,parcial
marista_dom_silverio,bolsa_social_2026,MAR-SYN-0123,residencia_ilegivel,MAR-SYN-0123-M2,responsavel,48,mei,identificacao,rg_cpf_adulto,documentos_do_grupo_detalhados_no_anexo,a_validar,MAR-DOC-000979,ok,atual,nao_se_aplica,nao_se_aplica,0.97,nenhuma,sim,parcial
marista_dom_silverio,bolsa_social_2026,MAR-SYN-0123,residencia_ilegivel,MAR-SYN-0123-M2,responsavel,48,mei,residencia,comprovante_endereco,indicado_na_pesquisa_de_partida,a_validar,MAR-DOC-000980,ilegivel,2025-10,nao_se_aplica,nao_se_aplica,0.28,solicitar_arquivo_legivel,sim,hipotese
marista_dom_silverio,bolsa_social_2026,MAR-SYN-0123,residencia_ilegivel,MAR-SYN-0123-M2,responsavel,48,mei,moradia,comprovante_financiamento,moradia_financiada,a_validar,MAR-DOC-000981,ok,2025-10,1350.00,1350.00,0.97,nenhuma,sim,hipotese
marista_dom_silverio,bolsa_social_2026,MAR-SYN-0123,residencia_ilegivel,MAR-SYN-0123-M2,responsavel,48,mei,renda,dasn_simei,comprovacao_de_renda_detalhada_no_anexo,a_validar,MAR-DOC-000982,ok,2025-08|2025-09|2025-10,1501.00,1501.00,0.97,nenhuma,sim,parcial
marista_dom_silverio,bolsa_social_2026,MAR-SYN-0123,residencia_ilegivel,MAR-SYN-0123-M2,responsavel,48,mei,tributario,irpf_ou_comprovacao_de_nao_declaracao,indicado_na_pesquisa_de_partida,a_validar,MAR-DOC-000983,ok,ultimo_exercicio,nao_se_aplica,nao_se_aplica,0.97,nenhuma,sim,hipotese
marista_dom_silverio,bolsa_social_2026,MAR-SYN-0123,residencia_ilegivel,MAR-SYN-0123-M2,responsavel,48,mei,cadastro_social,folha_resumo_cadunico,criterio_oficial_documento_exato_a_validar,preferencial,MAR-DOC-000984,ok,atual,nao_se_aplica,nao_se_aplica,0.97,nenhuma,sim,parcial
marista_dom_silverio,bolsa_social_2026,MAR-SYN-0124,periodo_de_renda_incompleto,MAR-SYN-0124-M1,candidato,10,estudante,inscricao,formulario_avaliacao_socioeconomica,todo_candidato,obrigatorio,MAR-DOC-000985,ok,2026,nao_se_aplica,nao_se_aplica,0.97,nenhuma,nao,confirmado
marista_dom_silverio,bolsa_social_2026,MAR-SYN-0124,periodo_de_renda_incompleto,MAR-SYN-0124-M1,candidato,10,estudante,identificacao,certidao_ou_rg_candidato,documentos_do_candidato_detalhados_no_anexo,a_validar,MAR-DOC-000986,ok,atual,nao_se_aplica,nao_se_aplica,0.97,nenhuma,sim,parcial
marista_dom_silverio,bolsa_social_2026,MAR-SYN-0124,periodo_de_renda_incompleto,MAR-SYN-0124-M2,responsavel,49,aposentado,identificacao,rg_cpf_adulto,documentos_do_grupo_detalhados_no_anexo,a_validar,MAR-DOC-000987,ok,atual,nao_se_aplica,nao_se_aplica,0.97,nenhuma,sim,parcial
marista_dom_silverio,bolsa_social_2026,MAR-SYN-0124,periodo_de_renda_incompleto,MAR-SYN-0124-M2,responsavel,49,aposentado,residencia,comprovante_endereco,indicado_na_pesquisa_de_partida,a_validar,MAR-DOC-000988,ok,2025-10,nao_se_aplica,nao_se_aplica,0.97,nenhuma,sim,hipotese
marista_dom_silverio,bolsa_social_2026,MAR-SYN-0124,periodo_de_renda_incompleto,MAR-SYN-0124-M2,responsavel,49,aposentado,moradia,declaracao_imovel_cedido,moradia_cedida,a_validar,MAR-DOC-000989,ok,2025-10,1350.00,1350.00,0.97,nenhuma,sim,hipotese
marista_dom_silverio,bolsa_social_2026,MAR-SYN-0124,periodo_de_renda_incompleto,MAR-SYN-0124-M2,responsavel,49,aposentado,renda,extrato_beneficio_previdenciario,comprovacao_de_renda_detalhada_no_anexo,a_validar,MAR-DOC-000990,periodo_incompleto,2025-08|2025-09|2025-10,1638.00,1638.00,0.89,solicitar_competencias_ausentes,sim,parcial
marista_dom_silverio,bolsa_social_2026,MAR-SYN-0124,periodo_de_renda_incompleto,MAR-SYN-0124-M2,responsavel,49,aposentado,tributario,irpf_ou_comprovacao_de_nao_declaracao,indicado_na_pesquisa_de_partida,a_validar,MAR-DOC-000991,ok,ultimo_exercicio,nao_se_aplica,nao_se_aplica,0.97,nenhuma,sim,hipotese
marista_dom_silverio,bolsa_social_2026,MAR-SYN-0124,periodo_de_renda_incompleto,MAR-SYN-0124-M2,responsavel,49,aposentado,cadastro_social,folha_resumo_cadunico,criterio_oficial_documento_exato_a_validar,preferencial,MAR-DOC-000992,ok,atual,nao_se_aplica,nao_se_aplica,0.97,nenhuma,sim,parcial
marista_dom_silverio,bolsa_social_2026,MAR-SYN-0125,renda_declarada_divergente,MAR-SYN-0125-M1,candidato,11,estudante,inscricao,formulario_avaliacao_socioeconomica,todo_candidato,obrigatorio,MAR-DOC-000993,ok,2026,nao_se_aplica,nao_se_aplica,0.97,nenhuma,nao,confirmado
marista_dom_silverio,bolsa_social_2026,MAR-SYN-0125,renda_declarada_divergente,MAR-SYN-0125-M1,candidato,11,estudante,identificacao,certidao_ou_rg_candidato,documentos_do_candidato_detalhados_no_anexo,a_validar,MAR-DOC-000994,ok,atual,nao_se_aplica,nao_se_aplica,0.97,nenhuma,sim,parcial
marista_dom_silverio,bolsa_social_2026,MAR-SYN-0125,renda_declarada_divergente,MAR-SYN-0125-M2,responsavel,50,desempregado,identificacao,rg_cpf_adulto,documentos_do_grupo_detalhados_no_anexo,a_validar,MAR-DOC-000995,ok,atual,nao_se_aplica,nao_se_aplica,0.97,nenhuma,sim,parcial
marista_dom_silverio,bolsa_social_2026,MAR-SYN-0125,renda_declarada_divergente,MAR-SYN-0125-M2,responsavel,50,desempregado,residencia,comprovante_endereco,indicado_na_pesquisa_de_partida,a_validar,MAR-DOC-000996,ok,2025-10,nao_se_aplica,nao_se_aplica,0.97,nenhuma,sim,hipotese
marista_dom_silverio,bolsa_social_2026,MAR-SYN-0125,renda_declarada_divergente,MAR-SYN-0125-M2,responsavel,50,desempregado,moradia,iptu_ou_irpf,moradia_propria,a_validar,MAR-DOC-000997,ok,2025-10,1350.00,1350.00,0.97,nenhuma,sim,hipotese
marista_dom_silverio,bolsa_social_2026,MAR-SYN-0125,renda_declarada_divergente,MAR-SYN-0125-M2,responsavel,50,desempregado,renda,declaracao_sem_renda_e_cnis,comprovacao_de_renda_detalhada_no_anexo,a_validar,MAR-DOC-000998,divergente,2025-08|2025-09|2025-10,1775.00,2425.00,0.93,comparar_declaracao_e_documento,sim,parcial
marista_dom_silverio,bolsa_social_2026,MAR-SYN-0125,renda_declarada_divergente,MAR-SYN-0125-M2,responsavel,50,desempregado,tributario,irpf_ou_comprovacao_de_nao_declaracao,indicado_na_pesquisa_de_partida,a_validar,MAR-DOC-000999,ok,ultimo_exercicio,nao_se_aplica,nao_se_aplica,0.97,nenhuma,sim,hipotese
marista_dom_silverio,bolsa_social_2026,MAR-SYN-0125,renda_declarada_divergente,MAR-SYN-0125-M2,responsavel,50,desempregado,cadastro_social,folha_resumo_cadunico,criterio_oficial_documento_exato_a_validar,preferencial,MAR-DOC-001000,ok,atual,nao_se_aplica,nao_se_aplica,0.97,nenhuma,sim,parcial
